2025-09-18 14:13:56,372 - INFO - Запуск мониторинга PostgreSQL с интервалом 300 секунд
2025-09-18 14:13:56,372 - ERROR - Критическая ошибка в основном цикле: [Errno 2] No such file or directory: 'db_settings.json'
2025-09-18 14:14:50,843 - INFO - Запуск мониторинга PostgreSQL с интервалом 300 секунд
2025-09-18 14:14:50,844 - ERROR - Критическая ошибка в основном цикле: [Errno 2] No such file or directory: 'db_settings.json'
2025-09-18 14:15:36,061 - INFO - Запуск мониторинга PostgreSQL с интервалом 300 секунд
2025-09-18 14:15:36,061 - ERROR - Критическая ошибка в основном цикле: [Errno 2] No such file or directory: 'db_settings.json'
2025-09-18 14:15:59,899 - INFO - Запуск мониторинга PostgreSQL с интервалом 300 секунд
2025-09-18 14:15:59,899 - ERROR - Не указаны логин или пароль для подключения к БД
2025-09-18 14:17:30,434 - INFO - Запуск мониторинга PostgreSQL с интервалом 300 секунд
2025-09-18 14:17:30,436 - ERROR - Ошибка подключения к БД: connection to server at "localhost" (::1), port 5432 failed: Connection refused
	Is the server running on that host and accepting TCP/IP connections?
connection to server at "localhost" (127.0.0.1), port 5432 failed: Connection refused
	Is the server running on that host and accepting TCP/IP connections?

2025-09-18 14:19:34,482 - INFO - Запуск мониторинга PostgreSQL с интервалом 300 секунд
2025-09-18 14:19:34,489 - INFO - PostgreSQL version: PostgreSQL 17.6 (Debian 17.6-1.pgdg13+1) on aarch64-unknown-linux-gnu, compiled by gcc (Debian 14.2.0-19) 14.2.0, 64-bit
2025-09-20 06:32:31,550 - INFO - Запуск мониторинга PostgreSQL с интервалом 300 секунд
2025-09-20 06:32:31,580 - INFO - PostgreSQL version: PostgreSQL 17.6 (Debian 17.6-1.pgdg13+1) on aarch64-unknown-linux-gnu, compiled by gcc (Debian 14.2.0-19) 14.2.0, 64-bit
2025-09-20 06:33:38,836 - INFO - Запуск мониторинга PostgreSQL с интервалом 10 секунд
2025-09-20 06:33:38,842 - INFO - PostgreSQL version: PostgreSQL 17.6 (Debian 17.6-1.pgdg13+1) on aarch64-unknown-linux-gnu, compiled by gcc (Debian 14.2.0-19) 14.2.0, 64-bit
2025-09-20 06:33:48,863 - INFO - PostgreSQL version: PostgreSQL 17.6 (Debian 17.6-1.pgdg13+1) on aarch64-unknown-linux-gnu, compiled by gcc (Debian 14.2.0-19) 14.2.0, 64-bit
2025-09-20 06:33:58,879 - INFO - PostgreSQL version: PostgreSQL 17.6 (Debian 17.6-1.pgdg13+1) on aarch64-unknown-linux-gnu, compiled by gcc (Debian 14.2.0-19) 14.2.0, 64-bit
2025-09-20 06:34:08,912 - ERROR - Ошибка подключения к БД: could not translate host name "postgres" to address: Name or service not known

2025-09-20 06:34:18,921 - INFO - PostgreSQL version: PostgreSQL 17.6 (Debian 17.6-1.pgdg13+1) on aarch64-unknown-linux-gnu, compiled by gcc (Debian 14.2.0-19) 14.2.0, 64-bit
2025-09-20 06:34:28,927 - INFO - PostgreSQL version: PostgreSQL 17.6 (Debian 17.6-1.pgdg13+1) on aarch64-unknown-linux-gnu, compiled by gcc (Debian 14.2.0-19) 14.2.0, 64-bit
2025-09-20 06:34:38,933 - INFO - PostgreSQL version: PostgreSQL 17.6 (Debian 17.6-1.pgdg13+1) on aarch64-unknown-linux-gnu, compiled by gcc (Debian 14.2.0-19) 14.2.0, 64-bit
2025-09-20 06:34:48,937 - INFO - PostgreSQL version: PostgreSQL 17.6 (Debian 17.6-1.pgdg13+1) on aarch64-unknown-linux-gnu, compiled by gcc (Debian 14.2.0-19) 14.2.0, 64-bit
2025-09-20 06:34:58,947 - INFO - PostgreSQL version: PostgreSQL 17.6 (Debian 17.6-1.pgdg13+1) on aarch64-unknown-linux-gnu, compiled by gcc (Debian 14.2.0-19) 14.2.0, 64-bit
2025-09-20 06:35:08,953 - INFO - PostgreSQL version: PostgreSQL 17.6 (Debian 17.6-1.pgdg13+1) on aarch64-unknown-linux-gnu, compiled by gcc (Debian 14.2.0-19) 14.2.0, 64-bit
2025-09-20 06:35:18,970 - INFO - PostgreSQL version: PostgreSQL 17.6 (Debian 17.6-1.pgdg13+1) on aarch64-unknown-linux-gnu, compiled by gcc (Debian 14.2.0-19) 14.2.0, 64-bit
2025-09-20 06:35:28,983 - INFO - PostgreSQL version: PostgreSQL 17.6 (Debian 17.6-1.pgdg13+1) on aarch64-unknown-linux-gnu, compiled by gcc (Debian 14.2.0-19) 14.2.0, 64-bit
2025-09-20 06:35:38,998 - INFO - PostgreSQL version: PostgreSQL 17.6 (Debian 17.6-1.pgdg13+1) on aarch64-unknown-linux-gnu, compiled by gcc (Debian 14.2.0-19) 14.2.0, 64-bit
2025-09-20 06:35:49,011 - INFO - PostgreSQL version: PostgreSQL 17.6 (Debian 17.6-1.pgdg13+1) on aarch64-unknown-linux-gnu, compiled by gcc (Debian 14.2.0-19) 14.2.0, 64-bit
2025-09-20 06:35:59,025 - INFO - PostgreSQL version: PostgreSQL 17.6 (Debian 17.6-1.pgdg13+1) on aarch64-unknown-linux-gnu, compiled by gcc (Debian 14.2.0-19) 14.2.0, 64-bit
2025-09-20 06:36:09,045 - INFO - PostgreSQL version: PostgreSQL 17.6 (Debian 17.6-1.pgdg13+1) on aarch64-unknown-linux-gnu, compiled by gcc (Debian 14.2.0-19) 14.2.0, 64-bit
2025-09-20 06:36:19,061 - INFO - PostgreSQL version: PostgreSQL 17.6 (Debian 17.6-1.pgdg13+1) on aarch64-unknown-linux-gnu, compiled by gcc (Debian 14.2.0-19) 14.2.0, 64-bit
2025-09-20 06:36:29,081 - INFO - PostgreSQL version: PostgreSQL 17.6 (Debian 17.6-1.pgdg13+1) on aarch64-unknown-linux-gnu, compiled by gcc (Debian 14.2.0-19) 14.2.0, 64-bit
2025-09-20 06:36:39,096 - INFO - PostgreSQL version: PostgreSQL 17.6 (Debian 17.6-1.pgdg13+1) on aarch64-unknown-linux-gnu, compiled by gcc (Debian 14.2.0-19) 14.2.0, 64-bit
2025-09-20 06:36:49,117 - INFO - PostgreSQL version: PostgreSQL 17.6 (Debian 17.6-1.pgdg13+1) on aarch64-unknown-linux-gnu, compiled by gcc (Debian 14.2.0-19) 14.2.0, 64-bit
2025-09-20 06:36:59,136 - INFO - PostgreSQL version: PostgreSQL 17.6 (Debian 17.6-1.pgdg13+1) on aarch64-unknown-linux-gnu, compiled by gcc (Debian 14.2.0-19) 14.2.0, 64-bit
2025-09-20 06:37:09,148 - INFO - PostgreSQL version: PostgreSQL 17.6 (Debian 17.6-1.pgdg13+1) on aarch64-unknown-linux-gnu, compiled by gcc (Debian 14.2.0-19) 14.2.0, 64-bit
2025-09-20 06:37:19,158 - INFO - PostgreSQL version: PostgreSQL 17.6 (Debian 17.6-1.pgdg13+1) on aarch64-unknown-linux-gnu, compiled by gcc (Debian 14.2.0-19) 14.2.0, 64-bit
2025-09-20 06:37:29,166 - INFO - PostgreSQL version: PostgreSQL 17.6 (Debian 17.6-1.pgdg13+1) on aarch64-unknown-linux-gnu, compiled by gcc (Debian 14.2.0-19) 14.2.0, 64-bit
2025-09-20 06:37:39,189 - INFO - PostgreSQL version: PostgreSQL 17.6 (Debian 17.6-1.pgdg13+1) on aarch64-unknown-linux-gnu, compiled by gcc (Debian 14.2.0-19) 14.2.0, 64-bit
2025-09-20 06:37:49,210 - INFO - PostgreSQL version: PostgreSQL 17.6 (Debian 17.6-1.pgdg13+1) on aarch64-unknown-linux-gnu, compiled by gcc (Debian 14.2.0-19) 14.2.0, 64-bit
2025-09-20 06:37:59,233 - INFO - PostgreSQL version: PostgreSQL 17.6 (Debian 17.6-1.pgdg13+1) on aarch64-unknown-linux-gnu, compiled by gcc (Debian 14.2.0-19) 14.2.0, 64-bit
2025-09-20 06:38:09,257 - INFO - PostgreSQL version: PostgreSQL 17.6 (Debian 17.6-1.pgdg13+1) on aarch64-unknown-linux-gnu, compiled by gcc (Debian 14.2.0-19) 14.2.0, 64-bit
2025-09-20 06:38:19,279 - INFO - PostgreSQL version: PostgreSQL 17.6 (Debian 17.6-1.pgdg13+1) on aarch64-unknown-linux-gnu, compiled by gcc (Debian 14.2.0-19) 14.2.0, 64-bit
2025-09-20 06:38:29,307 - INFO - PostgreSQL version: PostgreSQL 17.6 (Debian 17.6-1.pgdg13+1) on aarch64-unknown-linux-gnu, compiled by gcc (Debian 14.2.0-19) 14.2.0, 64-bit
2025-09-20 06:38:39,331 - INFO - PostgreSQL version: PostgreSQL 17.6 (Debian 17.6-1.pgdg13+1) on aarch64-unknown-linux-gnu, compiled by gcc (Debian 14.2.0-19) 14.2.0, 64-bit
2025-09-20 06:38:49,354 - INFO - PostgreSQL version: PostgreSQL 17.6 (Debian 17.6-1.pgdg13+1) on aarch64-unknown-linux-gnu, compiled by gcc (Debian 14.2.0-19) 14.2.0, 64-bit
2025-09-20 06:38:59,376 - INFO - PostgreSQL version: PostgreSQL 17.6 (Debian 17.6-1.pgdg13+1) on aarch64-unknown-linux-gnu, compiled by gcc (Debian 14.2.0-19) 14.2.0, 64-bit
2025-09-20 06:39:09,398 - INFO - PostgreSQL version: PostgreSQL 17.6 (Debian 17.6-1.pgdg13+1) on aarch64-unknown-linux-gnu, compiled by gcc (Debian 14.2.0-19) 14.2.0, 64-bit
2025-09-20 06:39:19,420 - INFO - PostgreSQL version: PostgreSQL 17.6 (Debian 17.6-1.pgdg13+1) on aarch64-unknown-linux-gnu, compiled by gcc (Debian 14.2.0-19) 14.2.0, 64-bit
2025-09-20 06:39:29,434 - INFO - PostgreSQL version: PostgreSQL 17.6 (Debian 17.6-1.pgdg13+1) on aarch64-unknown-linux-gnu, compiled by gcc (Debian 14.2.0-19) 14.2.0, 64-bit
2025-09-20 06:39:39,460 - INFO - PostgreSQL version: PostgreSQL 17.6 (Debian 17.6-1.pgdg13+1) on aarch64-unknown-linux-gnu, compiled by gcc (Debian 14.2.0-19) 14.2.0, 64-bit
2025-09-20 06:39:49,482 - INFO - PostgreSQL version: PostgreSQL 17.6 (Debian 17.6-1.pgdg13+1) on aarch64-unknown-linux-gnu, compiled by gcc (Debian 14.2.0-19) 14.2.0, 64-bit
2025-09-20 06:39:59,503 - INFO - PostgreSQL version: PostgreSQL 17.6 (Debian 17.6-1.pgdg13+1) on aarch64-unknown-linux-gnu, compiled by gcc (Debian 14.2.0-19) 14.2.0, 64-bit
2025-09-20 06:40:09,524 - INFO - PostgreSQL version: PostgreSQL 17.6 (Debian 17.6-1.pgdg13+1) on aarch64-unknown-linux-gnu, compiled by gcc (Debian 14.2.0-19) 14.2.0, 64-bit
2025-09-20 06:40:19,545 - INFO - PostgreSQL version: PostgreSQL 17.6 (Debian 17.6-1.pgdg13+1) on aarch64-unknown-linux-gnu, compiled by gcc (Debian 14.2.0-19) 14.2.0, 64-bit
2025-09-20 06:40:29,566 - INFO - PostgreSQL version: PostgreSQL 17.6 (Debian 17.6-1.pgdg13+1) on aarch64-unknown-linux-gnu, compiled by gcc (Debian 14.2.0-19) 14.2.0, 64-bit
2025-09-20 06:40:39,583 - INFO - PostgreSQL version: PostgreSQL 17.6 (Debian 17.6-1.pgdg13+1) on aarch64-unknown-linux-gnu, compiled by gcc (Debian 14.2.0-19) 14.2.0, 64-bit
2025-09-20 06:40:49,613 - INFO - PostgreSQL version: PostgreSQL 17.6 (Debian 17.6-1.pgdg13+1) on aarch64-unknown-linux-gnu, compiled by gcc (Debian 14.2.0-19) 14.2.0, 64-bit
2025-09-20 06:40:59,624 - INFO - PostgreSQL version: PostgreSQL 17.6 (Debian 17.6-1.pgdg13+1) on aarch64-unknown-linux-gnu, compiled by gcc (Debian 14.2.0-19) 14.2.0, 64-bit
2025-09-20 06:41:09,646 - INFO - PostgreSQL version: PostgreSQL 17.6 (Debian 17.6-1.pgdg13+1) on aarch64-unknown-linux-gnu, compiled by gcc (Debian 14.2.0-19) 14.2.0, 64-bit
2025-09-20 06:41:19,668 - INFO - PostgreSQL version: PostgreSQL 17.6 (Debian 17.6-1.pgdg13+1) on aarch64-unknown-linux-gnu, compiled by gcc (Debian 14.2.0-19) 14.2.0, 64-bit
2025-09-20 06:41:29,688 - INFO - PostgreSQL version: PostgreSQL 17.6 (Debian 17.6-1.pgdg13+1) on aarch64-unknown-linux-gnu, compiled by gcc (Debian 14.2.0-19) 14.2.0, 64-bit
2025-09-20 06:41:39,708 - INFO - PostgreSQL version: PostgreSQL 17.6 (Debian 17.6-1.pgdg13+1) on aarch64-unknown-linux-gnu, compiled by gcc (Debian 14.2.0-19) 14.2.0, 64-bit
2025-09-20 06:41:49,726 - INFO - PostgreSQL version: PostgreSQL 17.6 (Debian 17.6-1.pgdg13+1) on aarch64-unknown-linux-gnu, compiled by gcc (Debian 14.2.0-19) 14.2.0, 64-bit
2025-09-20 06:41:59,746 - INFO - PostgreSQL version: PostgreSQL 17.6 (Debian 17.6-1.pgdg13+1) on aarch64-unknown-linux-gnu, compiled by gcc (Debian 14.2.0-19) 14.2.0, 64-bit
2025-09-20 06:42:09,765 - INFO - PostgreSQL version: PostgreSQL 17.6 (Debian 17.6-1.pgdg13+1) on aarch64-unknown-linux-gnu, compiled by gcc (Debian 14.2.0-19) 14.2.0, 64-bit
2025-09-20 06:42:19,784 - INFO - PostgreSQL version: PostgreSQL 17.6 (Debian 17.6-1.pgdg13+1) on aarch64-unknown-linux-gnu, compiled by gcc (Debian 14.2.0-19) 14.2.0, 64-bit
2025-09-20 06:42:29,811 - INFO - PostgreSQL version: PostgreSQL 17.6 (Debian 17.6-1.pgdg13+1) on aarch64-unknown-linux-gnu, compiled by gcc (Debian 14.2.0-19) 14.2.0, 64-bit
2025-09-20 06:42:39,847 - INFO - PostgreSQL version: PostgreSQL 17.6 (Debian 17.6-1.pgdg13+1) on aarch64-unknown-linux-gnu, compiled by gcc (Debian 14.2.0-19) 14.2.0, 64-bit
2025-09-20 06:42:49,867 - INFO - PostgreSQL version: PostgreSQL 17.6 (Debian 17.6-1.pgdg13+1) on aarch64-unknown-linux-gnu, compiled by gcc (Debian 14.2.0-19) 14.2.0, 64-bit
2025-09-20 06:42:59,888 - INFO - PostgreSQL version: PostgreSQL 17.6 (Debian 17.6-1.pgdg13+1) on aarch64-unknown-linux-gnu, compiled by gcc (Debian 14.2.0-19) 14.2.0, 64-bit
2025-09-20 06:43:09,913 - INFO - PostgreSQL version: PostgreSQL 17.6 (Debian 17.6-1.pgdg13+1) on aarch64-unknown-linux-gnu, compiled by gcc (Debian 14.2.0-19) 14.2.0, 64-bit
2025-09-20 06:43:19,931 - INFO - PostgreSQL version: PostgreSQL 17.6 (Debian 17.6-1.pgdg13+1) on aarch64-unknown-linux-gnu, compiled by gcc (Debian 14.2.0-19) 14.2.0, 64-bit
2025-09-20 06:43:29,949 - INFO - PostgreSQL version: PostgreSQL 17.6 (Debian 17.6-1.pgdg13+1) on aarch64-unknown-linux-gnu, compiled by gcc (Debian 14.2.0-19) 14.2.0, 64-bit
2025-09-20 06:43:39,955 - INFO - PostgreSQL version: PostgreSQL 17.6 (Debian 17.6-1.pgdg13+1) on aarch64-unknown-linux-gnu, compiled by gcc (Debian 14.2.0-19) 14.2.0, 64-bit
2025-09-20 06:43:49,977 - INFO - PostgreSQL version: PostgreSQL 17.6 (Debian 17.6-1.pgdg13+1) on aarch64-unknown-linux-gnu, compiled by gcc (Debian 14.2.0-19) 14.2.0, 64-bit
2025-09-20 06:44:00,004 - INFO - PostgreSQL version: PostgreSQL 17.6 (Debian 17.6-1.pgdg13+1) on aarch64-unknown-linux-gnu, compiled by gcc (Debian 14.2.0-19) 14.2.0, 64-bit
2025-09-20 06:44:10,025 - INFO - PostgreSQL version: PostgreSQL 17.6 (Debian 17.6-1.pgdg13+1) on aarch64-unknown-linux-gnu, compiled by gcc (Debian 14.2.0-19) 14.2.0, 64-bit
2025-09-20 06:44:20,047 - INFO - PostgreSQL version: PostgreSQL 17.6 (Debian 17.6-1.pgdg13+1) on aarch64-unknown-linux-gnu, compiled by gcc (Debian 14.2.0-19) 14.2.0, 64-bit
2025-09-20 06:44:30,066 - INFO - PostgreSQL version: PostgreSQL 17.6 (Debian 17.6-1.pgdg13+1) on aarch64-unknown-linux-gnu, compiled by gcc (Debian 14.2.0-19) 14.2.0, 64-bit
2025-09-20 06:44:40,090 - INFO - PostgreSQL version: PostgreSQL 17.6 (Debian 17.6-1.pgdg13+1) on aarch64-unknown-linux-gnu, compiled by gcc (Debian 14.2.0-19) 14.2.0, 64-bit
2025-09-20 06:44:50,112 - INFO - PostgreSQL version: PostgreSQL 17.6 (Debian 17.6-1.pgdg13+1) on aarch64-unknown-linux-gnu, compiled by gcc (Debian 14.2.0-19) 14.2.0, 64-bit
2025-09-20 06:45:00,132 - INFO - PostgreSQL version: PostgreSQL 17.6 (Debian 17.6-1.pgdg13+1) on aarch64-unknown-linux-gnu, compiled by gcc (Debian 14.2.0-19) 14.2.0, 64-bit
2025-09-20 06:45:10,158 - INFO - PostgreSQL version: PostgreSQL 17.6 (Debian 17.6-1.pgdg13+1) on aarch64-unknown-linux-gnu, compiled by gcc (Debian 14.2.0-19) 14.2.0, 64-bit
2025-09-20 06:45:20,212 - INFO - PostgreSQL version: PostgreSQL 17.6 (Debian 17.6-1.pgdg13+1) on aarch64-unknown-linux-gnu, compiled by gcc (Debian 14.2.0-19) 14.2.0, 64-bit
2025-09-20 06:45:30,244 - INFO - PostgreSQL version: PostgreSQL 17.6 (Debian 17.6-1.pgdg13+1) on aarch64-unknown-linux-gnu, compiled by gcc (Debian 14.2.0-19) 14.2.0, 64-bit
2025-09-20 06:45:40,268 - INFO - PostgreSQL version: PostgreSQL 17.6 (Debian 17.6-1.pgdg13+1) on aarch64-unknown-linux-gnu, compiled by gcc (Debian 14.2.0-19) 14.2.0, 64-bit
2025-09-20 06:45:50,287 - INFO - PostgreSQL version: PostgreSQL 17.6 (Debian 17.6-1.pgdg13+1) on aarch64-unknown-linux-gnu, compiled by gcc (Debian 14.2.0-19) 14.2.0, 64-bit
2025-09-20 06:46:00,307 - INFO - PostgreSQL version: PostgreSQL 17.6 (Debian 17.6-1.pgdg13+1) on aarch64-unknown-linux-gnu, compiled by gcc (Debian 14.2.0-19) 14.2.0, 64-bit
2025-09-20 06:46:10,334 - INFO - PostgreSQL version: PostgreSQL 17.6 (Debian 17.6-1.pgdg13+1) on aarch64-unknown-linux-gnu, compiled by gcc (Debian 14.2.0-19) 14.2.0, 64-bit
2025-09-20 06:46:20,354 - INFO - PostgreSQL version: PostgreSQL 17.6 (Debian 17.6-1.pgdg13+1) on aarch64-unknown-linux-gnu, compiled by gcc (Debian 14.2.0-19) 14.2.0, 64-bit
2025-09-20 06:46:30,386 - INFO - PostgreSQL version: PostgreSQL 17.6 (Debian 17.6-1.pgdg13+1) on aarch64-unknown-linux-gnu, compiled by gcc (Debian 14.2.0-19) 14.2.0, 64-bit
2025-09-20 06:46:40,406 - INFO - PostgreSQL version: PostgreSQL 17.6 (Debian 17.6-1.pgdg13+1) on aarch64-unknown-linux-gnu, compiled by gcc (Debian 14.2.0-19) 14.2.0, 64-bit
2025-09-20 06:46:50,425 - INFO - PostgreSQL version: PostgreSQL 17.6 (Debian 17.6-1.pgdg13+1) on aarch64-unknown-linux-gnu, compiled by gcc (Debian 14.2.0-19) 14.2.0, 64-bit
2025-09-20 06:47:00,459 - INFO - PostgreSQL version: PostgreSQL 17.6 (Debian 17.6-1.pgdg13+1) on aarch64-unknown-linux-gnu, compiled by gcc (Debian 14.2.0-19) 14.2.0, 64-bit
2025-09-20 06:47:10,482 - INFO - PostgreSQL version: PostgreSQL 17.6 (Debian 17.6-1.pgdg13+1) on aarch64-unknown-linux-gnu, compiled by gcc (Debian 14.2.0-19) 14.2.0, 64-bit
2025-09-20 06:47:20,501 - INFO - PostgreSQL version: PostgreSQL 17.6 (Debian 17.6-1.pgdg13+1) on aarch64-unknown-linux-gnu, compiled by gcc (Debian 14.2.0-19) 14.2.0, 64-bit
2025-09-20 06:47:30,523 - INFO - PostgreSQL version: PostgreSQL 17.6 (Debian 17.6-1.pgdg13+1) on aarch64-unknown-linux-gnu, compiled by gcc (Debian 14.2.0-19) 14.2.0, 64-bit
2025-09-20 06:47:40,560 - INFO - PostgreSQL version: PostgreSQL 17.6 (Debian 17.6-1.pgdg13+1) on aarch64-unknown-linux-gnu, compiled by gcc (Debian 14.2.0-19) 14.2.0, 64-bit
2025-09-20 06:47:50,579 - INFO - PostgreSQL version: PostgreSQL 17.6 (Debian 17.6-1.pgdg13+1) on aarch64-unknown-linux-gnu, compiled by gcc (Debian 14.2.0-19) 14.2.0, 64-bit
2025-09-20 06:48:00,601 - INFO - PostgreSQL version: PostgreSQL 17.6 (Debian 17.6-1.pgdg13+1) on aarch64-unknown-linux-gnu, compiled by gcc (Debian 14.2.0-19) 14.2.0, 64-bit
2025-09-20 06:48:10,624 - INFO - PostgreSQL version: PostgreSQL 17.6 (Debian 17.6-1.pgdg13+1) on aarch64-unknown-linux-gnu, compiled by gcc (Debian 14.2.0-19) 14.2.0, 64-bit
2025-09-20 06:48:20,643 - INFO - PostgreSQL version: PostgreSQL 17.6 (Debian 17.6-1.pgdg13+1) on aarch64-unknown-linux-gnu, compiled by gcc (Debian 14.2.0-19) 14.2.0, 64-bit
2025-09-20 06:48:30,663 - INFO - PostgreSQL version: PostgreSQL 17.6 (Debian 17.6-1.pgdg13+1) on aarch64-unknown-linux-gnu, compiled by gcc (Debian 14.2.0-19) 14.2.0, 64-bit
2025-09-20 06:48:40,680 - INFO - PostgreSQL version: PostgreSQL 17.6 (Debian 17.6-1.pgdg13+1) on aarch64-unknown-linux-gnu, compiled by gcc (Debian 14.2.0-19) 14.2.0, 64-bit
2025-09-20 06:48:50,700 - INFO - PostgreSQL version: PostgreSQL 17.6 (Debian 17.6-1.pgdg13+1) on aarch64-unknown-linux-gnu, compiled by gcc (Debian 14.2.0-19) 14.2.0, 64-bit
2025-09-20 06:49:00,719 - INFO - PostgreSQL version: PostgreSQL 17.6 (Debian 17.6-1.pgdg13+1) on aarch64-unknown-linux-gnu, compiled by gcc (Debian 14.2.0-19) 14.2.0, 64-bit
2025-09-20 06:49:10,740 - INFO - PostgreSQL version: PostgreSQL 17.6 (Debian 17.6-1.pgdg13+1) on aarch64-unknown-linux-gnu, compiled by gcc (Debian 14.2.0-19) 14.2.0, 64-bit
2025-09-20 06:49:20,758 - INFO - PostgreSQL version: PostgreSQL 17.6 (Debian 17.6-1.pgdg13+1) on aarch64-unknown-linux-gnu, compiled by gcc (Debian 14.2.0-19) 14.2.0, 64-bit
2025-09-20 06:49:30,774 - INFO - PostgreSQL version: PostgreSQL 17.6 (Debian 17.6-1.pgdg13+1) on aarch64-unknown-linux-gnu, compiled by gcc (Debian 14.2.0-19) 14.2.0, 64-bit
2025-09-20 06:49:40,792 - INFO - PostgreSQL version: PostgreSQL 17.6 (Debian 17.6-1.pgdg13+1) on aarch64-unknown-linux-gnu, compiled by gcc (Debian 14.2.0-19) 14.2.0, 64-bit
2025-09-20 06:49:50,816 - INFO - PostgreSQL version: PostgreSQL 17.6 (Debian 17.6-1.pgdg13+1) on aarch64-unknown-linux-gnu, compiled by gcc (Debian 14.2.0-19) 14.2.0, 64-bit
2025-09-20 06:50:00,838 - INFO - PostgreSQL version: PostgreSQL 17.6 (Debian 17.6-1.pgdg13+1) on aarch64-unknown-linux-gnu, compiled by gcc (Debian 14.2.0-19) 14.2.0, 64-bit
2025-09-20 06:50:10,860 - INFO - PostgreSQL version: PostgreSQL 17.6 (Debian 17.6-1.pgdg13+1) on aarch64-unknown-linux-gnu, compiled by gcc (Debian 14.2.0-19) 14.2.0, 64-bit
2025-09-20 06:50:20,884 - INFO - PostgreSQL version: PostgreSQL 17.6 (Debian 17.6-1.pgdg13+1) on aarch64-unknown-linux-gnu, compiled by gcc (Debian 14.2.0-19) 14.2.0, 64-bit
2025-09-20 06:50:30,898 - INFO - PostgreSQL version: PostgreSQL 17.6 (Debian 17.6-1.pgdg13+1) on aarch64-unknown-linux-gnu, compiled by gcc (Debian 14.2.0-19) 14.2.0, 64-bit
2025-09-20 06:50:40,920 - INFO - PostgreSQL version: PostgreSQL 17.6 (Debian 17.6-1.pgdg13+1) on aarch64-unknown-linux-gnu, compiled by gcc (Debian 14.2.0-19) 14.2.0, 64-bit
2025-09-20 06:50:50,941 - INFO - PostgreSQL version: PostgreSQL 17.6 (Debian 17.6-1.pgdg13+1) on aarch64-unknown-linux-gnu, compiled by gcc (Debian 14.2.0-19) 14.2.0, 64-bit
2025-09-20 06:51:00,963 - INFO - PostgreSQL version: PostgreSQL 17.6 (Debian 17.6-1.pgdg13+1) on aarch64-unknown-linux-gnu, compiled by gcc (Debian 14.2.0-19) 14.2.0, 64-bit
2025-09-20 06:51:10,983 - INFO - PostgreSQL version: PostgreSQL 17.6 (Debian 17.6-1.pgdg13+1) on aarch64-unknown-linux-gnu, compiled by gcc (Debian 14.2.0-19) 14.2.0, 64-bit
2025-09-20 06:51:21,005 - INFO - PostgreSQL version: PostgreSQL 17.6 (Debian 17.6-1.pgdg13+1) on aarch64-unknown-linux-gnu, compiled by gcc (Debian 14.2.0-19) 14.2.0, 64-bit
2025-09-20 06:51:31,025 - INFO - PostgreSQL version: PostgreSQL 17.6 (Debian 17.6-1.pgdg13+1) on aarch64-unknown-linux-gnu, compiled by gcc (Debian 14.2.0-19) 14.2.0, 64-bit
2025-09-20 06:51:41,045 - INFO - PostgreSQL version: PostgreSQL 17.6 (Debian 17.6-1.pgdg13+1) on aarch64-unknown-linux-gnu, compiled by gcc (Debian 14.2.0-19) 14.2.0, 64-bit
2025-09-20 06:51:51,066 - INFO - PostgreSQL version: PostgreSQL 17.6 (Debian 17.6-1.pgdg13+1) on aarch64-unknown-linux-gnu, compiled by gcc (Debian 14.2.0-19) 14.2.0, 64-bit
2025-09-20 06:52:01,084 - INFO - PostgreSQL version: PostgreSQL 17.6 (Debian 17.6-1.pgdg13+1) on aarch64-unknown-linux-gnu, compiled by gcc (Debian 14.2.0-19) 14.2.0, 64-bit
2025-09-20 06:52:11,101 - INFO - PostgreSQL version: PostgreSQL 17.6 (Debian 17.6-1.pgdg13+1) on aarch64-unknown-linux-gnu, compiled by gcc (Debian 14.2.0-19) 14.2.0, 64-bit
2025-09-20 06:52:21,119 - INFO - PostgreSQL version: PostgreSQL 17.6 (Debian 17.6-1.pgdg13+1) on aarch64-unknown-linux-gnu, compiled by gcc (Debian 14.2.0-19) 14.2.0, 64-bit
2025-09-20 06:52:31,137 - INFO - PostgreSQL version: PostgreSQL 17.6 (Debian 17.6-1.pgdg13+1) on aarch64-unknown-linux-gnu, compiled by gcc (Debian 14.2.0-19) 14.2.0, 64-bit
2025-09-20 06:52:41,156 - INFO - PostgreSQL version: PostgreSQL 17.6 (Debian 17.6-1.pgdg13+1) on aarch64-unknown-linux-gnu, compiled by gcc (Debian 14.2.0-19) 14.2.0, 64-bit
2025-09-20 06:52:51,177 - INFO - PostgreSQL version: PostgreSQL 17.6 (Debian 17.6-1.pgdg13+1) on aarch64-unknown-linux-gnu, compiled by gcc (Debian 14.2.0-19) 14.2.0, 64-bit
2025-09-20 06:53:01,199 - INFO - PostgreSQL version: PostgreSQL 17.6 (Debian 17.6-1.pgdg13+1) on aarch64-unknown-linux-gnu, compiled by gcc (Debian 14.2.0-19) 14.2.0, 64-bit
2025-09-20 06:53:11,217 - INFO - PostgreSQL version: PostgreSQL 17.6 (Debian 17.6-1.pgdg13+1) on aarch64-unknown-linux-gnu, compiled by gcc (Debian 14.2.0-19) 14.2.0, 64-bit
2025-09-20 06:53:21,236 - INFO - PostgreSQL version: PostgreSQL 17.6 (Debian 17.6-1.pgdg13+1) on aarch64-unknown-linux-gnu, compiled by gcc (Debian 14.2.0-19) 14.2.0, 64-bit
2025-09-20 06:53:31,254 - INFO - PostgreSQL version: PostgreSQL 17.6 (Debian 17.6-1.pgdg13+1) on aarch64-unknown-linux-gnu, compiled by gcc (Debian 14.2.0-19) 14.2.0, 64-bit
2025-09-20 06:53:41,274 - INFO - PostgreSQL version: PostgreSQL 17.6 (Debian 17.6-1.pgdg13+1) on aarch64-unknown-linux-gnu, compiled by gcc (Debian 14.2.0-19) 14.2.0, 64-bit
2025-09-20 06:53:51,293 - INFO - PostgreSQL version: PostgreSQL 17.6 (Debian 17.6-1.pgdg13+1) on aarch64-unknown-linux-gnu, compiled by gcc (Debian 14.2.0-19) 14.2.0, 64-bit
2025-09-20 06:54:01,313 - INFO - PostgreSQL version: PostgreSQL 17.6 (Debian 17.6-1.pgdg13+1) on aarch64-unknown-linux-gnu, compiled by gcc (Debian 14.2.0-19) 14.2.0, 64-bit
2025-09-20 06:54:11,331 - INFO - PostgreSQL version: PostgreSQL 17.6 (Debian 17.6-1.pgdg13+1) on aarch64-unknown-linux-gnu, compiled by gcc (Debian 14.2.0-19) 14.2.0, 64-bit
2025-09-20 06:54:21,356 - INFO - PostgreSQL version: PostgreSQL 17.6 (Debian 17.6-1.pgdg13+1) on aarch64-unknown-linux-gnu, compiled by gcc (Debian 14.2.0-19) 14.2.0, 64-bit
2025-09-20 06:54:31,375 - INFO - PostgreSQL version: PostgreSQL 17.6 (Debian 17.6-1.pgdg13+1) on aarch64-unknown-linux-gnu, compiled by gcc (Debian 14.2.0-19) 14.2.0, 64-bit
2025-09-20 06:54:41,385 - INFO - PostgreSQL version: PostgreSQL 17.6 (Debian 17.6-1.pgdg13+1) on aarch64-unknown-linux-gnu, compiled by gcc (Debian 14.2.0-19) 14.2.0, 64-bit
2025-09-20 06:54:51,403 - INFO - PostgreSQL version: PostgreSQL 17.6 (Debian 17.6-1.pgdg13+1) on aarch64-unknown-linux-gnu, compiled by gcc (Debian 14.2.0-19) 14.2.0, 64-bit
2025-09-20 06:55:01,411 - INFO - PostgreSQL version: PostgreSQL 17.6 (Debian 17.6-1.pgdg13+1) on aarch64-unknown-linux-gnu, compiled by gcc (Debian 14.2.0-19) 14.2.0, 64-bit
2025-09-20 06:55:11,426 - INFO - PostgreSQL version: PostgreSQL 17.6 (Debian 17.6-1.pgdg13+1) on aarch64-unknown-linux-gnu, compiled by gcc (Debian 14.2.0-19) 14.2.0, 64-bit
2025-09-20 06:55:21,446 - INFO - PostgreSQL version: PostgreSQL 17.6 (Debian 17.6-1.pgdg13+1) on aarch64-unknown-linux-gnu, compiled by gcc (Debian 14.2.0-19) 14.2.0, 64-bit
2025-09-20 06:55:31,461 - INFO - PostgreSQL version: PostgreSQL 17.6 (Debian 17.6-1.pgdg13+1) on aarch64-unknown-linux-gnu, compiled by gcc (Debian 14.2.0-19) 14.2.0, 64-bit
2025-09-20 06:55:41,485 - INFO - PostgreSQL version: PostgreSQL 17.6 (Debian 17.6-1.pgdg13+1) on aarch64-unknown-linux-gnu, compiled by gcc (Debian 14.2.0-19) 14.2.0, 64-bit
2025-09-20 06:55:51,511 - INFO - PostgreSQL version: PostgreSQL 17.6 (Debian 17.6-1.pgdg13+1) on aarch64-unknown-linux-gnu, compiled by gcc (Debian 14.2.0-19) 14.2.0, 64-bit
2025-09-20 06:56:01,531 - INFO - PostgreSQL version: PostgreSQL 17.6 (Debian 17.6-1.pgdg13+1) on aarch64-unknown-linux-gnu, compiled by gcc (Debian 14.2.0-19) 14.2.0, 64-bit
2025-09-20 06:56:11,550 - INFO - PostgreSQL version: PostgreSQL 17.6 (Debian 17.6-1.pgdg13+1) on aarch64-unknown-linux-gnu, compiled by gcc (Debian 14.2.0-19) 14.2.0, 64-bit
2025-09-20 06:56:21,572 - INFO - PostgreSQL version: PostgreSQL 17.6 (Debian 17.6-1.pgdg13+1) on aarch64-unknown-linux-gnu, compiled by gcc (Debian 14.2.0-19) 14.2.0, 64-bit
2025-09-20 06:56:31,593 - INFO - PostgreSQL version: PostgreSQL 17.6 (Debian 17.6-1.pgdg13+1) on aarch64-unknown-linux-gnu, compiled by gcc (Debian 14.2.0-19) 14.2.0, 64-bit
2025-09-20 06:56:41,616 - INFO - PostgreSQL version: PostgreSQL 17.6 (Debian 17.6-1.pgdg13+1) on aarch64-unknown-linux-gnu, compiled by gcc (Debian 14.2.0-19) 14.2.0, 64-bit
2025-09-20 06:56:51,639 - INFO - PostgreSQL version: PostgreSQL 17.6 (Debian 17.6-1.pgdg13+1) on aarch64-unknown-linux-gnu, compiled by gcc (Debian 14.2.0-19) 14.2.0, 64-bit
2025-09-20 06:57:01,658 - INFO - PostgreSQL version: PostgreSQL 17.6 (Debian 17.6-1.pgdg13+1) on aarch64-unknown-linux-gnu, compiled by gcc (Debian 14.2.0-19) 14.2.0, 64-bit
2025-09-20 06:57:11,686 - INFO - PostgreSQL version: PostgreSQL 17.6 (Debian 17.6-1.pgdg13+1) on aarch64-unknown-linux-gnu, compiled by gcc (Debian 14.2.0-19) 14.2.0, 64-bit
2025-09-20 06:57:21,709 - INFO - PostgreSQL version: PostgreSQL 17.6 (Debian 17.6-1.pgdg13+1) on aarch64-unknown-linux-gnu, compiled by gcc (Debian 14.2.0-19) 14.2.0, 64-bit
2025-09-20 06:57:31,731 - INFO - PostgreSQL version: PostgreSQL 17.6 (Debian 17.6-1.pgdg13+1) on aarch64-unknown-linux-gnu, compiled by gcc (Debian 14.2.0-19) 14.2.0, 64-bit
2025-09-20 06:57:41,769 - INFO - PostgreSQL version: PostgreSQL 17.6 (Debian 17.6-1.pgdg13+1) on aarch64-unknown-linux-gnu, compiled by gcc (Debian 14.2.0-19) 14.2.0, 64-bit
2025-09-20 06:57:51,792 - INFO - PostgreSQL version: PostgreSQL 17.6 (Debian 17.6-1.pgdg13+1) on aarch64-unknown-linux-gnu, compiled by gcc (Debian 14.2.0-19) 14.2.0, 64-bit
2025-09-20 06:58:01,812 - INFO - PostgreSQL version: PostgreSQL 17.6 (Debian 17.6-1.pgdg13+1) on aarch64-unknown-linux-gnu, compiled by gcc (Debian 14.2.0-19) 14.2.0, 64-bit
2025-09-20 06:58:11,832 - INFO - PostgreSQL version: PostgreSQL 17.6 (Debian 17.6-1.pgdg13+1) on aarch64-unknown-linux-gnu, compiled by gcc (Debian 14.2.0-19) 14.2.0, 64-bit
2025-09-20 06:58:21,857 - INFO - PostgreSQL version: PostgreSQL 17.6 (Debian 17.6-1.pgdg13+1) on aarch64-unknown-linux-gnu, compiled by gcc (Debian 14.2.0-19) 14.2.0, 64-bit
2025-09-20 06:58:31,880 - INFO - PostgreSQL version: PostgreSQL 17.6 (Debian 17.6-1.pgdg13+1) on aarch64-unknown-linux-gnu, compiled by gcc (Debian 14.2.0-19) 14.2.0, 64-bit
2025-09-20 06:58:41,901 - INFO - PostgreSQL version: PostgreSQL 17.6 (Debian 17.6-1.pgdg13+1) on aarch64-unknown-linux-gnu, compiled by gcc (Debian 14.2.0-19) 14.2.0, 64-bit
2025-09-20 06:58:51,928 - INFO - PostgreSQL version: PostgreSQL 17.6 (Debian 17.6-1.pgdg13+1) on aarch64-unknown-linux-gnu, compiled by gcc (Debian 14.2.0-19) 14.2.0, 64-bit
2025-09-20 06:59:01,951 - INFO - PostgreSQL version: PostgreSQL 17.6 (Debian 17.6-1.pgdg13+1) on aarch64-unknown-linux-gnu, compiled by gcc (Debian 14.2.0-19) 14.2.0, 64-bit
2025-09-20 06:59:11,972 - INFO - PostgreSQL version: PostgreSQL 17.6 (Debian 17.6-1.pgdg13+1) on aarch64-unknown-linux-gnu, compiled by gcc (Debian 14.2.0-19) 14.2.0, 64-bit
2025-09-20 06:59:21,994 - INFO - PostgreSQL version: PostgreSQL 17.6 (Debian 17.6-1.pgdg13+1) on aarch64-unknown-linux-gnu, compiled by gcc (Debian 14.2.0-19) 14.2.0, 64-bit
2025-09-20 06:59:32,019 - INFO - PostgreSQL version: PostgreSQL 17.6 (Debian 17.6-1.pgdg13+1) on aarch64-unknown-linux-gnu, compiled by gcc (Debian 14.2.0-19) 14.2.0, 64-bit
2025-09-20 06:59:42,040 - INFO - PostgreSQL version: PostgreSQL 17.6 (Debian 17.6-1.pgdg13+1) on aarch64-unknown-linux-gnu, compiled by gcc (Debian 14.2.0-19) 14.2.0, 64-bit
2025-09-20 06:59:52,058 - INFO - PostgreSQL version: PostgreSQL 17.6 (Debian 17.6-1.pgdg13+1) on aarch64-unknown-linux-gnu, compiled by gcc (Debian 14.2.0-19) 14.2.0, 64-bit
2025-09-20 07:00:02,087 - INFO - PostgreSQL version: PostgreSQL 17.6 (Debian 17.6-1.pgdg13+1) on aarch64-unknown-linux-gnu, compiled by gcc (Debian 14.2.0-19) 14.2.0, 64-bit
2025-09-20 07:00:12,105 - INFO - PostgreSQL version: PostgreSQL 17.6 (Debian 17.6-1.pgdg13+1) on aarch64-unknown-linux-gnu, compiled by gcc (Debian 14.2.0-19) 14.2.0, 64-bit
2025-09-20 07:00:22,117 - INFO - PostgreSQL version: PostgreSQL 17.6 (Debian 17.6-1.pgdg13+1) on aarch64-unknown-linux-gnu, compiled by gcc (Debian 14.2.0-19) 14.2.0, 64-bit
2025-09-20 07:00:32,132 - INFO - PostgreSQL version: PostgreSQL 17.6 (Debian 17.6-1.pgdg13+1) on aarch64-unknown-linux-gnu, compiled by gcc (Debian 14.2.0-19) 14.2.0, 64-bit
2025-09-20 07:00:42,149 - INFO - PostgreSQL version: PostgreSQL 17.6 (Debian 17.6-1.pgdg13+1) on aarch64-unknown-linux-gnu, compiled by gcc (Debian 14.2.0-19) 14.2.0, 64-bit
2025-09-20 07:00:52,167 - INFO - PostgreSQL version: PostgreSQL 17.6 (Debian 17.6-1.pgdg13+1) on aarch64-unknown-linux-gnu, compiled by gcc (Debian 14.2.0-19) 14.2.0, 64-bit
2025-09-20 07:01:02,183 - INFO - PostgreSQL version: PostgreSQL 17.6 (Debian 17.6-1.pgdg13+1) on aarch64-unknown-linux-gnu, compiled by gcc (Debian 14.2.0-19) 14.2.0, 64-bit
2025-09-20 07:01:12,200 - INFO - PostgreSQL version: PostgreSQL 17.6 (Debian 17.6-1.pgdg13+1) on aarch64-unknown-linux-gnu, compiled by gcc (Debian 14.2.0-19) 14.2.0, 64-bit
2025-09-20 07:01:22,218 - INFO - PostgreSQL version: PostgreSQL 17.6 (Debian 17.6-1.pgdg13+1) on aarch64-unknown-linux-gnu, compiled by gcc (Debian 14.2.0-19) 14.2.0, 64-bit
2025-09-20 07:01:32,234 - INFO - PostgreSQL version: PostgreSQL 17.6 (Debian 17.6-1.pgdg13+1) on aarch64-unknown-linux-gnu, compiled by gcc (Debian 14.2.0-19) 14.2.0, 64-bit
2025-09-20 07:01:42,243 - INFO - PostgreSQL version: PostgreSQL 17.6 (Debian 17.6-1.pgdg13+1) on aarch64-unknown-linux-gnu, compiled by gcc (Debian 14.2.0-19) 14.2.0, 64-bit
2025-09-20 07:01:52,260 - INFO - PostgreSQL version: PostgreSQL 17.6 (Debian 17.6-1.pgdg13+1) on aarch64-unknown-linux-gnu, compiled by gcc (Debian 14.2.0-19) 14.2.0, 64-bit
2025-09-20 07:02:02,279 - INFO - PostgreSQL version: PostgreSQL 17.6 (Debian 17.6-1.pgdg13+1) on aarch64-unknown-linux-gnu, compiled by gcc (Debian 14.2.0-19) 14.2.0, 64-bit
2025-09-20 07:02:12,297 - INFO - PostgreSQL version: PostgreSQL 17.6 (Debian 17.6-1.pgdg13+1) on aarch64-unknown-linux-gnu, compiled by gcc (Debian 14.2.0-19) 14.2.0, 64-bit
2025-09-20 07:02:22,317 - INFO - PostgreSQL version: PostgreSQL 17.6 (Debian 17.6-1.pgdg13+1) on aarch64-unknown-linux-gnu, compiled by gcc (Debian 14.2.0-19) 14.2.0, 64-bit
2025-09-20 07:02:32,337 - INFO - PostgreSQL version: PostgreSQL 17.6 (Debian 17.6-1.pgdg13+1) on aarch64-unknown-linux-gnu, compiled by gcc (Debian 14.2.0-19) 14.2.0, 64-bit
2025-09-20 07:02:42,363 - INFO - PostgreSQL version: PostgreSQL 17.6 (Debian 17.6-1.pgdg13+1) on aarch64-unknown-linux-gnu, compiled by gcc (Debian 14.2.0-19) 14.2.0, 64-bit
2025-09-20 07:02:52,386 - INFO - PostgreSQL version: PostgreSQL 17.6 (Debian 17.6-1.pgdg13+1) on aarch64-unknown-linux-gnu, compiled by gcc (Debian 14.2.0-19) 14.2.0, 64-bit
2025-09-20 07:03:02,407 - INFO - PostgreSQL version: PostgreSQL 17.6 (Debian 17.6-1.pgdg13+1) on aarch64-unknown-linux-gnu, compiled by gcc (Debian 14.2.0-19) 14.2.0, 64-bit
2025-09-20 07:03:12,429 - INFO - PostgreSQL version: PostgreSQL 17.6 (Debian 17.6-1.pgdg13+1) on aarch64-unknown-linux-gnu, compiled by gcc (Debian 14.2.0-19) 14.2.0, 64-bit
2025-09-20 07:03:22,454 - INFO - PostgreSQL version: PostgreSQL 17.6 (Debian 17.6-1.pgdg13+1) on aarch64-unknown-linux-gnu, compiled by gcc (Debian 14.2.0-19) 14.2.0, 64-bit
2025-09-20 07:03:32,475 - INFO - PostgreSQL version: PostgreSQL 17.6 (Debian 17.6-1.pgdg13+1) on aarch64-unknown-linux-gnu, compiled by gcc (Debian 14.2.0-19) 14.2.0, 64-bit
2025-09-20 07:03:42,501 - INFO - PostgreSQL version: PostgreSQL 17.6 (Debian 17.6-1.pgdg13+1) on aarch64-unknown-linux-gnu, compiled by gcc (Debian 14.2.0-19) 14.2.0, 64-bit
2025-09-20 07:03:52,545 - INFO - PostgreSQL version: PostgreSQL 17.6 (Debian 17.6-1.pgdg13+1) on aarch64-unknown-linux-gnu, compiled by gcc (Debian 14.2.0-19) 14.2.0, 64-bit
2025-09-20 07:04:02,565 - INFO - PostgreSQL version: PostgreSQL 17.6 (Debian 17.6-1.pgdg13+1) on aarch64-unknown-linux-gnu, compiled by gcc (Debian 14.2.0-19) 14.2.0, 64-bit
2025-09-20 07:04:12,593 - INFO - PostgreSQL version: PostgreSQL 17.6 (Debian 17.6-1.pgdg13+1) on aarch64-unknown-linux-gnu, compiled by gcc (Debian 14.2.0-19) 14.2.0, 64-bit
2025-09-20 07:04:22,614 - INFO - PostgreSQL version: PostgreSQL 17.6 (Debian 17.6-1.pgdg13+1) on aarch64-unknown-linux-gnu, compiled by gcc (Debian 14.2.0-19) 14.2.0, 64-bit
2025-09-20 07:04:32,634 - INFO - PostgreSQL version: PostgreSQL 17.6 (Debian 17.6-1.pgdg13+1) on aarch64-unknown-linux-gnu, compiled by gcc (Debian 14.2.0-19) 14.2.0, 64-bit
2025-09-20 07:04:42,657 - INFO - PostgreSQL version: PostgreSQL 17.6 (Debian 17.6-1.pgdg13+1) on aarch64-unknown-linux-gnu, compiled by gcc (Debian 14.2.0-19) 14.2.0, 64-bit
2025-09-20 07:04:52,680 - INFO - PostgreSQL version: PostgreSQL 17.6 (Debian 17.6-1.pgdg13+1) on aarch64-unknown-linux-gnu, compiled by gcc (Debian 14.2.0-19) 14.2.0, 64-bit
2025-09-20 07:05:02,701 - INFO - PostgreSQL version: PostgreSQL 17.6 (Debian 17.6-1.pgdg13+1) on aarch64-unknown-linux-gnu, compiled by gcc (Debian 14.2.0-19) 14.2.0, 64-bit
2025-09-20 07:05:12,720 - INFO - PostgreSQL version: PostgreSQL 17.6 (Debian 17.6-1.pgdg13+1) on aarch64-unknown-linux-gnu, compiled by gcc (Debian 14.2.0-19) 14.2.0, 64-bit
2025-09-20 07:05:22,742 - INFO - PostgreSQL version: PostgreSQL 17.6 (Debian 17.6-1.pgdg13+1) on aarch64-unknown-linux-gnu, compiled by gcc (Debian 14.2.0-19) 14.2.0, 64-bit
2025-09-20 07:05:32,764 - INFO - PostgreSQL version: PostgreSQL 17.6 (Debian 17.6-1.pgdg13+1) on aarch64-unknown-linux-gnu, compiled by gcc (Debian 14.2.0-19) 14.2.0, 64-bit
2025-09-20 07:05:42,784 - INFO - PostgreSQL version: PostgreSQL 17.6 (Debian 17.6-1.pgdg13+1) on aarch64-unknown-linux-gnu, compiled by gcc (Debian 14.2.0-19) 14.2.0, 64-bit
2025-09-20 07:05:52,808 - INFO - PostgreSQL version: PostgreSQL 17.6 (Debian 17.6-1.pgdg13+1) on aarch64-unknown-linux-gnu, compiled by gcc (Debian 14.2.0-19) 14.2.0, 64-bit
2025-09-20 07:06:02,828 - INFO - PostgreSQL version: PostgreSQL 17.6 (Debian 17.6-1.pgdg13+1) on aarch64-unknown-linux-gnu, compiled by gcc (Debian 14.2.0-19) 14.2.0, 64-bit
2025-09-20 07:06:12,850 - INFO - PostgreSQL version: PostgreSQL 17.6 (Debian 17.6-1.pgdg13+1) on aarch64-unknown-linux-gnu, compiled by gcc (Debian 14.2.0-19) 14.2.0, 64-bit
2025-09-20 07:06:22,872 - INFO - PostgreSQL version: PostgreSQL 17.6 (Debian 17.6-1.pgdg13+1) on aarch64-unknown-linux-gnu, compiled by gcc (Debian 14.2.0-19) 14.2.0, 64-bit
2025-09-20 07:06:32,891 - INFO - PostgreSQL version: PostgreSQL 17.6 (Debian 17.6-1.pgdg13+1) on aarch64-unknown-linux-gnu, compiled by gcc (Debian 14.2.0-19) 14.2.0, 64-bit
2025-09-20 07:06:42,915 - INFO - PostgreSQL version: PostgreSQL 17.6 (Debian 17.6-1.pgdg13+1) on aarch64-unknown-linux-gnu, compiled by gcc (Debian 14.2.0-19) 14.2.0, 64-bit
2025-09-20 07:06:52,942 - INFO - PostgreSQL version: PostgreSQL 17.6 (Debian 17.6-1.pgdg13+1) on aarch64-unknown-linux-gnu, compiled by gcc (Debian 14.2.0-19) 14.2.0, 64-bit
2025-09-20 07:07:02,966 - INFO - PostgreSQL version: PostgreSQL 17.6 (Debian 17.6-1.pgdg13+1) on aarch64-unknown-linux-gnu, compiled by gcc (Debian 14.2.0-19) 14.2.0, 64-bit
2025-09-20 07:07:12,987 - INFO - PostgreSQL version: PostgreSQL 17.6 (Debian 17.6-1.pgdg13+1) on aarch64-unknown-linux-gnu, compiled by gcc (Debian 14.2.0-19) 14.2.0, 64-bit
2025-09-20 07:07:23,012 - INFO - PostgreSQL version: PostgreSQL 17.6 (Debian 17.6-1.pgdg13+1) on aarch64-unknown-linux-gnu, compiled by gcc (Debian 14.2.0-19) 14.2.0, 64-bit
2025-09-20 07:07:33,031 - INFO - PostgreSQL version: PostgreSQL 17.6 (Debian 17.6-1.pgdg13+1) on aarch64-unknown-linux-gnu, compiled by gcc (Debian 14.2.0-19) 14.2.0, 64-bit
2025-09-20 07:07:43,055 - INFO - PostgreSQL version: PostgreSQL 17.6 (Debian 17.6-1.pgdg13+1) on aarch64-unknown-linux-gnu, compiled by gcc (Debian 14.2.0-19) 14.2.0, 64-bit
2025-09-20 07:07:53,080 - INFO - PostgreSQL version: PostgreSQL 17.6 (Debian 17.6-1.pgdg13+1) on aarch64-unknown-linux-gnu, compiled by gcc (Debian 14.2.0-19) 14.2.0, 64-bit
2025-09-20 07:08:03,102 - INFO - PostgreSQL version: PostgreSQL 17.6 (Debian 17.6-1.pgdg13+1) on aarch64-unknown-linux-gnu, compiled by gcc (Debian 14.2.0-19) 14.2.0, 64-bit
2025-09-20 07:08:13,123 - INFO - PostgreSQL version: PostgreSQL 17.6 (Debian 17.6-1.pgdg13+1) on aarch64-unknown-linux-gnu, compiled by gcc (Debian 14.2.0-19) 14.2.0, 64-bit
2025-09-20 07:08:23,145 - INFO - PostgreSQL version: PostgreSQL 17.6 (Debian 17.6-1.pgdg13+1) on aarch64-unknown-linux-gnu, compiled by gcc (Debian 14.2.0-19) 14.2.0, 64-bit
2025-09-20 07:08:33,165 - INFO - PostgreSQL version: PostgreSQL 17.6 (Debian 17.6-1.pgdg13+1) on aarch64-unknown-linux-gnu, compiled by gcc (Debian 14.2.0-19) 14.2.0, 64-bit
2025-09-20 07:08:43,190 - INFO - PostgreSQL version: PostgreSQL 17.6 (Debian 17.6-1.pgdg13+1) on aarch64-unknown-linux-gnu, compiled by gcc (Debian 14.2.0-19) 14.2.0, 64-bit
2025-09-20 07:08:53,214 - INFO - PostgreSQL version: PostgreSQL 17.6 (Debian 17.6-1.pgdg13+1) on aarch64-unknown-linux-gnu, compiled by gcc (Debian 14.2.0-19) 14.2.0, 64-bit
2025-09-20 07:09:03,237 - INFO - PostgreSQL version: PostgreSQL 17.6 (Debian 17.6-1.pgdg13+1) on aarch64-unknown-linux-gnu, compiled by gcc (Debian 14.2.0-19) 14.2.0, 64-bit
2025-09-20 07:09:13,266 - INFO - PostgreSQL version: PostgreSQL 17.6 (Debian 17.6-1.pgdg13+1) on aarch64-unknown-linux-gnu, compiled by gcc (Debian 14.2.0-19) 14.2.0, 64-bit
2025-09-20 07:09:23,289 - INFO - PostgreSQL version: PostgreSQL 17.6 (Debian 17.6-1.pgdg13+1) on aarch64-unknown-linux-gnu, compiled by gcc (Debian 14.2.0-19) 14.2.0, 64-bit
2025-09-20 07:09:33,308 - INFO - PostgreSQL version: PostgreSQL 17.6 (Debian 17.6-1.pgdg13+1) on aarch64-unknown-linux-gnu, compiled by gcc (Debian 14.2.0-19) 14.2.0, 64-bit
2025-09-20 07:09:43,331 - INFO - PostgreSQL version: PostgreSQL 17.6 (Debian 17.6-1.pgdg13+1) on aarch64-unknown-linux-gnu, compiled by gcc (Debian 14.2.0-19) 14.2.0, 64-bit
2025-09-20 07:09:53,355 - INFO - PostgreSQL version: PostgreSQL 17.6 (Debian 17.6-1.pgdg13+1) on aarch64-unknown-linux-gnu, compiled by gcc (Debian 14.2.0-19) 14.2.0, 64-bit
2025-09-20 07:10:03,374 - INFO - PostgreSQL version: PostgreSQL 17.6 (Debian 17.6-1.pgdg13+1) on aarch64-unknown-linux-gnu, compiled by gcc (Debian 14.2.0-19) 14.2.0, 64-bit
2025-09-20 07:10:13,397 - INFO - PostgreSQL version: PostgreSQL 17.6 (Debian 17.6-1.pgdg13+1) on aarch64-unknown-linux-gnu, compiled by gcc (Debian 14.2.0-19) 14.2.0, 64-bit
2025-09-20 07:10:23,419 - INFO - PostgreSQL version: PostgreSQL 17.6 (Debian 17.6-1.pgdg13+1) on aarch64-unknown-linux-gnu, compiled by gcc (Debian 14.2.0-19) 14.2.0, 64-bit
2025-09-20 07:10:33,447 - INFO - PostgreSQL version: PostgreSQL 17.6 (Debian 17.6-1.pgdg13+1) on aarch64-unknown-linux-gnu, compiled by gcc (Debian 14.2.0-19) 14.2.0, 64-bit
2025-09-20 07:10:43,468 - INFO - PostgreSQL version: PostgreSQL 17.6 (Debian 17.6-1.pgdg13+1) on aarch64-unknown-linux-gnu, compiled by gcc (Debian 14.2.0-19) 14.2.0, 64-bit
2025-09-20 07:10:53,490 - INFO - PostgreSQL version: PostgreSQL 17.6 (Debian 17.6-1.pgdg13+1) on aarch64-unknown-linux-gnu, compiled by gcc (Debian 14.2.0-19) 14.2.0, 64-bit
2025-09-20 07:11:03,510 - INFO - PostgreSQL version: PostgreSQL 17.6 (Debian 17.6-1.pgdg13+1) on aarch64-unknown-linux-gnu, compiled by gcc (Debian 14.2.0-19) 14.2.0, 64-bit
2025-09-20 07:11:13,534 - INFO - PostgreSQL version: PostgreSQL 17.6 (Debian 17.6-1.pgdg13+1) on aarch64-unknown-linux-gnu, compiled by gcc (Debian 14.2.0-19) 14.2.0, 64-bit
2025-09-20 07:11:23,552 - INFO - PostgreSQL version: PostgreSQL 17.6 (Debian 17.6-1.pgdg13+1) on aarch64-unknown-linux-gnu, compiled by gcc (Debian 14.2.0-19) 14.2.0, 64-bit
2025-09-20 07:11:33,576 - INFO - PostgreSQL version: PostgreSQL 17.6 (Debian 17.6-1.pgdg13+1) on aarch64-unknown-linux-gnu, compiled by gcc (Debian 14.2.0-19) 14.2.0, 64-bit
2025-09-20 07:11:43,595 - INFO - PostgreSQL version: PostgreSQL 17.6 (Debian 17.6-1.pgdg13+1) on aarch64-unknown-linux-gnu, compiled by gcc (Debian 14.2.0-19) 14.2.0, 64-bit
2025-09-20 07:11:53,611 - INFO - PostgreSQL version: PostgreSQL 17.6 (Debian 17.6-1.pgdg13+1) on aarch64-unknown-linux-gnu, compiled by gcc (Debian 14.2.0-19) 14.2.0, 64-bit
2025-09-20 07:12:03,632 - INFO - PostgreSQL version: PostgreSQL 17.6 (Debian 17.6-1.pgdg13+1) on aarch64-unknown-linux-gnu, compiled by gcc (Debian 14.2.0-19) 14.2.0, 64-bit
2025-09-20 07:12:13,651 - INFO - PostgreSQL version: PostgreSQL 17.6 (Debian 17.6-1.pgdg13+1) on aarch64-unknown-linux-gnu, compiled by gcc (Debian 14.2.0-19) 14.2.0, 64-bit
2025-09-20 07:12:23,669 - INFO - PostgreSQL version: PostgreSQL 17.6 (Debian 17.6-1.pgdg13+1) on aarch64-unknown-linux-gnu, compiled by gcc (Debian 14.2.0-19) 14.2.0, 64-bit
2025-09-20 07:12:33,692 - INFO - PostgreSQL version: PostgreSQL 17.6 (Debian 17.6-1.pgdg13+1) on aarch64-unknown-linux-gnu, compiled by gcc (Debian 14.2.0-19) 14.2.0, 64-bit
2025-09-20 07:12:43,712 - INFO - PostgreSQL version: PostgreSQL 17.6 (Debian 17.6-1.pgdg13+1) on aarch64-unknown-linux-gnu, compiled by gcc (Debian 14.2.0-19) 14.2.0, 64-bit
2025-09-20 07:12:53,731 - INFO - PostgreSQL version: PostgreSQL 17.6 (Debian 17.6-1.pgdg13+1) on aarch64-unknown-linux-gnu, compiled by gcc (Debian 14.2.0-19) 14.2.0, 64-bit
2025-09-20 07:13:03,749 - INFO - PostgreSQL version: PostgreSQL 17.6 (Debian 17.6-1.pgdg13+1) on aarch64-unknown-linux-gnu, compiled by gcc (Debian 14.2.0-19) 14.2.0, 64-bit
2025-09-20 07:13:13,767 - INFO - PostgreSQL version: PostgreSQL 17.6 (Debian 17.6-1.pgdg13+1) on aarch64-unknown-linux-gnu, compiled by gcc (Debian 14.2.0-19) 14.2.0, 64-bit
2025-09-20 07:13:23,787 - INFO - PostgreSQL version: PostgreSQL 17.6 (Debian 17.6-1.pgdg13+1) on aarch64-unknown-linux-gnu, compiled by gcc (Debian 14.2.0-19) 14.2.0, 64-bit
2025-09-20 07:13:33,809 - INFO - PostgreSQL version: PostgreSQL 17.6 (Debian 17.6-1.pgdg13+1) on aarch64-unknown-linux-gnu, compiled by gcc (Debian 14.2.0-19) 14.2.0, 64-bit
2025-09-20 07:13:43,829 - INFO - PostgreSQL version: PostgreSQL 17.6 (Debian 17.6-1.pgdg13+1) on aarch64-unknown-linux-gnu, compiled by gcc (Debian 14.2.0-19) 14.2.0, 64-bit
2025-09-20 07:13:53,850 - INFO - PostgreSQL version: PostgreSQL 17.6 (Debian 17.6-1.pgdg13+1) on aarch64-unknown-linux-gnu, compiled by gcc (Debian 14.2.0-19) 14.2.0, 64-bit
2025-09-20 07:14:03,869 - INFO - PostgreSQL version: PostgreSQL 17.6 (Debian 17.6-1.pgdg13+1) on aarch64-unknown-linux-gnu, compiled by gcc (Debian 14.2.0-19) 14.2.0, 64-bit
2025-09-20 07:14:13,888 - INFO - PostgreSQL version: PostgreSQL 17.6 (Debian 17.6-1.pgdg13+1) on aarch64-unknown-linux-gnu, compiled by gcc (Debian 14.2.0-19) 14.2.0, 64-bit
2025-09-20 07:14:23,907 - INFO - PostgreSQL version: PostgreSQL 17.6 (Debian 17.6-1.pgdg13+1) on aarch64-unknown-linux-gnu, compiled by gcc (Debian 14.2.0-19) 14.2.0, 64-bit
2025-09-20 07:14:33,925 - INFO - PostgreSQL version: PostgreSQL 17.6 (Debian 17.6-1.pgdg13+1) on aarch64-unknown-linux-gnu, compiled by gcc (Debian 14.2.0-19) 14.2.0, 64-bit
2025-09-20 07:14:43,945 - INFO - PostgreSQL version: PostgreSQL 17.6 (Debian 17.6-1.pgdg13+1) on aarch64-unknown-linux-gnu, compiled by gcc (Debian 14.2.0-19) 14.2.0, 64-bit
2025-09-20 07:14:53,960 - INFO - PostgreSQL version: PostgreSQL 17.6 (Debian 17.6-1.pgdg13+1) on aarch64-unknown-linux-gnu, compiled by gcc (Debian 14.2.0-19) 14.2.0, 64-bit
2025-09-20 07:15:03,980 - INFO - PostgreSQL version: PostgreSQL 17.6 (Debian 17.6-1.pgdg13+1) on aarch64-unknown-linux-gnu, compiled by gcc (Debian 14.2.0-19) 14.2.0, 64-bit
2025-09-20 07:15:13,999 - INFO - PostgreSQL version: PostgreSQL 17.6 (Debian 17.6-1.pgdg13+1) on aarch64-unknown-linux-gnu, compiled by gcc (Debian 14.2.0-19) 14.2.0, 64-bit
2025-09-20 07:15:24,020 - INFO - PostgreSQL version: PostgreSQL 17.6 (Debian 17.6-1.pgdg13+1) on aarch64-unknown-linux-gnu, compiled by gcc (Debian 14.2.0-19) 14.2.0, 64-bit
2025-09-20 07:15:34,046 - INFO - PostgreSQL version: PostgreSQL 17.6 (Debian 17.6-1.pgdg13+1) on aarch64-unknown-linux-gnu, compiled by gcc (Debian 14.2.0-19) 14.2.0, 64-bit
2025-09-20 07:15:44,069 - INFO - PostgreSQL version: PostgreSQL 17.6 (Debian 17.6-1.pgdg13+1) on aarch64-unknown-linux-gnu, compiled by gcc (Debian 14.2.0-19) 14.2.0, 64-bit
2025-09-20 07:15:54,088 - INFO - PostgreSQL version: PostgreSQL 17.6 (Debian 17.6-1.pgdg13+1) on aarch64-unknown-linux-gnu, compiled by gcc (Debian 14.2.0-19) 14.2.0, 64-bit
2025-09-20 07:16:04,109 - INFO - PostgreSQL version: PostgreSQL 17.6 (Debian 17.6-1.pgdg13+1) on aarch64-unknown-linux-gnu, compiled by gcc (Debian 14.2.0-19) 14.2.0, 64-bit
2025-09-20 07:16:14,130 - INFO - PostgreSQL version: PostgreSQL 17.6 (Debian 17.6-1.pgdg13+1) on aarch64-unknown-linux-gnu, compiled by gcc (Debian 14.2.0-19) 14.2.0, 64-bit
2025-09-20 07:16:24,149 - INFO - PostgreSQL version: PostgreSQL 17.6 (Debian 17.6-1.pgdg13+1) on aarch64-unknown-linux-gnu, compiled by gcc (Debian 14.2.0-19) 14.2.0, 64-bit
2025-09-20 07:16:34,166 - INFO - PostgreSQL version: PostgreSQL 17.6 (Debian 17.6-1.pgdg13+1) on aarch64-unknown-linux-gnu, compiled by gcc (Debian 14.2.0-19) 14.2.0, 64-bit
2025-09-20 07:16:44,186 - INFO - PostgreSQL version: PostgreSQL 17.6 (Debian 17.6-1.pgdg13+1) on aarch64-unknown-linux-gnu, compiled by gcc (Debian 14.2.0-19) 14.2.0, 64-bit
2025-09-20 07:16:54,205 - INFO - PostgreSQL version: PostgreSQL 17.6 (Debian 17.6-1.pgdg13+1) on aarch64-unknown-linux-gnu, compiled by gcc (Debian 14.2.0-19) 14.2.0, 64-bit
2025-09-20 07:17:02,494 - INFO - Запуск мониторинга PostgreSQL с интервалом 10 секунд
2025-09-20 07:17:02,504 - INFO - PostgreSQL version: PostgreSQL 17.6 (Debian 17.6-1.pgdg13+1) on aarch64-unknown-linux-gnu, compiled by gcc (Debian 14.2.0-19) 14.2.0, 64-bit
2025-09-20 07:17:12,517 - INFO - PostgreSQL version: PostgreSQL 17.6 (Debian 17.6-1.pgdg13+1) on aarch64-unknown-linux-gnu, compiled by gcc (Debian 14.2.0-19) 14.2.0, 64-bit
2025-09-20 07:17:22,533 - INFO - PostgreSQL version: PostgreSQL 17.6 (Debian 17.6-1.pgdg13+1) on aarch64-unknown-linux-gnu, compiled by gcc (Debian 14.2.0-19) 14.2.0, 64-bit
2025-09-20 07:17:45,459 - INFO - Запуск мониторинга PostgreSQL с интервалом 10 секунд
2025-09-20 07:17:45,520 - INFO - PostgreSQL version: PostgreSQL 17.6 (Debian 17.6-1.pgdg13+1) on aarch64-unknown-linux-gnu, compiled by gcc (Debian 14.2.0-19) 14.2.0, 64-bit
2025-09-20 07:17:55,551 - INFO - PostgreSQL version: PostgreSQL 17.6 (Debian 17.6-1.pgdg13+1) on aarch64-unknown-linux-gnu, compiled by gcc (Debian 14.2.0-19) 14.2.0, 64-bit
2025-09-20 07:18:05,573 - INFO - PostgreSQL version: PostgreSQL 17.6 (Debian 17.6-1.pgdg13+1) on aarch64-unknown-linux-gnu, compiled by gcc (Debian 14.2.0-19) 14.2.0, 64-bit
2025-09-20 07:18:15,585 - ERROR - Ошибка подключения к БД: connection to server at "postgres" (172.19.0.2), port 5432 failed: Connection refused
	Is the server running on that host and accepting TCP/IP connections?

2025-09-20 07:18:25,613 - ERROR - Ошибка подключения к БД: could not translate host name "postgres" to address: Name or service not known

2025-09-20 07:18:35,637 - ERROR - Ошибка подключения к БД: could not translate host name "postgres" to address: Name or service not known

2025-09-20 07:18:45,654 - ERROR - Ошибка подключения к БД: could not translate host name "postgres" to address: Name or service not known

2025-09-20 07:18:55,672 - ERROR - Ошибка подключения к БД: could not translate host name "postgres" to address: Name or service not known

2025-09-20 07:19:05,691 - ERROR - Ошибка подключения к БД: could not translate host name "postgres" to address: Name or service not known

2025-09-20 07:19:15,709 - ERROR - Ошибка подключения к БД: could not translate host name "postgres" to address: Name or service not known

2025-09-20 07:19:25,732 - ERROR - Ошибка подключения к БД: could not translate host name "postgres" to address: Name or service not known

2025-09-20 07:19:35,747 - ERROR - Ошибка подключения к БД: could not translate host name "postgres" to address: Name or service not known

2025-09-20 07:19:45,763 - ERROR - Ошибка подключения к БД: could not translate host name "postgres" to address: Name or service not known

2025-09-20 07:19:55,778 - ERROR - Ошибка подключения к БД: could not translate host name "postgres" to address: Name or service not known

2025-09-20 07:20:05,800 - ERROR - Ошибка подключения к БД: could not translate host name "postgres" to address: Name or service not known

2025-09-20 07:20:15,821 - ERROR - Ошибка подключения к БД: could not translate host name "postgres" to address: Name or service not known

2025-09-20 07:20:25,847 - ERROR - Ошибка подключения к БД: could not translate host name "postgres" to address: Name or service not known

2025-09-20 07:20:35,864 - ERROR - Ошибка подключения к БД: could not translate host name "postgres" to address: Name or service not known

2025-09-20 07:20:45,881 - ERROR - Ошибка подключения к БД: could not translate host name "postgres" to address: Name or service not known

2025-09-20 07:20:55,898 - ERROR - Ошибка подключения к БД: could not translate host name "postgres" to address: Name or service not known

2025-09-20 07:21:05,917 - ERROR - Ошибка подключения к БД: could not translate host name "postgres" to address: Name or service not known

2025-09-20 07:21:15,934 - ERROR - Ошибка подключения к БД: could not translate host name "postgres" to address: Name or service not known

2025-09-20 07:21:25,963 - ERROR - Ошибка подключения к БД: could not translate host name "postgres" to address: Name or service not known

2025-09-20 07:21:35,981 - ERROR - Ошибка подключения к БД: could not translate host name "postgres" to address: Name or service not known

2025-09-20 07:21:46,009 - ERROR - Ошибка подключения к БД: could not translate host name "postgres" to address: Name or service not known

2025-09-20 07:21:56,039 - ERROR - Ошибка подключения к БД: could not translate host name "postgres" to address: Name or service not known

2025-09-20 07:22:06,070 - ERROR - Ошибка подключения к БД: could not translate host name "postgres" to address: Name or service not known

2025-09-20 07:22:16,104 - ERROR - Ошибка подключения к БД: could not translate host name "postgres" to address: Name or service not known

2025-09-20 07:22:26,131 - ERROR - Ошибка подключения к БД: could not translate host name "postgres" to address: Name or service not known

2025-09-20 07:22:36,217 - ERROR - Ошибка подключения к БД: could not translate host name "postgres" to address: Name or service not known

2025-09-20 07:22:46,246 - ERROR - Ошибка подключения к БД: could not translate host name "postgres" to address: Name or service not known

2025-09-20 07:22:56,269 - ERROR - Ошибка подключения к БД: could not translate host name "postgres" to address: Name or service not known

2025-09-20 07:23:06,291 - ERROR - Ошибка подключения к БД: could not translate host name "postgres" to address: Name or service not known

2025-09-20 07:23:16,311 - ERROR - Ошибка подключения к БД: could not translate host name "postgres" to address: Name or service not known

2025-09-20 07:23:26,336 - ERROR - Ошибка подключения к БД: could not translate host name "postgres" to address: Name or service not known

2025-09-20 07:23:36,357 - ERROR - Ошибка подключения к БД: could not translate host name "postgres" to address: Name or service not known

2025-09-20 07:23:46,379 - ERROR - Ошибка подключения к БД: could not translate host name "postgres" to address: Name or service not known

2025-09-20 07:23:56,398 - ERROR - Ошибка подключения к БД: could not translate host name "postgres" to address: Name or service not known

2025-09-20 07:24:06,418 - ERROR - Ошибка подключения к БД: could not translate host name "postgres" to address: Name or service not known

2025-09-20 07:24:16,439 - ERROR - Ошибка подключения к БД: could not translate host name "postgres" to address: Name or service not known

2025-09-20 07:24:26,468 - ERROR - Ошибка подключения к БД: could not translate host name "postgres" to address: Name or service not known

2025-09-20 07:24:36,478 - ERROR - Ошибка подключения к БД: could not translate host name "postgres" to address: Name or service not known

2025-09-20 07:24:46,497 - ERROR - Ошибка подключения к БД: could not translate host name "postgres" to address: Name or service not known

2025-09-20 07:24:56,518 - ERROR - Ошибка подключения к БД: could not translate host name "postgres" to address: Name or service not known

2025-09-20 07:25:06,541 - ERROR - Ошибка подключения к БД: could not translate host name "postgres" to address: Name or service not known

2025-09-20 07:25:16,563 - ERROR - Ошибка подключения к БД: could not translate host name "postgres" to address: Name or service not known

2025-09-20 07:25:26,580 - ERROR - Ошибка подключения к БД: could not translate host name "postgres" to address: Name or service not known

2025-09-20 07:25:36,597 - ERROR - Ошибка подключения к БД: could not translate host name "postgres" to address: Name or service not known

2025-09-20 07:25:46,618 - ERROR - Ошибка подключения к БД: could not translate host name "postgres" to address: Name or service not known

2025-09-20 07:25:56,637 - ERROR - Ошибка подключения к БД: could not translate host name "postgres" to address: Name or service not known

2025-09-20 07:26:06,662 - ERROR - Ошибка подключения к БД: could not translate host name "postgres" to address: Name or service not known

2025-09-20 07:26:16,692 - ERROR - Ошибка подключения к БД: could not translate host name "postgres" to address: Name or service not known

2025-09-20 07:26:26,719 - ERROR - Ошибка подключения к БД: could not translate host name "postgres" to address: Name or service not known

2025-09-20 07:26:36,753 - ERROR - Ошибка подключения к БД: could not translate host name "postgres" to address: Name or service not known

2025-09-20 07:26:46,786 - ERROR - Ошибка подключения к БД: could not translate host name "postgres" to address: Name or service not known

2025-09-20 07:26:56,816 - ERROR - Ошибка подключения к БД: could not translate host name "postgres" to address: Name or service not known

2025-09-20 07:27:06,838 - ERROR - Ошибка подключения к БД: could not translate host name "postgres" to address: Name or service not known

2025-09-20 07:27:16,868 - ERROR - Ошибка подключения к БД: could not translate host name "postgres" to address: Name or service not known

2025-09-20 07:27:26,897 - ERROR - Ошибка подключения к БД: could not translate host name "postgres" to address: Name or service not known

2025-09-20 07:27:36,919 - ERROR - Ошибка подключения к БД: could not translate host name "postgres" to address: Name or service not known

2025-09-20 07:27:46,940 - ERROR - Ошибка подключения к БД: could not translate host name "postgres" to address: Name or service not known

2025-09-20 07:27:56,966 - ERROR - Ошибка подключения к БД: could not translate host name "postgres" to address: Name or service not known

2025-09-20 07:28:06,988 - ERROR - Ошибка подключения к БД: could not translate host name "postgres" to address: Name or service not known

2025-09-20 07:28:17,015 - ERROR - Ошибка подключения к БД: could not translate host name "postgres" to address: Name or service not known

2025-09-20 07:28:27,037 - ERROR - Ошибка подключения к БД: could not translate host name "postgres" to address: Name or service not known

2025-09-20 07:28:37,059 - ERROR - Ошибка подключения к БД: could not translate host name "postgres" to address: Name or service not known

2025-09-20 07:28:47,084 - ERROR - Ошибка подключения к БД: could not translate host name "postgres" to address: Name or service not known

2025-09-20 07:28:57,103 - ERROR - Ошибка подключения к БД: could not translate host name "postgres" to address: Name or service not known

2025-09-20 07:29:07,125 - ERROR - Ошибка подключения к БД: could not translate host name "postgres" to address: Name or service not known

2025-09-20 07:29:17,150 - ERROR - Ошибка подключения к БД: could not translate host name "postgres" to address: Name or service not known

2025-09-20 07:29:27,168 - ERROR - Ошибка подключения к БД: could not translate host name "postgres" to address: Name or service not known

2025-09-20 07:29:37,188 - ERROR - Ошибка подключения к БД: could not translate host name "postgres" to address: Name or service not known

2025-09-20 07:29:47,206 - ERROR - Ошибка подключения к БД: could not translate host name "postgres" to address: Name or service not known

2025-09-20 07:29:57,230 - ERROR - Ошибка подключения к БД: could not translate host name "postgres" to address: Name or service not known

2025-09-20 07:30:07,249 - ERROR - Ошибка подключения к БД: could not translate host name "postgres" to address: Name or service not known

2025-09-20 07:30:17,277 - ERROR - Ошибка подключения к БД: could not translate host name "postgres" to address: Name or service not known

2025-09-20 07:30:27,297 - ERROR - Ошибка подключения к БД: could not translate host name "postgres" to address: Name or service not known

2025-09-20 07:30:37,319 - ERROR - Ошибка подключения к БД: could not translate host name "postgres" to address: Name or service not known

2025-09-20 07:30:47,338 - ERROR - Ошибка подключения к БД: could not translate host name "postgres" to address: Name or service not known

2025-09-20 07:30:57,359 - ERROR - Ошибка подключения к БД: could not translate host name "postgres" to address: Name or service not known

2025-09-20 07:31:07,381 - ERROR - Ошибка подключения к БД: could not translate host name "postgres" to address: Name or service not known

2025-09-20 07:31:17,410 - ERROR - Ошибка подключения к БД: could not translate host name "postgres" to address: Name or service not known

2025-09-20 07:31:27,433 - ERROR - Ошибка подключения к БД: could not translate host name "postgres" to address: Name or service not known

2025-09-20 07:31:37,453 - ERROR - Ошибка подключения к БД: could not translate host name "postgres" to address: Name or service not known

2025-09-20 07:31:47,468 - ERROR - Ошибка подключения к БД: could not translate host name "postgres" to address: Name or service not known

2025-09-20 07:31:57,490 - ERROR - Ошибка подключения к БД: could not translate host name "postgres" to address: Name or service not known

2025-09-20 07:32:07,517 - ERROR - Ошибка подключения к БД: could not translate host name "postgres" to address: Name or service not known

2025-09-20 07:32:17,537 - ERROR - Ошибка подключения к БД: could not translate host name "postgres" to address: Name or service not known

2025-09-20 07:32:27,559 - ERROR - Ошибка подключения к БД: could not translate host name "postgres" to address: Name or service not known

2025-09-20 07:32:37,584 - ERROR - Ошибка подключения к БД: could not translate host name "postgres" to address: Name or service not known

2025-09-20 07:32:47,602 - ERROR - Ошибка подключения к БД: could not translate host name "postgres" to address: Name or service not known

2025-09-20 07:32:57,620 - ERROR - Ошибка подключения к БД: could not translate host name "postgres" to address: Name or service not known

2025-09-20 07:33:07,646 - ERROR - Ошибка подключения к БД: could not translate host name "postgres" to address: Name or service not known

2025-09-20 07:33:17,671 - ERROR - Ошибка подключения к БД: could not translate host name "postgres" to address: Name or service not known

2025-09-20 07:33:27,693 - ERROR - Ошибка подключения к БД: could not translate host name "postgres" to address: Name or service not known

2025-09-20 07:33:37,715 - ERROR - Ошибка подключения к БД: could not translate host name "postgres" to address: Name or service not known

2025-09-20 07:33:47,732 - ERROR - Ошибка подключения к БД: could not translate host name "postgres" to address: Name or service not known

2025-09-20 07:33:57,755 - ERROR - Ошибка подключения к БД: could not translate host name "postgres" to address: Name or service not known

2025-09-20 07:34:07,786 - ERROR - Ошибка подключения к БД: could not translate host name "postgres" to address: Name or service not known

2025-09-20 07:34:17,808 - ERROR - Ошибка подключения к БД: could not translate host name "postgres" to address: Name or service not known

2025-09-20 07:34:27,827 - ERROR - Ошибка подключения к БД: could not translate host name "postgres" to address: Name or service not known

2025-09-20 07:34:37,846 - ERROR - Ошибка подключения к БД: could not translate host name "postgres" to address: Name or service not known

2025-09-20 07:34:47,864 - ERROR - Ошибка подключения к БД: could not translate host name "postgres" to address: Name or service not known

2025-09-20 07:34:57,886 - ERROR - Ошибка подключения к БД: could not translate host name "postgres" to address: Name or service not known

2025-09-20 07:35:07,922 - ERROR - Ошибка подключения к БД: could not translate host name "postgres" to address: Name or service not known

2025-09-20 07:35:17,931 - ERROR - Ошибка подключения к БД: could not translate host name "postgres" to address: Name or service not known

2025-09-20 07:35:27,946 - ERROR - Ошибка подключения к БД: could not translate host name "postgres" to address: Name or service not known

2025-09-20 07:35:37,966 - ERROR - Ошибка подключения к БД: could not translate host name "postgres" to address: Name or service not known

2025-09-20 07:35:47,996 - ERROR - Ошибка подключения к БД: could not translate host name "postgres" to address: Name or service not known

2025-09-20 07:35:58,015 - ERROR - Ошибка подключения к БД: could not translate host name "postgres" to address: Name or service not known

2025-09-20 07:36:08,032 - ERROR - Ошибка подключения к БД: could not translate host name "postgres" to address: Name or service not known

2025-09-20 07:36:18,055 - ERROR - Ошибка подключения к БД: could not translate host name "postgres" to address: Name or service not known

2025-09-20 07:36:28,078 - ERROR - Ошибка подключения к БД: could not translate host name "postgres" to address: Name or service not known

2025-09-20 07:36:38,098 - ERROR - Ошибка подключения к БД: could not translate host name "postgres" to address: Name or service not known

2025-09-20 07:36:48,120 - ERROR - Ошибка подключения к БД: could not translate host name "postgres" to address: Name or service not known

2025-09-20 07:36:58,139 - ERROR - Ошибка подключения к БД: could not translate host name "postgres" to address: Name or service not known

2025-09-20 07:37:08,166 - ERROR - Ошибка подключения к БД: could not translate host name "postgres" to address: Name or service not known

2025-09-20 07:37:18,189 - ERROR - Ошибка подключения к БД: could not translate host name "postgres" to address: Name or service not known

2025-09-20 07:37:28,211 - ERROR - Ошибка подключения к БД: could not translate host name "postgres" to address: Name or service not known

2025-09-20 07:37:38,229 - ERROR - Ошибка подключения к БД: could not translate host name "postgres" to address: Name or service not known

2025-09-20 07:37:48,247 - ERROR - Ошибка подключения к БД: could not translate host name "postgres" to address: Name or service not known

2025-09-20 07:37:58,274 - ERROR - Ошибка подключения к БД: could not translate host name "postgres" to address: Name or service not known

2025-09-20 07:38:08,301 - ERROR - Ошибка подключения к БД: could not translate host name "postgres" to address: Name or service not known

2025-09-20 07:38:18,322 - ERROR - Ошибка подключения к БД: could not translate host name "postgres" to address: Name or service not known

2025-09-20 07:38:28,344 - ERROR - Ошибка подключения к БД: could not translate host name "postgres" to address: Name or service not known

2025-09-20 07:38:38,366 - ERROR - Ошибка подключения к БД: could not translate host name "postgres" to address: Name or service not known

2025-09-20 07:38:48,388 - ERROR - Ошибка подключения к БД: could not translate host name "postgres" to address: Name or service not known

2025-09-20 07:38:58,410 - ERROR - Ошибка подключения к БД: could not translate host name "postgres" to address: Name or service not known

2025-09-20 07:39:08,431 - ERROR - Ошибка подключения к БД: could not translate host name "postgres" to address: Name or service not known

2025-09-20 07:39:18,455 - ERROR - Ошибка подключения к БД: could not translate host name "postgres" to address: Name or service not known

2025-09-20 07:39:28,476 - ERROR - Ошибка подключения к БД: could not translate host name "postgres" to address: Name or service not known

2025-09-20 07:39:38,496 - ERROR - Ошибка подключения к БД: could not translate host name "postgres" to address: Name or service not known

2025-09-20 07:39:48,518 - ERROR - Ошибка подключения к БД: could not translate host name "postgres" to address: Name or service not known

2025-09-20 07:39:58,537 - ERROR - Ошибка подключения к БД: could not translate host name "postgres" to address: Name or service not known

2025-09-20 07:40:08,568 - ERROR - Ошибка подключения к БД: could not translate host name "postgres" to address: Name or service not known

2025-09-20 07:40:18,589 - ERROR - Ошибка подключения к БД: could not translate host name "postgres" to address: Name or service not known

2025-09-20 07:40:28,614 - ERROR - Ошибка подключения к БД: could not translate host name "postgres" to address: Name or service not known

2025-09-20 07:40:38,636 - ERROR - Ошибка подключения к БД: could not translate host name "postgres" to address: Name or service not known

2025-09-20 07:40:48,653 - ERROR - Ошибка подключения к БД: could not translate host name "postgres" to address: Name or service not known

2025-09-20 07:40:58,673 - ERROR - Ошибка подключения к БД: could not translate host name "postgres" to address: Name or service not known

2025-09-20 07:41:08,702 - ERROR - Ошибка подключения к БД: could not translate host name "postgres" to address: Name or service not known

2025-09-20 07:41:18,727 - ERROR - Ошибка подключения к БД: could not translate host name "postgres" to address: Name or service not known

2025-09-20 07:41:28,750 - ERROR - Ошибка подключения к БД: could not translate host name "postgres" to address: Name or service not known

2025-09-20 07:41:38,771 - ERROR - Ошибка подключения к БД: could not translate host name "postgres" to address: Name or service not known

2025-09-20 07:41:48,793 - ERROR - Ошибка подключения к БД: could not translate host name "postgres" to address: Name or service not known

2025-09-20 07:41:58,823 - ERROR - Ошибка подключения к БД: could not translate host name "postgres" to address: Name or service not known

2025-09-20 07:42:08,844 - ERROR - Ошибка подключения к БД: could not translate host name "postgres" to address: Name or service not known

2025-09-20 07:42:18,862 - ERROR - Ошибка подключения к БД: could not translate host name "postgres" to address: Name or service not known

2025-09-20 07:42:28,888 - ERROR - Ошибка подключения к БД: could not translate host name "postgres" to address: Name or service not known

2025-09-20 07:42:38,899 - ERROR - Ошибка подключения к БД: could not translate host name "postgres" to address: Name or service not known

2025-09-20 07:42:48,922 - ERROR - Ошибка подключения к БД: could not translate host name "postgres" to address: Name or service not known

2025-09-20 07:42:58,961 - ERROR - Ошибка подключения к БД: could not translate host name "postgres" to address: Name or service not known

2025-09-20 07:43:08,996 - ERROR - Ошибка подключения к БД: could not translate host name "postgres" to address: Name or service not known

2025-09-20 07:43:19,010 - ERROR - Ошибка подключения к БД: could not translate host name "postgres" to address: Name or service not known

2025-09-20 07:43:29,028 - ERROR - Ошибка подключения к БД: could not translate host name "postgres" to address: Name or service not known

2025-09-20 07:43:39,034 - ERROR - Ошибка подключения к БД: could not translate host name "postgres" to address: Name or service not known

2025-09-20 07:43:49,058 - ERROR - Ошибка подключения к БД: could not translate host name "postgres" to address: Name or service not known

2025-09-20 07:43:59,081 - ERROR - Ошибка подключения к БД: could not translate host name "postgres" to address: Name or service not known

2025-09-20 07:44:09,112 - ERROR - Ошибка подключения к БД: could not translate host name "postgres" to address: Name or service not known

2025-09-20 07:44:19,131 - ERROR - Ошибка подключения к БД: could not translate host name "postgres" to address: Name or service not known

2025-09-20 07:44:29,165 - ERROR - Ошибка подключения к БД: could not translate host name "postgres" to address: Name or service not known

2025-09-20 07:44:39,206 - ERROR - Ошибка подключения к БД: could not translate host name "postgres" to address: Name or service not known

2025-09-20 07:44:49,235 - ERROR - Ошибка подключения к БД: could not translate host name "postgres" to address: Name or service not known

2025-09-20 07:44:59,264 - ERROR - Ошибка подключения к БД: could not translate host name "postgres" to address: Name or service not known

2025-09-20 07:45:09,289 - ERROR - Ошибка подключения к БД: could not translate host name "postgres" to address: Name or service not known

2025-09-20 07:45:19,317 - ERROR - Ошибка подключения к БД: could not translate host name "postgres" to address: Name or service not known

2025-09-20 07:45:29,336 - ERROR - Ошибка подключения к БД: could not translate host name "postgres" to address: Name or service not known

2025-09-20 07:45:39,357 - ERROR - Ошибка подключения к БД: could not translate host name "postgres" to address: Name or service not known

2025-09-20 07:45:49,405 - ERROR - Ошибка подключения к БД: could not translate host name "postgres" to address: Name or service not known

2025-09-20 07:45:59,448 - ERROR - Ошибка подключения к БД: could not translate host name "postgres" to address: Name or service not known

2025-09-20 07:46:09,469 - ERROR - Ошибка подключения к БД: could not translate host name "postgres" to address: Name or service not known

2025-09-20 07:46:19,501 - ERROR - Ошибка подключения к БД: could not translate host name "postgres" to address: Name or service not known

2025-09-20 07:46:29,537 - ERROR - Ошибка подключения к БД: could not translate host name "postgres" to address: Name or service not known

2025-09-20 07:46:39,561 - ERROR - Ошибка подключения к БД: could not translate host name "postgres" to address: Name or service not known

2025-09-20 07:46:49,590 - ERROR - Ошибка подключения к БД: could not translate host name "postgres" to address: Name or service not known

2025-09-20 07:46:59,625 - ERROR - Ошибка подключения к БД: could not translate host name "postgres" to address: Name or service not known

2025-09-20 07:47:09,637 - ERROR - Ошибка подключения к БД: could not translate host name "postgres" to address: Name or service not known

2025-09-20 07:47:19,655 - ERROR - Ошибка подключения к БД: could not translate host name "postgres" to address: Name or service not known

2025-09-20 07:47:29,687 - ERROR - Ошибка подключения к БД: could not translate host name "postgres" to address: Name or service not known

2025-09-20 07:47:39,734 - ERROR - Ошибка подключения к БД: could not translate host name "postgres" to address: Name or service not known

2025-09-20 07:47:49,765 - ERROR - Ошибка подключения к БД: could not translate host name "postgres" to address: Name or service not known

2025-09-20 07:47:59,795 - ERROR - Ошибка подключения к БД: could not translate host name "postgres" to address: Name or service not known

2025-09-20 07:48:09,823 - ERROR - Ошибка подключения к БД: could not translate host name "postgres" to address: Name or service not known

2025-09-20 07:48:19,845 - ERROR - Ошибка подключения к БД: could not translate host name "postgres" to address: Name or service not known

2025-09-20 07:48:29,867 - ERROR - Ошибка подключения к БД: could not translate host name "postgres" to address: Name or service not known

2025-09-20 07:48:39,889 - ERROR - Ошибка подключения к БД: could not translate host name "postgres" to address: Name or service not known

2025-09-20 07:48:49,917 - ERROR - Ошибка подключения к БД: could not translate host name "postgres" to address: Name or service not known

2025-09-20 07:48:59,939 - ERROR - Ошибка подключения к БД: could not translate host name "postgres" to address: Name or service not known

2025-09-20 07:49:09,965 - ERROR - Ошибка подключения к БД: could not translate host name "postgres" to address: Name or service not known

2025-09-20 07:49:19,989 - ERROR - Ошибка подключения к БД: could not translate host name "postgres" to address: Name or service not known

2025-09-20 07:49:30,011 - ERROR - Ошибка подключения к БД: could not translate host name "postgres" to address: Name or service not known

2025-09-20 07:49:40,025 - ERROR - Ошибка подключения к БД: could not translate host name "postgres" to address: Name or service not known

2025-09-20 07:49:50,053 - ERROR - Ошибка подключения к БД: could not translate host name "postgres" to address: Name or service not known

2025-09-20 07:50:00,071 - ERROR - Ошибка подключения к БД: could not translate host name "postgres" to address: Name or service not known

2025-09-20 07:50:10,090 - ERROR - Ошибка подключения к БД: could not translate host name "postgres" to address: Name or service not known

2025-09-20 07:50:20,108 - ERROR - Ошибка подключения к БД: could not translate host name "postgres" to address: Name or service not known

2025-09-20 07:50:30,131 - ERROR - Ошибка подключения к БД: could not translate host name "postgres" to address: Name or service not known

2025-09-20 07:50:40,151 - ERROR - Ошибка подключения к БД: could not translate host name "postgres" to address: Name or service not known

2025-09-20 07:50:50,180 - ERROR - Ошибка подключения к БД: could not translate host name "postgres" to address: Name or service not known

2025-09-20 07:51:00,188 - ERROR - Ошибка подключения к БД: could not translate host name "postgres" to address: Name or service not known

2025-09-20 07:51:10,207 - ERROR - Ошибка подключения к БД: could not translate host name "postgres" to address: Name or service not known

2025-09-20 07:51:20,228 - ERROR - Ошибка подключения к БД: could not translate host name "postgres" to address: Name or service not known

2025-09-20 07:51:30,247 - ERROR - Ошибка подключения к БД: could not translate host name "postgres" to address: Name or service not known

2025-09-20 07:51:40,264 - ERROR - Ошибка подключения к БД: could not translate host name "postgres" to address: Name or service not known

2025-09-20 07:51:50,291 - ERROR - Ошибка подключения к БД: could not translate host name "postgres" to address: Name or service not known

2025-09-20 07:52:00,321 - ERROR - Ошибка подключения к БД: could not translate host name "postgres" to address: Name or service not known

2025-09-20 07:52:10,510 - ERROR - Ошибка подключения к БД: could not translate host name "postgres" to address: Name or service not known

2025-09-20 07:52:20,527 - ERROR - Ошибка подключения к БД: could not translate host name "postgres" to address: Name or service not known

2025-09-20 07:52:30,555 - ERROR - Ошибка подключения к БД: could not translate host name "postgres" to address: Name or service not known

2025-09-20 07:52:40,585 - ERROR - Ошибка подключения к БД: could not translate host name "postgres" to address: Name or service not known

2025-09-20 07:52:50,613 - ERROR - Ошибка подключения к БД: could not translate host name "postgres" to address: Name or service not known

2025-09-20 07:53:00,633 - ERROR - Ошибка подключения к БД: could not translate host name "postgres" to address: Name or service not known

2025-09-20 07:53:10,651 - ERROR - Ошибка подключения к БД: could not translate host name "postgres" to address: Name or service not known

2025-09-20 07:53:20,666 - ERROR - Ошибка подключения к БД: could not translate host name "postgres" to address: Name or service not known

2025-09-20 07:53:30,699 - ERROR - Ошибка подключения к БД: could not translate host name "postgres" to address: Name or service not known

2025-09-20 07:53:40,728 - ERROR - Ошибка подключения к БД: could not translate host name "postgres" to address: Name or service not known

2025-09-20 07:53:50,736 - ERROR - Ошибка подключения к БД: could not translate host name "postgres" to address: Name or service not known

2025-09-20 07:54:00,753 - ERROR - Ошибка подключения к БД: could not translate host name "postgres" to address: Name or service not known

2025-09-20 07:54:10,771 - ERROR - Ошибка подключения к БД: could not translate host name "postgres" to address: Name or service not known

2025-09-20 07:54:20,787 - ERROR - Ошибка подключения к БД: could not translate host name "postgres" to address: Name or service not known

2025-09-20 07:54:30,812 - ERROR - Ошибка подключения к БД: could not translate host name "postgres" to address: Name or service not known

2025-09-20 07:54:40,832 - ERROR - Ошибка подключения к БД: could not translate host name "postgres" to address: Name or service not known

2025-09-20 07:54:50,854 - ERROR - Ошибка подключения к БД: could not translate host name "postgres" to address: Name or service not known

2025-09-20 07:55:00,874 - ERROR - Ошибка подключения к БД: could not translate host name "postgres" to address: Name or service not known

2025-09-20 07:55:10,896 - ERROR - Ошибка подключения к БД: could not translate host name "postgres" to address: Name or service not known

2025-09-20 07:55:20,926 - ERROR - Ошибка подключения к БД: could not translate host name "postgres" to address: Name or service not known

2025-09-20 07:55:30,945 - ERROR - Ошибка подключения к БД: could not translate host name "postgres" to address: Name or service not known

2025-09-20 07:55:40,965 - ERROR - Ошибка подключения к БД: could not translate host name "postgres" to address: Name or service not known

2025-09-20 07:55:50,983 - ERROR - Ошибка подключения к БД: could not translate host name "postgres" to address: Name or service not known

2025-09-20 07:56:01,002 - ERROR - Ошибка подключения к БД: could not translate host name "postgres" to address: Name or service not known

2025-09-20 07:56:11,035 - ERROR - Ошибка подключения к БД: could not translate host name "postgres" to address: Name or service not known

2025-09-20 07:56:21,054 - ERROR - Ошибка подключения к БД: could not translate host name "postgres" to address: Name or service not known

2025-09-20 07:56:31,067 - ERROR - Ошибка подключения к БД: could not translate host name "postgres" to address: Name or service not known

2025-09-20 07:56:41,605 - ERROR - Ошибка подключения к БД: could not translate host name "postgres" to address: Name or service not known

2025-09-20 07:56:51,632 - ERROR - Ошибка подключения к БД: could not translate host name "postgres" to address: Name or service not known

2025-09-20 07:57:01,628 - ERROR - Ошибка подключения к БД: could not translate host name "postgres" to address: Name or service not known

2025-09-20 07:57:12,154 - ERROR - Ошибка подключения к БД: could not translate host name "postgres" to address: Name or service not known

2025-09-20 07:57:22,179 - ERROR - Ошибка подключения к БД: could not translate host name "postgres" to address: Name or service not known

2025-09-20 08:12:33,459 - ERROR - Ошибка подключения к БД: could not translate host name "postgres" to address: Name or service not known

2025-09-20 08:12:43,498 - ERROR - Ошибка подключения к БД: could not translate host name "postgres" to address: Name or service not known

2025-09-20 08:12:53,522 - ERROR - Ошибка подключения к БД: could not translate host name "postgres" to address: Name or service not known

2025-09-20 08:17:27,698 - ERROR - Ошибка подключения к БД: could not translate host name "postgres" to address: Name or service not known

2025-09-20 08:17:37,725 - ERROR - Ошибка подключения к БД: could not translate host name "postgres" to address: Name or service not known

2025-09-20 08:17:47,744 - ERROR - Ошибка подключения к БД: could not translate host name "postgres" to address: Name or service not known

2025-09-20 08:17:57,770 - ERROR - Ошибка подключения к БД: could not translate host name "postgres" to address: Name or service not known

2025-09-20 08:18:07,797 - ERROR - Ошибка подключения к БД: could not translate host name "postgres" to address: Name or service not known

2025-09-20 08:18:17,827 - ERROR - Ошибка подключения к БД: could not translate host name "postgres" to address: Name or service not known

2025-09-20 08:18:27,854 - ERROR - Ошибка подключения к БД: could not translate host name "postgres" to address: Name or service not known

2025-09-20 08:18:37,873 - ERROR - Ошибка подключения к БД: could not translate host name "postgres" to address: Name or service not known

2025-09-20 08:18:47,900 - ERROR - Ошибка подключения к БД: could not translate host name "postgres" to address: Name or service not known

2025-09-20 08:18:57,923 - ERROR - Ошибка подключения к БД: could not translate host name "postgres" to address: Name or service not known

2025-09-20 08:19:07,945 - ERROR - Ошибка подключения к БД: could not translate host name "postgres" to address: Name or service not known

2025-09-20 08:19:17,972 - ERROR - Ошибка подключения к БД: could not translate host name "postgres" to address: Name or service not known

2025-09-20 08:19:27,991 - ERROR - Ошибка подключения к БД: could not translate host name "postgres" to address: Name or service not known

2025-09-20 08:19:38,014 - ERROR - Ошибка подключения к БД: could not translate host name "postgres" to address: Name or service not known

2025-09-20 08:19:48,030 - ERROR - Ошибка подключения к БД: could not translate host name "postgres" to address: Name or service not known

2025-09-20 08:19:58,055 - ERROR - Ошибка подключения к БД: could not translate host name "postgres" to address: Name or service not known

2025-09-20 08:20:08,082 - ERROR - Ошибка подключения к БД: could not translate host name "postgres" to address: Name or service not known

2025-09-20 08:20:18,099 - ERROR - Ошибка подключения к БД: could not translate host name "postgres" to address: Name or service not known

2025-09-20 08:20:28,119 - ERROR - Ошибка подключения к БД: could not translate host name "postgres" to address: Name or service not known

2025-09-20 08:20:38,142 - ERROR - Ошибка подключения к БД: could not translate host name "postgres" to address: Name or service not known

2025-09-20 08:20:48,167 - ERROR - Ошибка подключения к БД: could not translate host name "postgres" to address: Name or service not known

2025-09-20 08:20:58,185 - ERROR - Ошибка подключения к БД: could not translate host name "postgres" to address: Name or service not known

2025-09-20 08:21:08,223 - ERROR - Ошибка подключения к БД: could not translate host name "postgres" to address: Name or service not known

2025-09-20 08:21:18,241 - ERROR - Ошибка подключения к БД: could not translate host name "postgres" to address: Name or service not known

2025-09-20 08:21:28,259 - ERROR - Ошибка подключения к БД: could not translate host name "postgres" to address: Name or service not known

2025-09-20 08:21:38,281 - ERROR - Ошибка подключения к БД: could not translate host name "postgres" to address: Name or service not known

2025-09-20 08:21:48,306 - ERROR - Ошибка подключения к БД: could not translate host name "postgres" to address: Name or service not known

2025-09-20 08:21:58,329 - ERROR - Ошибка подключения к БД: could not translate host name "postgres" to address: Name or service not known

2025-09-20 08:22:08,865 - ERROR - Ошибка подключения к БД: could not translate host name "postgres" to address: Name or service not known

2025-09-20 08:22:19,393 - ERROR - Ошибка подключения к БД: could not translate host name "postgres" to address: Name or service not known

2025-09-20 08:37:29,305 - ERROR - Ошибка подключения к БД: could not translate host name "postgres" to address: Name or service not known

2025-09-20 08:37:39,838 - ERROR - Ошибка подключения к БД: could not translate host name "postgres" to address: Name or service not known

2025-09-20 08:37:49,865 - ERROR - Ошибка подключения к БД: could not translate host name "postgres" to address: Name or service not known

2025-09-20 08:53:00,528 - ERROR - Ошибка подключения к БД: could not translate host name "postgres" to address: Name or service not known

2025-09-20 08:53:11,055 - ERROR - Ошибка подключения к БД: could not translate host name "postgres" to address: Name or service not known

2025-09-20 08:53:21,082 - ERROR - Ошибка подключения к БД: could not translate host name "postgres" to address: Name or service not known

2025-09-20 09:08:31,775 - ERROR - Ошибка подключения к БД: could not translate host name "postgres" to address: Name or service not known

2025-09-20 09:08:42,309 - ERROR - Ошибка подключения к БД: could not translate host name "postgres" to address: Name or service not known

2025-09-20 09:08:52,331 - ERROR - Ошибка подключения к БД: could not translate host name "postgres" to address: Name or service not known

2025-09-20 09:24:02,212 - ERROR - Ошибка подключения к БД: could not translate host name "postgres" to address: Name or service not known

2025-09-20 09:24:12,841 - ERROR - Ошибка подключения к БД: could not translate host name "postgres" to address: Name or service not known

2025-09-20 09:24:22,873 - ERROR - Ошибка подключения к БД: could not translate host name "postgres" to address: Name or service not known

2025-09-20 09:39:34,127 - ERROR - Ошибка подключения к БД: could not translate host name "postgres" to address: Name or service not known

2025-09-20 09:39:44,150 - ERROR - Ошибка подключения к БД: could not translate host name "postgres" to address: Name or service not known

2025-09-20 10:09:55,206 - ERROR - Ошибка подключения к БД: could not translate host name "postgres" to address: Name or service not known

2025-09-20 10:10:05,231 - ERROR - Ошибка подключения к БД: could not translate host name "postgres" to address: Name or service not known

2025-09-20 10:10:15,258 - ERROR - Ошибка подключения к БД: could not translate host name "postgres" to address: Name or service not known

2025-09-20 10:23:12,962 - ERROR - Ошибка подключения к БД: could not translate host name "postgres" to address: Name or service not known

2025-09-20 10:23:22,990 - ERROR - Ошибка подключения к БД: could not translate host name "postgres" to address: Name or service not known

2025-09-20 10:23:33,016 - ERROR - Ошибка подключения к БД: could not translate host name "postgres" to address: Name or service not known

2025-09-20 10:38:43,485 - ERROR - Ошибка подключения к БД: could not translate host name "postgres" to address: Name or service not known

2025-09-20 10:38:53,511 - ERROR - Ошибка подключения к БД: could not translate host name "postgres" to address: Name or service not known

2025-09-20 10:39:03,539 - ERROR - Ошибка подключения к БД: could not translate host name "postgres" to address: Name or service not known

2025-09-20 10:54:12,668 - ERROR - Ошибка подключения к БД: could not translate host name "postgres" to address: Name or service not known

2025-09-20 10:54:22,695 - ERROR - Ошибка подключения к БД: could not translate host name "postgres" to address: Name or service not known

2025-09-20 10:54:33,229 - ERROR - Ошибка подключения к БД: could not translate host name "postgres" to address: Name or service not known

2025-09-20 11:09:43,890 - ERROR - Ошибка подключения к БД: could not translate host name "postgres" to address: Name or service not known

2025-09-20 11:09:53,916 - ERROR - Ошибка подключения к БД: could not translate host name "postgres" to address: Name or service not known

2025-09-20 11:10:04,448 - ERROR - Ошибка подключения к БД: could not translate host name "postgres" to address: Name or service not known

2025-09-20 11:24:21,747 - ERROR - Ошибка подключения к БД: could not translate host name "postgres" to address: Name or service not known

2025-09-20 11:24:32,276 - ERROR - Ошибка подключения к БД: could not translate host name "postgres" to address: Name or service not known

2025-09-20 11:24:42,296 - ERROR - Ошибка подключения к БД: could not translate host name "postgres" to address: Name or service not known

2025-09-20 11:39:52,879 - ERROR - Ошибка подключения к БД: could not translate host name "postgres" to address: Name or service not known

2025-09-20 11:40:03,417 - ERROR - Ошибка подключения к БД: could not translate host name "postgres" to address: Name or service not known

2025-09-20 11:40:13,448 - ERROR - Ошибка подключения к БД: could not translate host name "postgres" to address: Name or service not known

2025-09-20 11:55:24,233 - ERROR - Ошибка подключения к БД: could not translate host name "postgres" to address: Name or service not known

2025-09-20 11:55:34,939 - ERROR - Ошибка подключения к БД: could not translate host name "postgres" to address: Name or service not known

2025-09-20 11:55:44,962 - ERROR - Ошибка подключения к БД: could not translate host name "postgres" to address: Name or service not known

2025-09-20 12:10:55,685 - ERROR - Ошибка подключения к БД: could not translate host name "postgres" to address: Name or service not known

2025-09-20 12:11:06,223 - ERROR - Ошибка подключения к БД: could not translate host name "postgres" to address: Name or service not known

2025-09-20 12:11:16,253 - ERROR - Ошибка подключения к БД: could not translate host name "postgres" to address: Name or service not known

2025-09-20 12:25:34,205 - ERROR - Ошибка подключения к БД: could not translate host name "postgres" to address: Name or service not known

2025-09-20 12:25:44,227 - ERROR - Ошибка подключения к БД: could not translate host name "postgres" to address: Name or service not known

2025-09-20 12:25:54,763 - ERROR - Ошибка подключения к БД: could not translate host name "postgres" to address: Name or service not known

2025-09-20 12:56:04,575 - ERROR - Ошибка подключения к БД: could not translate host name "postgres" to address: Name or service not known

2025-09-20 12:56:14,603 - ERROR - Ошибка подключения к БД: could not translate host name "postgres" to address: Name or service not known

2025-09-20 12:56:25,138 - ERROR - Ошибка подключения к БД: could not translate host name "postgres" to address: Name or service not known

2025-09-20 13:11:35,060 - ERROR - Ошибка подключения к БД: could not translate host name "postgres" to address: Name or service not known

2025-09-20 13:11:45,915 - ERROR - Ошибка подключения к БД: could not translate host name "postgres" to address: Name or service not known

2025-09-20 13:11:55,941 - ERROR - Ошибка подключения к БД: could not translate host name "postgres" to address: Name or service not known

2025-09-20 13:26:27,732 - ERROR - Ошибка подключения к БД: could not translate host name "postgres" to address: Name or service not known

2025-09-20 13:26:38,271 - ERROR - Ошибка подключения к БД: could not translate host name "postgres" to address: Name or service not known

2025-09-20 13:26:48,296 - ERROR - Ошибка подключения к БД: could not translate host name "postgres" to address: Name or service not known

2025-09-20 13:41:59,066 - ERROR - Ошибка подключения к БД: could not translate host name "postgres" to address: Name or service not known

2025-09-20 13:42:09,091 - ERROR - Ошибка подключения к БД: could not translate host name "postgres" to address: Name or service not known

2025-09-20 13:57:19,827 - ERROR - Ошибка подключения к БД: could not translate host name "postgres" to address: Name or service not known

2025-09-20 13:57:30,404 - ERROR - Ошибка подключения к БД: could not translate host name "postgres" to address: Name or service not known

2025-09-20 13:57:40,428 - ERROR - Ошибка подключения к БД: could not translate host name "postgres" to address: Name or service not known

2025-09-20 14:27:12,426 - ERROR - Ошибка подключения к БД: could not translate host name "postgres" to address: Name or service not known

2025-09-20 14:27:22,448 - ERROR - Ошибка подключения к БД: could not translate host name "postgres" to address: Name or service not known

2025-09-20 14:27:33,019 - ERROR - Ошибка подключения к БД: could not translate host name "postgres" to address: Name or service not known

2025-09-20 14:42:43,780 - ERROR - Ошибка подключения к БД: could not translate host name "postgres" to address: Name or service not known

2025-09-20 14:42:53,801 - ERROR - Ошибка подключения к БД: could not translate host name "postgres" to address: Name or service not known

2025-09-20 14:43:04,334 - ERROR - Ошибка подключения к БД: could not translate host name "postgres" to address: Name or service not known

2025-09-20 14:58:14,248 - ERROR - Ошибка подключения к БД: could not translate host name "postgres" to address: Name or service not known

2025-09-20 14:58:24,271 - ERROR - Ошибка подключения к БД: could not translate host name "postgres" to address: Name or service not known

2025-09-20 14:58:34,844 - ERROR - Ошибка подключения к БД: could not translate host name "postgres" to address: Name or service not known

2025-09-20 15:13:45,587 - ERROR - Ошибка подключения к БД: could not translate host name "postgres" to address: Name or service not known

2025-09-20 15:13:55,620 - ERROR - Ошибка подключения к БД: could not translate host name "postgres" to address: Name or service not known

2025-09-20 15:14:06,145 - ERROR - Ошибка подключения к БД: could not translate host name "postgres" to address: Name or service not known

2025-09-20 15:28:21,857 - ERROR - Ошибка подключения к БД: could not translate host name "postgres" to address: Name or service not known

2025-09-20 15:28:31,886 - ERROR - Ошибка подключения к БД: could not translate host name "postgres" to address: Name or service not known

2025-09-20 15:28:42,465 - ERROR - Ошибка подключения к БД: could not translate host name "postgres" to address: Name or service not known

2025-09-20 15:43:52,358 - ERROR - Ошибка подключения к БД: could not translate host name "postgres" to address: Name or service not known

2025-09-20 15:44:02,906 - ERROR - Ошибка подключения к БД: could not translate host name "postgres" to address: Name or service not known

2025-09-20 15:44:12,931 - ERROR - Ошибка подключения к БД: could not translate host name "postgres" to address: Name or service not known

2025-09-20 15:59:22,811 - ERROR - Ошибка подключения к БД: could not translate host name "postgres" to address: Name or service not known

2025-09-20 15:59:33,384 - ERROR - Ошибка подключения к БД: could not translate host name "postgres" to address: Name or service not known

2025-09-20 15:59:43,918 - ERROR - Ошибка подключения к БД: could not translate host name "postgres" to address: Name or service not known

2025-09-20 16:15:54,361 - ERROR - Ошибка подключения к БД: could not translate host name "postgres" to address: Name or service not known

2025-09-20 16:16:04,883 - ERROR - Ошибка подключения к БД: could not translate host name "postgres" to address: Name or service not known

2025-09-20 16:16:14,905 - ERROR - Ошибка подключения к БД: could not translate host name "postgres" to address: Name or service not known

2025-09-20 16:29:31,738 - ERROR - Ошибка подключения к БД: could not translate host name "postgres" to address: Name or service not known

2025-09-20 16:29:42,271 - ERROR - Ошибка подключения к БД: could not translate host name "postgres" to address: Name or service not known

2025-09-20 16:29:52,297 - ERROR - Ошибка подключения к БД: could not translate host name "postgres" to address: Name or service not known

2025-09-20 16:45:03,649 - ERROR - Ошибка подключения к БД: could not translate host name "postgres" to address: Name or service not known

2025-09-20 16:45:13,670 - ERROR - Ошибка подключения к БД: could not translate host name "postgres" to address: Name or service not known

2025-09-20 16:45:25,257 - ERROR - Ошибка подключения к БД: could not translate host name "postgres" to address: Name or service not known

2025-09-20 17:15:34,972 - ERROR - Ошибка подключения к БД: could not translate host name "postgres" to address: Name or service not known

2025-09-20 17:15:44,993 - ERROR - Ошибка подключения к БД: could not translate host name "postgres" to address: Name or service not known

2025-09-20 17:15:55,565 - ERROR - Ошибка подключения к БД: could not translate host name "postgres" to address: Name or service not known

2025-09-20 17:30:20,194 - ERROR - Ошибка подключения к БД: could not translate host name "postgres" to address: Name or service not known

2025-09-20 17:30:31,761 - ERROR - Ошибка подключения к БД: could not translate host name "postgres" to address: Name or service not known

2025-09-20 17:45:42,443 - ERROR - Ошибка подключения к БД: could not translate host name "postgres" to address: Name or service not known

2025-09-20 17:45:52,469 - ERROR - Ошибка подключения к БД: could not translate host name "postgres" to address: Name or service not known

2025-09-20 17:46:02,490 - ERROR - Ошибка подключения к БД: could not translate host name "postgres" to address: Name or service not known

2025-09-20 18:01:13,775 - ERROR - Ошибка подключения к БД: could not translate host name "postgres" to address: Name or service not known

2025-09-20 18:01:23,797 - ERROR - Ошибка подключения к БД: could not translate host name "postgres" to address: Name or service not known

2025-09-20 18:01:34,376 - ERROR - Ошибка подключения к БД: could not translate host name "postgres" to address: Name or service not known

2025-09-20 18:16:44,248 - ERROR - Ошибка подключения к БД: could not translate host name "postgres" to address: Name or service not known

2025-09-20 18:16:54,270 - ERROR - Ошибка подключения к БД: could not translate host name "postgres" to address: Name or service not known

2025-09-20 18:17:04,848 - ERROR - Ошибка подключения к БД: could not translate host name "postgres" to address: Name or service not known

2025-09-20 18:32:14,760 - ERROR - Ошибка подключения к БД: could not translate host name "postgres" to address: Name or service not known

2025-09-20 18:32:24,783 - ERROR - Ошибка подключения к БД: could not translate host name "postgres" to address: Name or service not known

2025-09-20 18:32:35,322 - ERROR - Ошибка подключения к БД: could not translate host name "postgres" to address: Name or service not known

2025-09-20 18:47:46,067 - ERROR - Ошибка подключения к БД: could not translate host name "postgres" to address: Name or service not known

2025-09-20 18:47:56,658 - ERROR - Ошибка подключения к БД: could not translate host name "postgres" to address: Name or service not known

2025-09-20 18:48:06,685 - ERROR - Ошибка подключения к БД: could not translate host name "postgres" to address: Name or service not known

2025-09-20 19:03:16,684 - ERROR - Ошибка подключения к БД: could not translate host name "postgres" to address: Name or service not known

2025-09-20 19:03:27,322 - ERROR - Ошибка подключения к БД: could not translate host name "postgres" to address: Name or service not known

2025-09-20 19:03:37,352 - ERROR - Ошибка подключения к БД: could not translate host name "postgres" to address: Name or service not known

2025-09-20 19:33:47,638 - ERROR - Ошибка подключения к БД: could not translate host name "postgres" to address: Name or service not known

2025-09-20 19:33:57,665 - ERROR - Ошибка подключения к БД: could not translate host name "postgres" to address: Name or service not known

2025-09-20 19:34:07,694 - ERROR - Ошибка подключения к БД: could not translate host name "postgres" to address: Name or service not known

2025-09-20 19:49:18,253 - ERROR - Ошибка подключения к БД: could not translate host name "postgres" to address: Name or service not known

2025-09-20 19:49:28,284 - ERROR - Ошибка подключения к БД: could not translate host name "postgres" to address: Name or service not known

2025-09-20 19:49:38,821 - ERROR - Ошибка подключения к БД: could not translate host name "postgres" to address: Name or service not known

2025-09-20 20:04:49,492 - ERROR - Ошибка подключения к БД: could not translate host name "postgres" to address: Name or service not known

2025-09-20 20:04:59,524 - ERROR - Ошибка подключения к БД: could not translate host name "postgres" to address: Name or service not known

2025-09-20 20:05:10,063 - ERROR - Ошибка подключения к БД: could not translate host name "postgres" to address: Name or service not known

2025-09-20 20:20:19,986 - ERROR - Ошибка подключения к БД: could not translate host name "postgres" to address: Name or service not known

2025-09-20 20:20:30,516 - ERROR - Ошибка подключения к БД: could not translate host name "postgres" to address: Name or service not known

2025-09-20 20:20:40,535 - ERROR - Ошибка подключения к БД: could not translate host name "postgres" to address: Name or service not known

2025-09-20 20:35:50,995 - ERROR - Ошибка подключения к БД: could not translate host name "postgres" to address: Name or service not known

2025-09-20 20:36:01,021 - ERROR - Ошибка подключения к БД: could not translate host name "postgres" to address: Name or service not known

2025-09-20 20:36:11,044 - ERROR - Ошибка подключения к БД: could not translate host name "postgres" to address: Name or service not known

2025-09-20 21:06:23,036 - ERROR - Ошибка подключения к БД: could not translate host name "postgres" to address: Name or service not known

2025-09-20 21:06:33,064 - ERROR - Ошибка подключения к БД: could not translate host name "postgres" to address: Name or service not known

2025-09-20 21:06:43,596 - ERROR - Ошибка подключения к БД: could not translate host name "postgres" to address: Name or service not known

2025-09-20 21:21:54,267 - ERROR - Ошибка подключения к БД: could not translate host name "postgres" to address: Name or service not known

2025-09-20 21:22:04,298 - ERROR - Ошибка подключения к БД: could not translate host name "postgres" to address: Name or service not known

2025-09-20 21:37:15,596 - ERROR - Ошибка подключения к БД: could not translate host name "postgres" to address: Name or service not known

2025-09-20 21:37:25,627 - ERROR - Ошибка подключения к БД: could not translate host name "postgres" to address: Name or service not known

2025-09-20 21:37:36,176 - ERROR - Ошибка подключения к БД: could not translate host name "postgres" to address: Name or service not known

2025-09-20 21:52:46,103 - ERROR - Ошибка подключения к БД: could not translate host name "postgres" to address: Name or service not known

2025-09-20 21:52:56,132 - ERROR - Ошибка подключения к БД: could not translate host name "postgres" to address: Name or service not known

2025-09-20 21:53:06,669 - ERROR - Ошибка подключения к БД: could not translate host name "postgres" to address: Name or service not known

2025-09-20 22:08:16,561 - ERROR - Ошибка подключения к БД: could not translate host name "postgres" to address: Name or service not known

2025-09-20 22:08:26,593 - ERROR - Ошибка подключения к БД: could not translate host name "postgres" to address: Name or service not known

2025-09-20 22:08:37,167 - ERROR - Ошибка подключения к БД: could not translate host name "postgres" to address: Name or service not known

2025-09-20 22:23:47,105 - ERROR - Ошибка подключения к БД: could not translate host name "postgres" to address: Name or service not known

2025-09-20 22:23:57,647 - ERROR - Ошибка подключения к БД: could not translate host name "postgres" to address: Name or service not known

2025-09-20 22:24:07,672 - ERROR - Ошибка подключения к БД: could not translate host name "postgres" to address: Name or service not known

2025-09-20 22:39:17,553 - ERROR - Ошибка подключения к БД: could not translate host name "postgres" to address: Name or service not known

2025-09-20 22:39:28,129 - ERROR - Ошибка подключения к БД: could not translate host name "postgres" to address: Name or service not known

2025-09-20 22:39:38,160 - ERROR - Ошибка подключения к БД: could not translate host name "postgres" to address: Name or service not known

2025-09-20 22:54:49,741 - ERROR - Ошибка подключения к БД: could not translate host name "postgres" to address: Name or service not known

2025-09-20 22:54:59,757 - ERROR - Ошибка подключения к БД: could not translate host name "postgres" to address: Name or service not known

2025-09-20 22:55:09,779 - ERROR - Ошибка подключения к БД: could not translate host name "postgres" to address: Name or service not known

2025-09-20 23:10:20,203 - ERROR - Ошибка подключения к БД: could not translate host name "postgres" to address: Name or service not known

2025-09-20 23:10:30,227 - ERROR - Ошибка подключения к БД: could not translate host name "postgres" to address: Name or service not known

2025-09-20 23:10:40,253 - ERROR - Ошибка подключения к БД: could not translate host name "postgres" to address: Name or service not known

2025-09-20 23:40:52,223 - ERROR - Ошибка подключения к БД: could not translate host name "postgres" to address: Name or service not known

2025-09-20 23:41:02,248 - ERROR - Ошибка подключения к БД: could not translate host name "postgres" to address: Name or service not known

2025-09-20 23:41:12,879 - ERROR - Ошибка подключения к БД: could not translate host name "postgres" to address: Name or service not known

2025-09-20 23:56:22,781 - ERROR - Ошибка подключения к БД: could not translate host name "postgres" to address: Name or service not known

2025-09-20 23:56:33,557 - ERROR - Ошибка подключения к БД: could not translate host name "postgres" to address: Name or service not known

2025-09-20 23:56:43,586 - ERROR - Ошибка подключения к БД: could not translate host name "postgres" to address: Name or service not known

2025-09-21 00:11:53,540 - ERROR - Ошибка подключения к БД: could not translate host name "postgres" to address: Name or service not known

2025-09-21 00:12:04,211 - ERROR - Ошибка подключения к БД: could not translate host name "postgres" to address: Name or service not known

2025-09-21 00:12:14,236 - ERROR - Ошибка подключения к БД: could not translate host name "postgres" to address: Name or service not known

2025-09-21 00:28:58,458 - ERROR - Ошибка подключения к БД: could not translate host name "postgres" to address: Name or service not known

2025-09-21 00:29:09,016 - ERROR - Ошибка подключения к БД: could not translate host name "postgres" to address: Name or service not known

2025-09-21 00:29:19,051 - ERROR - Ошибка подключения к БД: could not translate host name "postgres" to address: Name or service not known

2025-09-21 00:44:29,385 - ERROR - Ошибка подключения к БД: could not translate host name "postgres" to address: Name or service not known

2025-09-21 00:44:39,408 - ERROR - Ошибка подключения к БД: could not translate host name "postgres" to address: Name or service not known

2025-09-21 00:44:50,040 - ERROR - Ошибка подключения к БД: could not translate host name "postgres" to address: Name or service not known

2025-09-21 01:15:00,661 - ERROR - Ошибка подключения к БД: could not translate host name "postgres" to address: Name or service not known

2025-09-21 01:15:11,362 - ERROR - Ошибка подключения к БД: could not translate host name "postgres" to address: Name or service not known

2025-09-21 01:34:55,845 - ERROR - Ошибка подключения к БД: could not translate host name "postgres" to address: Name or service not known

2025-09-21 01:35:05,869 - ERROR - Ошибка подключения к БД: could not translate host name "postgres" to address: Name or service not known

2025-09-21 01:35:15,898 - ERROR - Ошибка подключения к БД: could not translate host name "postgres" to address: Name or service not known

2025-09-21 01:50:26,323 - ERROR - Ошибка подключения к БД: could not translate host name "postgres" to address: Name or service not known

2025-09-21 01:50:36,352 - ERROR - Ошибка подключения к БД: could not translate host name "postgres" to address: Name or service not known

2025-09-21 01:50:46,373 - ERROR - Ошибка подключения к БД: could not translate host name "postgres" to address: Name or service not known

2025-09-21 02:05:56,857 - ERROR - Ошибка подключения к БД: could not translate host name "postgres" to address: Name or service not known

2025-09-21 02:06:06,885 - ERROR - Ошибка подключения к БД: could not translate host name "postgres" to address: Name or service not known

2025-09-21 02:06:17,450 - ERROR - Ошибка подключения к БД: could not translate host name "postgres" to address: Name or service not known

2025-09-21 02:21:27,417 - ERROR - Ошибка подключения к БД: could not translate host name "postgres" to address: Name or service not known

2025-09-21 02:21:37,446 - ERROR - Ошибка подключения к БД: could not translate host name "postgres" to address: Name or service not known

2025-09-21 02:21:48,035 - ERROR - Ошибка подключения к БД: could not translate host name "postgres" to address: Name or service not known

2025-09-21 02:36:57,956 - ERROR - Ошибка подключения к БД: could not translate host name "postgres" to address: Name or service not known

2025-09-21 02:37:08,508 - ERROR - Ошибка подключения к БД: could not translate host name "postgres" to address: Name or service not known

2025-09-21 02:37:18,530 - ERROR - Ошибка подключения к БД: could not translate host name "postgres" to address: Name or service not known

2025-09-21 02:52:29,872 - ERROR - Ошибка подключения к БД: could not translate host name "postgres" to address: Name or service not known

2025-09-21 02:52:39,902 - ERROR - Ошибка подключения к БД: could not translate host name "postgres" to address: Name or service not known

2025-09-21 02:52:49,928 - ERROR - Ошибка подключения к БД: could not translate host name "postgres" to address: Name or service not known

2025-09-21 03:20:53,101 - ERROR - Ошибка подключения к БД: could not translate host name "postgres" to address: Name or service not known

2025-09-21 03:21:03,132 - ERROR - Ошибка подключения к БД: could not translate host name "postgres" to address: Name or service not known

2025-09-21 03:21:13,683 - ERROR - Ошибка подключения к БД: could not translate host name "postgres" to address: Name or service not known

2025-09-21 03:36:24,359 - ERROR - Ошибка подключения к БД: could not translate host name "postgres" to address: Name or service not known

2025-09-21 03:36:34,389 - ERROR - Ошибка подключения к БД: could not translate host name "postgres" to address: Name or service not known

2025-09-21 03:36:44,982 - ERROR - Ошибка подключения к БД: could not translate host name "postgres" to address: Name or service not known

2025-09-21 03:51:55,694 - ERROR - Ошибка подключения к БД: could not translate host name "postgres" to address: Name or service not known

2025-09-21 03:52:05,724 - ERROR - Ошибка подключения к БД: could not translate host name "postgres" to address: Name or service not known

2025-09-21 03:52:16,344 - ERROR - Ошибка подключения к БД: could not translate host name "postgres" to address: Name or service not known

2025-09-21 04:07:27,112 - ERROR - Ошибка подключения к БД: could not translate host name "postgres" to address: Name or service not known

2025-09-21 04:07:37,644 - ERROR - Ошибка подключения к БД: could not translate host name "postgres" to address: Name or service not known

2025-09-21 04:07:47,667 - ERROR - Ошибка подключения к БД: could not translate host name "postgres" to address: Name or service not known

2025-09-21 04:22:05,643 - ERROR - Ошибка подключения к БД: could not translate host name "postgres" to address: Name or service not known

2025-09-21 04:22:16,196 - ERROR - Ошибка подключения к БД: could not translate host name "postgres" to address: Name or service not known

2025-09-21 04:22:26,217 - ERROR - Ошибка подключения к БД: could not translate host name "postgres" to address: Name or service not known

2025-09-21 04:37:36,075 - ERROR - Ошибка подключения к БД: could not translate host name "postgres" to address: Name or service not known

2025-09-21 04:37:46,659 - ERROR - Ошибка подключения к БД: could not translate host name "postgres" to address: Name or service not known

2025-09-21 04:37:56,681 - ERROR - Ошибка подключения к БД: could not translate host name "postgres" to address: Name or service not known

2025-09-21 04:53:06,572 - ERROR - Ошибка подключения к БД: could not translate host name "postgres" to address: Name or service not known

2025-09-21 04:53:17,113 - ERROR - Ошибка подключения к БД: could not translate host name "postgres" to address: Name or service not known

2025-09-21 04:53:27,141 - ERROR - Ошибка подключения к БД: could not translate host name "postgres" to address: Name or service not known

2025-09-21 05:08:37,555 - ERROR - Ошибка подключения к БД: could not translate host name "postgres" to address: Name or service not known

2025-09-21 05:08:47,586 - ERROR - Ошибка подключения к БД: could not translate host name "postgres" to address: Name or service not known

2025-09-21 05:08:57,609 - ERROR - Ошибка подключения к БД: could not translate host name "postgres" to address: Name or service not known

2025-09-21 05:23:18,926 - ERROR - Ошибка подключения к БД: could not translate host name "postgres" to address: Name or service not known

2025-09-21 05:23:28,962 - ERROR - Ошибка подключения к БД: could not translate host name "postgres" to address: Name or service not known

2025-09-21 05:53:40,035 - ERROR - Ошибка подключения к БД: could not translate host name "postgres" to address: Name or service not known

2025-09-21 05:53:50,055 - ERROR - Ошибка подключения к БД: could not translate host name "postgres" to address: Name or service not known

2025-09-21 05:54:00,587 - ERROR - Ошибка подключения к БД: could not translate host name "postgres" to address: Name or service not known

2025-09-21 06:09:11,299 - ERROR - Ошибка подключения к БД: could not translate host name "postgres" to address: Name or service not known

2025-09-21 06:09:21,322 - ERROR - Ошибка подключения к БД: could not translate host name "postgres" to address: Name or service not known

2025-09-21 06:09:31,856 - ERROR - Ошибка подключения к БД: could not translate host name "postgres" to address: Name or service not known

2025-09-21 06:23:56,592 - ERROR - Ошибка подключения к БД: could not translate host name "postgres" to address: Name or service not known

2025-09-21 06:24:06,621 - ERROR - Ошибка подключения к БД: could not translate host name "postgres" to address: Name or service not known

2025-09-21 06:24:17,209 - ERROR - Ошибка подключения к БД: could not translate host name "postgres" to address: Name or service not known

2025-09-21 06:39:27,111 - ERROR - Ошибка подключения к БД: could not translate host name "postgres" to address: Name or service not known

2025-09-21 06:39:37,646 - ERROR - Ошибка подключения к БД: could not translate host name "postgres" to address: Name or service not known

2025-09-21 06:39:47,675 - ERROR - Ошибка подключения к БД: could not translate host name "postgres" to address: Name or service not known

2025-09-21 06:54:58,342 - ERROR - Ошибка подключения к БД: could not translate host name "postgres" to address: Name or service not known

2025-09-21 06:55:08,892 - ERROR - Ошибка подключения к БД: could not translate host name "postgres" to address: Name or service not known

2025-09-21 06:55:18,922 - ERROR - Ошибка подключения к БД: could not translate host name "postgres" to address: Name or service not known

2025-09-21 07:24:50,945 - ERROR - Ошибка подключения к БД: could not translate host name "postgres" to address: Name or service not known

2025-09-21 07:25:00,966 - ERROR - Ошибка подключения к БД: could not translate host name "postgres" to address: Name or service not known

2025-09-21 07:25:10,987 - ERROR - Ошибка подключения к БД: could not translate host name "postgres" to address: Name or service not known

2025-09-21 07:40:22,235 - ERROR - Ошибка подключения к БД: could not translate host name "postgres" to address: Name or service not known

2025-09-21 07:40:32,262 - ERROR - Ошибка подключения к БД: could not translate host name "postgres" to address: Name or service not known

2025-09-21 07:40:42,798 - ERROR - Ошибка подключения к БД: could not translate host name "postgres" to address: Name or service not known

2025-09-21 07:55:53,558 - ERROR - Ошибка подключения к БД: could not translate host name "postgres" to address: Name or service not known

2025-09-21 07:56:04,098 - ERROR - Ошибка подключения к БД: could not translate host name "postgres" to address: Name or service not known

2025-09-21 07:56:14,128 - ERROR - Ошибка подключения к БД: could not translate host name "postgres" to address: Name or service not known

2025-09-21 08:11:24,987 - ERROR - Ошибка подключения к БД: could not translate host name "postgres" to address: Name or service not known

2025-09-21 08:11:35,030 - ERROR - Ошибка подключения к БД: could not translate host name "postgres" to address: Name or service not known

2025-09-21 08:11:45,059 - ERROR - Ошибка подключения к БД: could not translate host name "postgres" to address: Name or service not known

2025-09-21 08:16:34,102 - ERROR - Ошибка подключения к БД: could not translate host name "postgres" to address: Name or service not known

2025-09-21 08:16:44,125 - ERROR - Ошибка подключения к БД: could not translate host name "postgres" to address: Name or service not known

2025-09-21 08:16:54,147 - ERROR - Ошибка подключения к БД: could not translate host name "postgres" to address: Name or service not known

2025-09-21 08:17:04,191 - ERROR - Ошибка подключения к БД: could not translate host name "postgres" to address: Name or service not known

2025-09-21 08:17:14,213 - ERROR - Ошибка подключения к БД: could not translate host name "postgres" to address: Name or service not known

2025-09-21 08:17:24,240 - ERROR - Ошибка подключения к БД: could not translate host name "postgres" to address: Name or service not known

2025-09-21 08:17:34,274 - ERROR - Ошибка подключения к БД: could not translate host name "postgres" to address: Name or service not known

2025-09-21 08:17:44,285 - ERROR - Ошибка подключения к БД: could not translate host name "postgres" to address: Name or service not known

2025-09-21 08:17:54,313 - ERROR - Ошибка подключения к БД: could not translate host name "postgres" to address: Name or service not known

2025-09-21 08:18:04,336 - ERROR - Ошибка подключения к БД: could not translate host name "postgres" to address: Name or service not known

2025-09-21 08:18:14,361 - ERROR - Ошибка подключения к БД: could not translate host name "postgres" to address: Name or service not known

2025-09-21 08:18:24,390 - ERROR - Ошибка подключения к БД: could not translate host name "postgres" to address: Name or service not known

2025-09-21 08:18:34,413 - ERROR - Ошибка подключения к БД: could not translate host name "postgres" to address: Name or service not known

2025-09-21 08:18:44,431 - ERROR - Ошибка подключения к БД: could not translate host name "postgres" to address: Name or service not known

2025-09-21 08:18:54,452 - ERROR - Ошибка подключения к БД: could not translate host name "postgres" to address: Name or service not known

2025-09-21 08:19:04,470 - ERROR - Ошибка подключения к БД: could not translate host name "postgres" to address: Name or service not known

2025-09-21 08:19:14,493 - ERROR - Ошибка подключения к БД: could not translate host name "postgres" to address: Name or service not known

2025-09-21 08:19:24,518 - ERROR - Ошибка подключения к БД: could not translate host name "postgres" to address: Name or service not known

2025-09-21 08:19:34,540 - ERROR - Ошибка подключения к БД: could not translate host name "postgres" to address: Name or service not known

2025-09-21 08:19:44,563 - ERROR - Ошибка подключения к БД: could not translate host name "postgres" to address: Name or service not known

2025-09-21 08:19:54,585 - ERROR - Ошибка подключения к БД: could not translate host name "postgres" to address: Name or service not known

2025-09-21 08:20:04,611 - ERROR - Ошибка подключения к БД: could not translate host name "postgres" to address: Name or service not known

2025-09-21 08:20:14,641 - ERROR - Ошибка подключения к БД: could not translate host name "postgres" to address: Name or service not known

2025-09-21 08:20:24,663 - ERROR - Ошибка подключения к БД: could not translate host name "postgres" to address: Name or service not known

2025-09-21 08:20:34,685 - ERROR - Ошибка подключения к БД: could not translate host name "postgres" to address: Name or service not known

2025-09-21 08:20:44,709 - ERROR - Ошибка подключения к БД: could not translate host name "postgres" to address: Name or service not known

2025-09-21 08:20:54,729 - ERROR - Ошибка подключения к БД: could not translate host name "postgres" to address: Name or service not known

2025-09-21 08:21:04,751 - ERROR - Ошибка подключения к БД: could not translate host name "postgres" to address: Name or service not known

2025-09-21 08:21:14,768 - ERROR - Ошибка подключения к БД: could not translate host name "postgres" to address: Name or service not known

2025-09-21 08:21:24,792 - ERROR - Ошибка подключения к БД: could not translate host name "postgres" to address: Name or service not known

2025-09-21 08:21:34,813 - ERROR - Ошибка подключения к БД: could not translate host name "postgres" to address: Name or service not known

2025-09-21 08:21:44,842 - ERROR - Ошибка подключения к БД: could not translate host name "postgres" to address: Name or service not known

2025-09-21 08:21:54,853 - ERROR - Ошибка подключения к БД: could not translate host name "postgres" to address: Name or service not known

2025-09-21 08:22:04,873 - ERROR - Ошибка подключения к БД: could not translate host name "postgres" to address: Name or service not known

2025-09-21 08:22:14,905 - ERROR - Ошибка подключения к БД: could not translate host name "postgres" to address: Name or service not known

2025-09-21 08:22:24,926 - ERROR - Ошибка подключения к БД: could not translate host name "postgres" to address: Name or service not known

2025-09-21 08:22:34,943 - ERROR - Ошибка подключения к БД: could not translate host name "postgres" to address: Name or service not known

2025-09-21 08:22:44,961 - ERROR - Ошибка подключения к БД: could not translate host name "postgres" to address: Name or service not known

2025-09-21 08:22:54,986 - ERROR - Ошибка подключения к БД: could not translate host name "postgres" to address: Name or service not known

2025-09-21 08:23:05,008 - ERROR - Ошибка подключения к БД: could not translate host name "postgres" to address: Name or service not known

2025-09-21 08:23:15,040 - ERROR - Ошибка подключения к БД: could not translate host name "postgres" to address: Name or service not known

2025-09-21 08:23:25,058 - ERROR - Ошибка подключения к БД: could not translate host name "postgres" to address: Name or service not known

2025-09-21 08:23:35,089 - ERROR - Ошибка подключения к БД: could not translate host name "postgres" to address: Name or service not known

2025-09-21 08:23:45,112 - ERROR - Ошибка подключения к БД: could not translate host name "postgres" to address: Name or service not known

2025-09-21 08:23:55,135 - ERROR - Ошибка подключения к БД: could not translate host name "postgres" to address: Name or service not known

2025-09-21 08:24:05,156 - ERROR - Ошибка подключения к БД: could not translate host name "postgres" to address: Name or service not known

2025-09-21 08:24:15,183 - ERROR - Ошибка подключения к БД: could not translate host name "postgres" to address: Name or service not known

2025-09-21 08:24:25,202 - ERROR - Ошибка подключения к БД: could not translate host name "postgres" to address: Name or service not known

2025-09-21 08:24:35,228 - ERROR - Ошибка подключения к БД: could not translate host name "postgres" to address: Name or service not known

2025-09-21 08:24:45,248 - ERROR - Ошибка подключения к БД: could not translate host name "postgres" to address: Name or service not known

2025-09-21 08:24:55,271 - ERROR - Ошибка подключения к БД: could not translate host name "postgres" to address: Name or service not known

2025-09-21 08:25:05,294 - ERROR - Ошибка подключения к БД: could not translate host name "postgres" to address: Name or service not known

2025-09-21 08:25:15,318 - ERROR - Ошибка подключения к БД: could not translate host name "postgres" to address: Name or service not known

2025-09-21 08:25:25,338 - ERROR - Ошибка подключения к БД: could not translate host name "postgres" to address: Name or service not known

2025-09-21 08:25:35,358 - ERROR - Ошибка подключения к БД: could not translate host name "postgres" to address: Name or service not known

2025-09-21 08:25:45,383 - ERROR - Ошибка подключения к БД: could not translate host name "postgres" to address: Name or service not known

2025-09-21 08:25:55,399 - ERROR - Ошибка подключения к БД: could not translate host name "postgres" to address: Name or service not known

2025-09-21 08:26:05,429 - ERROR - Ошибка подключения к БД: could not translate host name "postgres" to address: Name or service not known

2025-09-21 08:26:15,449 - ERROR - Ошибка подключения к БД: could not translate host name "postgres" to address: Name or service not known

2025-09-21 08:26:25,471 - ERROR - Ошибка подключения к БД: could not translate host name "postgres" to address: Name or service not known

2025-09-21 08:26:35,494 - ERROR - Ошибка подключения к БД: could not translate host name "postgres" to address: Name or service not known

2025-09-21 08:26:45,517 - ERROR - Ошибка подключения к БД: could not translate host name "postgres" to address: Name or service not known

2025-09-21 08:26:55,547 - ERROR - Ошибка подключения к БД: could not translate host name "postgres" to address: Name or service not known

2025-09-21 08:27:05,578 - ERROR - Ошибка подключения к БД: could not translate host name "postgres" to address: Name or service not known

2025-09-21 08:27:15,611 - ERROR - Ошибка подключения к БД: could not translate host name "postgres" to address: Name or service not known

2025-09-21 08:27:25,645 - ERROR - Ошибка подключения к БД: could not translate host name "postgres" to address: Name or service not known

2025-09-21 08:27:35,673 - ERROR - Ошибка подключения к БД: could not translate host name "postgres" to address: Name or service not known

2025-09-21 08:27:45,689 - ERROR - Ошибка подключения к БД: could not translate host name "postgres" to address: Name or service not known

2025-09-21 08:27:55,707 - ERROR - Ошибка подключения к БД: could not translate host name "postgres" to address: Name or service not known

2025-09-21 08:28:05,750 - ERROR - Ошибка подключения к БД: could not translate host name "postgres" to address: Name or service not known

2025-09-21 08:28:15,770 - ERROR - Ошибка подключения к БД: could not translate host name "postgres" to address: Name or service not known

2025-09-21 08:28:25,790 - ERROR - Ошибка подключения к БД: could not translate host name "postgres" to address: Name or service not known

2025-09-21 08:28:35,819 - ERROR - Ошибка подключения к БД: could not translate host name "postgres" to address: Name or service not known

2025-09-21 08:28:45,837 - ERROR - Ошибка подключения к БД: could not translate host name "postgres" to address: Name or service not known

2025-09-21 08:28:55,856 - ERROR - Ошибка подключения к БД: could not translate host name "postgres" to address: Name or service not known

2025-09-21 08:29:05,878 - ERROR - Ошибка подключения к БД: could not translate host name "postgres" to address: Name or service not known

2025-09-21 08:29:15,896 - ERROR - Ошибка подключения к БД: could not translate host name "postgres" to address: Name or service not known

2025-09-21 08:29:25,914 - ERROR - Ошибка подключения к БД: could not translate host name "postgres" to address: Name or service not known

2025-09-21 08:29:35,931 - ERROR - Ошибка подключения к БД: could not translate host name "postgres" to address: Name or service not known

2025-09-21 08:29:45,959 - ERROR - Ошибка подключения к БД: could not translate host name "postgres" to address: Name or service not known

2025-09-21 08:29:55,977 - ERROR - Ошибка подключения к БД: could not translate host name "postgres" to address: Name or service not known

2025-09-21 08:30:06,004 - ERROR - Ошибка подключения к БД: could not translate host name "postgres" to address: Name or service not known

2025-09-21 08:30:16,021 - ERROR - Ошибка подключения к БД: could not translate host name "postgres" to address: Name or service not known

2025-09-21 08:30:26,039 - ERROR - Ошибка подключения к БД: could not translate host name "postgres" to address: Name or service not known

2025-09-21 08:30:36,062 - ERROR - Ошибка подключения к БД: could not translate host name "postgres" to address: Name or service not known

2025-09-21 08:30:46,077 - ERROR - Ошибка подключения к БД: could not translate host name "postgres" to address: Name or service not known

2025-09-21 08:30:56,100 - ERROR - Ошибка подключения к БД: could not translate host name "postgres" to address: Name or service not known

2025-09-21 08:31:06,154 - ERROR - Ошибка подключения к БД: could not translate host name "postgres" to address: Name or service not known

2025-09-21 08:31:16,175 - ERROR - Ошибка подключения к БД: could not translate host name "postgres" to address: Name or service not known

2025-09-21 08:31:26,196 - ERROR - Ошибка подключения к БД: could not translate host name "postgres" to address: Name or service not known

2025-09-21 08:31:36,215 - ERROR - Ошибка подключения к БД: could not translate host name "postgres" to address: Name or service not known

2025-09-21 08:31:46,237 - ERROR - Ошибка подключения к БД: could not translate host name "postgres" to address: Name or service not known

2025-09-21 08:31:56,261 - ERROR - Ошибка подключения к БД: could not translate host name "postgres" to address: Name or service not known

2025-09-21 08:32:06,279 - ERROR - Ошибка подключения к БД: could not translate host name "postgres" to address: Name or service not known

2025-09-21 08:32:16,302 - ERROR - Ошибка подключения к БД: could not translate host name "postgres" to address: Name or service not known

2025-09-21 08:32:26,324 - ERROR - Ошибка подключения к БД: could not translate host name "postgres" to address: Name or service not known

2025-09-21 08:32:36,350 - ERROR - Ошибка подключения к БД: could not translate host name "postgres" to address: Name or service not known

2025-09-21 08:32:46,373 - ERROR - Ошибка подключения к БД: could not translate host name "postgres" to address: Name or service not known

2025-09-21 08:32:56,400 - ERROR - Ошибка подключения к БД: could not translate host name "postgres" to address: Name or service not known

2025-09-21 08:33:06,412 - ERROR - Ошибка подключения к БД: could not translate host name "postgres" to address: Name or service not known

2025-09-21 08:33:16,434 - ERROR - Ошибка подключения к БД: could not translate host name "postgres" to address: Name or service not known

2025-09-21 08:33:26,455 - ERROR - Ошибка подключения к БД: could not translate host name "postgres" to address: Name or service not known

2025-09-21 08:33:36,479 - ERROR - Ошибка подключения к БД: could not translate host name "postgres" to address: Name or service not known

2025-09-21 08:33:46,502 - ERROR - Ошибка подключения к БД: could not translate host name "postgres" to address: Name or service not known

2025-09-21 08:33:56,527 - ERROR - Ошибка подключения к БД: could not translate host name "postgres" to address: Name or service not known

2025-09-21 08:34:06,554 - ERROR - Ошибка подключения к БД: could not translate host name "postgres" to address: Name or service not known

2025-09-21 08:34:16,576 - ERROR - Ошибка подключения к БД: could not translate host name "postgres" to address: Name or service not known

2025-09-21 08:34:26,597 - ERROR - Ошибка подключения к БД: could not translate host name "postgres" to address: Name or service not known

2025-09-21 08:34:36,620 - ERROR - Ошибка подключения к БД: could not translate host name "postgres" to address: Name or service not known

2025-09-21 08:34:46,644 - ERROR - Ошибка подключения к БД: could not translate host name "postgres" to address: Name or service not known

2025-09-21 08:34:56,688 - ERROR - Ошибка подключения к БД: could not translate host name "postgres" to address: Name or service not known

2025-09-21 08:35:06,701 - ERROR - Ошибка подключения к БД: could not translate host name "postgres" to address: Name or service not known

2025-09-21 08:35:16,721 - ERROR - Ошибка подключения к БД: could not translate host name "postgres" to address: Name or service not known

2025-09-21 08:35:26,743 - ERROR - Ошибка подключения к БД: could not translate host name "postgres" to address: Name or service not known

2025-09-21 08:35:36,746 - ERROR - Ошибка подключения к БД: could not translate host name "postgres" to address: Name or service not known

2025-09-21 08:35:46,760 - ERROR - Ошибка подключения к БД: could not translate host name "postgres" to address: Name or service not known

2025-09-21 08:35:56,807 - ERROR - Ошибка подключения к БД: could not translate host name "postgres" to address: Name or service not known

2025-09-21 08:36:06,843 - ERROR - Ошибка подключения к БД: could not translate host name "postgres" to address: Name or service not known

2025-09-21 08:36:16,866 - ERROR - Ошибка подключения к БД: could not translate host name "postgres" to address: Name or service not known

2025-09-21 08:36:26,889 - ERROR - Ошибка подключения к БД: could not translate host name "postgres" to address: Name or service not known

2025-09-21 08:36:36,911 - ERROR - Ошибка подключения к БД: could not translate host name "postgres" to address: Name or service not known

2025-09-21 08:36:46,930 - ERROR - Ошибка подключения к БД: could not translate host name "postgres" to address: Name or service not known

2025-09-21 08:36:56,964 - ERROR - Ошибка подключения к БД: could not translate host name "postgres" to address: Name or service not known

2025-09-21 08:37:06,985 - ERROR - Ошибка подключения к БД: could not translate host name "postgres" to address: Name or service not known

2025-09-21 08:37:17,004 - ERROR - Ошибка подключения к БД: could not translate host name "postgres" to address: Name or service not known

2025-09-21 08:37:27,023 - ERROR - Ошибка подключения к БД: could not translate host name "postgres" to address: Name or service not known

2025-09-21 08:37:37,046 - ERROR - Ошибка подключения к БД: could not translate host name "postgres" to address: Name or service not known

2025-09-21 08:37:47,072 - ERROR - Ошибка подключения к БД: could not translate host name "postgres" to address: Name or service not known

2025-09-21 08:37:57,088 - ERROR - Ошибка подключения к БД: could not translate host name "postgres" to address: Name or service not known

2025-09-21 08:38:07,109 - ERROR - Ошибка подключения к БД: could not translate host name "postgres" to address: Name or service not known

2025-09-21 08:38:17,126 - ERROR - Ошибка подключения к БД: could not translate host name "postgres" to address: Name or service not known

2025-09-21 08:38:27,149 - ERROR - Ошибка подключения к БД: could not translate host name "postgres" to address: Name or service not known

2025-09-21 08:38:37,174 - ERROR - Ошибка подключения к БД: could not translate host name "postgres" to address: Name or service not known

2025-09-21 08:38:47,202 - ERROR - Ошибка подключения к БД: could not translate host name "postgres" to address: Name or service not known

2025-09-21 08:38:57,223 - ERROR - Ошибка подключения к БД: could not translate host name "postgres" to address: Name or service not known

2025-09-21 08:39:07,232 - ERROR - Ошибка подключения к БД: could not translate host name "postgres" to address: Name or service not known

2025-09-21 08:39:17,253 - ERROR - Ошибка подключения к БД: could not translate host name "postgres" to address: Name or service not known

2025-09-21 08:39:27,271 - ERROR - Ошибка подключения к БД: could not translate host name "postgres" to address: Name or service not known

2025-09-21 08:39:37,288 - ERROR - Ошибка подключения к БД: could not translate host name "postgres" to address: Name or service not known

2025-09-21 08:39:47,313 - ERROR - Ошибка подключения к БД: could not translate host name "postgres" to address: Name or service not known

2025-09-21 08:39:57,332 - ERROR - Ошибка подключения к БД: could not translate host name "postgres" to address: Name or service not known

2025-09-21 08:40:07,351 - ERROR - Ошибка подключения к БД: could not translate host name "postgres" to address: Name or service not known

2025-09-21 08:40:17,371 - ERROR - Ошибка подключения к БД: could not translate host name "postgres" to address: Name or service not known

2025-09-21 08:40:27,393 - ERROR - Ошибка подключения к БД: could not translate host name "postgres" to address: Name or service not known

2025-09-21 08:40:37,411 - ERROR - Ошибка подключения к БД: could not translate host name "postgres" to address: Name or service not known

2025-09-21 08:40:47,442 - ERROR - Ошибка подключения к БД: could not translate host name "postgres" to address: Name or service not known

2025-09-21 08:40:57,464 - ERROR - Ошибка подключения к БД: could not translate host name "postgres" to address: Name or service not known

2025-09-21 08:41:07,482 - ERROR - Ошибка подключения к БД: could not translate host name "postgres" to address: Name or service not known

2025-09-21 08:41:17,512 - ERROR - Ошибка подключения к БД: could not translate host name "postgres" to address: Name or service not known

2025-09-21 08:41:27,531 - ERROR - Ошибка подключения к БД: could not translate host name "postgres" to address: Name or service not known

2025-09-21 08:41:37,555 - ERROR - Ошибка подключения к БД: could not translate host name "postgres" to address: Name or service not known

2025-09-21 08:41:47,579 - ERROR - Ошибка подключения к БД: could not translate host name "postgres" to address: Name or service not known

2025-09-21 08:41:57,599 - ERROR - Ошибка подключения к БД: could not translate host name "postgres" to address: Name or service not known

2025-09-21 08:42:07,623 - ERROR - Ошибка подключения к БД: could not translate host name "postgres" to address: Name or service not known

2025-09-21 08:42:17,639 - ERROR - Ошибка подключения к БД: could not translate host name "postgres" to address: Name or service not known

2025-09-21 08:42:27,658 - ERROR - Ошибка подключения к БД: could not translate host name "postgres" to address: Name or service not known

2025-09-21 08:42:37,680 - ERROR - Ошибка подключения к БД: could not translate host name "postgres" to address: Name or service not known

2025-09-21 08:42:47,707 - ERROR - Ошибка подключения к БД: could not translate host name "postgres" to address: Name or service not known

2025-09-21 08:42:57,728 - ERROR - Ошибка подключения к БД: could not translate host name "postgres" to address: Name or service not known

2025-09-21 08:43:07,746 - ERROR - Ошибка подключения к БД: could not translate host name "postgres" to address: Name or service not known

2025-09-21 08:43:17,768 - ERROR - Ошибка подключения к БД: could not translate host name "postgres" to address: Name or service not known

2025-09-21 08:43:27,780 - ERROR - Ошибка подключения к БД: could not translate host name "postgres" to address: Name or service not known

2025-09-21 08:43:37,811 - ERROR - Ошибка подключения к БД: could not translate host name "postgres" to address: Name or service not known

2025-09-21 08:43:47,841 - ERROR - Ошибка подключения к БД: could not translate host name "postgres" to address: Name or service not known

2025-09-21 08:43:57,863 - ERROR - Ошибка подключения к БД: could not translate host name "postgres" to address: Name or service not known

2025-09-21 08:44:07,884 - ERROR - Ошибка подключения к БД: could not translate host name "postgres" to address: Name or service not known

2025-09-21 08:44:17,901 - ERROR - Ошибка подключения к БД: could not translate host name "postgres" to address: Name or service not known

2025-09-21 08:44:27,923 - ERROR - Ошибка подключения к БД: could not translate host name "postgres" to address: Name or service not known

2025-09-21 08:44:37,957 - ERROR - Ошибка подключения к БД: could not translate host name "postgres" to address: Name or service not known

2025-09-21 08:44:47,977 - ERROR - Ошибка подключения к БД: could not translate host name "postgres" to address: Name or service not known

2025-09-21 08:44:58,001 - ERROR - Ошибка подключения к БД: could not translate host name "postgres" to address: Name or service not known

2025-09-21 08:45:08,020 - ERROR - Ошибка подключения к БД: could not translate host name "postgres" to address: Name or service not known

2025-09-21 08:45:18,042 - ERROR - Ошибка подключения к БД: could not translate host name "postgres" to address: Name or service not known

2025-09-21 08:45:28,065 - ERROR - Ошибка подключения к БД: could not translate host name "postgres" to address: Name or service not known

2025-09-21 08:45:38,088 - ERROR - Ошибка подключения к БД: could not translate host name "postgres" to address: Name or service not known

2025-09-21 08:45:48,114 - ERROR - Ошибка подключения к БД: could not translate host name "postgres" to address: Name or service not known

2025-09-21 08:45:58,135 - ERROR - Ошибка подключения к БД: could not translate host name "postgres" to address: Name or service not known

2025-09-21 08:46:08,159 - ERROR - Ошибка подключения к БД: could not translate host name "postgres" to address: Name or service not known

2025-09-21 08:46:18,180 - ERROR - Ошибка подключения к БД: could not translate host name "postgres" to address: Name or service not known

2025-09-21 08:46:28,204 - ERROR - Ошибка подключения к БД: could not translate host name "postgres" to address: Name or service not known

2025-09-21 08:46:38,240 - ERROR - Ошибка подключения к БД: could not translate host name "postgres" to address: Name or service not known

2025-09-21 08:46:48,263 - ERROR - Ошибка подключения к БД: could not translate host name "postgres" to address: Name or service not known

2025-09-21 08:46:58,285 - ERROR - Ошибка подключения к БД: could not translate host name "postgres" to address: Name or service not known

2025-09-21 08:47:08,317 - ERROR - Ошибка подключения к БД: could not translate host name "postgres" to address: Name or service not known

2025-09-21 08:47:18,337 - ERROR - Ошибка подключения к БД: could not translate host name "postgres" to address: Name or service not known

2025-09-21 08:47:28,354 - ERROR - Ошибка подключения к БД: could not translate host name "postgres" to address: Name or service not known

2025-09-21 08:47:38,380 - ERROR - Ошибка подключения к БД: could not translate host name "postgres" to address: Name or service not known

2025-09-21 08:47:48,402 - ERROR - Ошибка подключения к БД: could not translate host name "postgres" to address: Name or service not known

2025-09-21 08:47:58,427 - ERROR - Ошибка подключения к БД: could not translate host name "postgres" to address: Name or service not known

2025-09-21 08:48:08,459 - ERROR - Ошибка подключения к БД: could not translate host name "postgres" to address: Name or service not known

2025-09-21 08:48:18,479 - ERROR - Ошибка подключения к БД: could not translate host name "postgres" to address: Name or service not known

2025-09-21 08:48:28,496 - ERROR - Ошибка подключения к БД: could not translate host name "postgres" to address: Name or service not known

2025-09-21 08:48:38,518 - ERROR - Ошибка подключения к БД: could not translate host name "postgres" to address: Name or service not known

2025-09-21 08:48:48,537 - ERROR - Ошибка подключения к БД: could not translate host name "postgres" to address: Name or service not known

2025-09-21 08:48:58,559 - ERROR - Ошибка подключения к БД: could not translate host name "postgres" to address: Name or service not known

2025-09-21 08:49:08,580 - ERROR - Ошибка подключения к БД: could not translate host name "postgres" to address: Name or service not known

2025-09-21 08:49:18,601 - ERROR - Ошибка подключения к БД: could not translate host name "postgres" to address: Name or service not known

2025-09-21 08:49:28,628 - ERROR - Ошибка подключения к БД: could not translate host name "postgres" to address: Name or service not known

2025-09-21 08:49:38,663 - ERROR - Ошибка подключения к БД: could not translate host name "postgres" to address: Name or service not known

2025-09-21 08:49:48,686 - ERROR - Ошибка подключения к БД: could not translate host name "postgres" to address: Name or service not known

2025-09-21 08:49:58,706 - ERROR - Ошибка подключения к БД: could not translate host name "postgres" to address: Name or service not known

2025-09-21 08:50:08,725 - ERROR - Ошибка подключения к БД: could not translate host name "postgres" to address: Name or service not known

2025-09-21 08:50:18,746 - ERROR - Ошибка подключения к БД: could not translate host name "postgres" to address: Name or service not known

2025-09-21 08:50:28,771 - ERROR - Ошибка подключения к БД: could not translate host name "postgres" to address: Name or service not known

2025-09-21 08:50:38,793 - ERROR - Ошибка подключения к БД: could not translate host name "postgres" to address: Name or service not known

2025-09-21 08:50:48,812 - ERROR - Ошибка подключения к БД: could not translate host name "postgres" to address: Name or service not known

2025-09-21 08:50:58,832 - ERROR - Ошибка подключения к БД: could not translate host name "postgres" to address: Name or service not known

2025-09-21 08:51:08,855 - ERROR - Ошибка подключения к БД: could not translate host name "postgres" to address: Name or service not known

2025-09-21 08:51:18,877 - ERROR - Ошибка подключения к БД: could not translate host name "postgres" to address: Name or service not known

2025-09-21 08:51:28,901 - ERROR - Ошибка подключения к БД: could not translate host name "postgres" to address: Name or service not known

2025-09-21 08:51:38,923 - ERROR - Ошибка подключения к БД: could not translate host name "postgres" to address: Name or service not known

2025-09-21 08:51:48,945 - ERROR - Ошибка подключения к БД: could not translate host name "postgres" to address: Name or service not known

2025-09-21 08:51:58,963 - ERROR - Ошибка подключения к БД: could not translate host name "postgres" to address: Name or service not known

2025-09-21 08:52:08,988 - ERROR - Ошибка подключения к БД: could not translate host name "postgres" to address: Name or service not known

2025-09-21 08:52:19,006 - ERROR - Ошибка подключения к БД: could not translate host name "postgres" to address: Name or service not known

2025-09-21 08:52:29,027 - ERROR - Ошибка подключения к БД: could not translate host name "postgres" to address: Name or service not known

2025-09-21 08:52:39,050 - ERROR - Ошибка подключения к БД: could not translate host name "postgres" to address: Name or service not known

2025-09-21 08:52:49,081 - ERROR - Ошибка подключения к БД: could not translate host name "postgres" to address: Name or service not known

2025-09-21 08:52:59,100 - ERROR - Ошибка подключения к БД: could not translate host name "postgres" to address: Name or service not known

2025-09-21 08:53:09,124 - ERROR - Ошибка подключения к БД: could not translate host name "postgres" to address: Name or service not known

2025-09-21 08:53:19,144 - ERROR - Ошибка подключения к БД: could not translate host name "postgres" to address: Name or service not known

2025-09-21 08:53:29,169 - ERROR - Ошибка подключения к БД: could not translate host name "postgres" to address: Name or service not known

2025-09-21 08:53:39,189 - ERROR - Ошибка подключения к БД: could not translate host name "postgres" to address: Name or service not known

2025-09-21 08:53:49,209 - ERROR - Ошибка подключения к БД: could not translate host name "postgres" to address: Name or service not known

2025-09-21 08:53:59,226 - ERROR - Ошибка подключения к БД: could not translate host name "postgres" to address: Name or service not known

2025-09-21 08:54:09,245 - ERROR - Ошибка подключения к БД: could not translate host name "postgres" to address: Name or service not known

2025-09-21 08:54:19,270 - ERROR - Ошибка подключения к БД: could not translate host name "postgres" to address: Name or service not known

2025-09-21 08:54:29,303 - ERROR - Ошибка подключения к БД: could not translate host name "postgres" to address: Name or service not known

2025-09-21 08:54:39,332 - ERROR - Ошибка подключения к БД: could not translate host name "postgres" to address: Name or service not known

2025-09-21 08:54:49,356 - ERROR - Ошибка подключения к БД: could not translate host name "postgres" to address: Name or service not known

2025-09-21 08:54:59,374 - ERROR - Ошибка подключения к БД: could not translate host name "postgres" to address: Name or service not known

2025-09-21 08:55:09,398 - ERROR - Ошибка подключения к БД: could not translate host name "postgres" to address: Name or service not known

2025-09-21 08:55:19,427 - ERROR - Ошибка подключения к БД: could not translate host name "postgres" to address: Name or service not known

2025-09-21 08:55:29,446 - ERROR - Ошибка подключения к БД: could not translate host name "postgres" to address: Name or service not known

2025-09-21 08:55:39,469 - ERROR - Ошибка подключения к БД: could not translate host name "postgres" to address: Name or service not known

2025-09-21 08:55:49,492 - ERROR - Ошибка подключения к БД: could not translate host name "postgres" to address: Name or service not known

2025-09-21 08:55:59,515 - ERROR - Ошибка подключения к БД: could not translate host name "postgres" to address: Name or service not known

2025-09-21 08:56:09,531 - ERROR - Ошибка подключения к БД: could not translate host name "postgres" to address: Name or service not known

2025-09-21 08:56:19,558 - ERROR - Ошибка подключения к БД: could not translate host name "postgres" to address: Name or service not known

2025-09-21 08:56:29,580 - ERROR - Ошибка подключения к БД: could not translate host name "postgres" to address: Name or service not known

2025-09-21 08:56:39,601 - ERROR - Ошибка подключения к БД: could not translate host name "postgres" to address: Name or service not known

2025-09-21 08:56:49,615 - ERROR - Ошибка подключения к БД: could not translate host name "postgres" to address: Name or service not known

2025-09-21 08:56:59,637 - ERROR - Ошибка подключения к БД: could not translate host name "postgres" to address: Name or service not known

2025-09-21 08:57:09,659 - ERROR - Ошибка подключения к БД: could not translate host name "postgres" to address: Name or service not known

2025-09-21 08:57:19,687 - ERROR - Ошибка подключения к БД: could not translate host name "postgres" to address: Name or service not known

2025-09-21 08:57:29,721 - ERROR - Ошибка подключения к БД: could not translate host name "postgres" to address: Name or service not known

2025-09-21 08:57:39,745 - ERROR - Ошибка подключения к БД: could not translate host name "postgres" to address: Name or service not known

2025-09-21 08:57:49,766 - ERROR - Ошибка подключения к БД: could not translate host name "postgres" to address: Name or service not known

2025-09-21 08:57:59,813 - ERROR - Ошибка подключения к БД: could not translate host name "postgres" to address: Name or service not known

2025-09-21 08:58:09,838 - ERROR - Ошибка подключения к БД: could not translate host name "postgres" to address: Name or service not known

2025-09-21 08:58:19,857 - ERROR - Ошибка подключения к БД: could not translate host name "postgres" to address: Name or service not known

2025-09-21 08:58:29,875 - ERROR - Ошибка подключения к БД: could not translate host name "postgres" to address: Name or service not known

2025-09-21 08:58:39,896 - ERROR - Ошибка подключения к БД: could not translate host name "postgres" to address: Name or service not known

2025-09-21 08:58:49,918 - ERROR - Ошибка подключения к БД: could not translate host name "postgres" to address: Name or service not known

2025-09-21 08:58:59,938 - ERROR - Ошибка подключения к БД: could not translate host name "postgres" to address: Name or service not known

2025-09-21 08:59:09,958 - ERROR - Ошибка подключения к БД: could not translate host name "postgres" to address: Name or service not known

2025-09-21 08:59:19,978 - ERROR - Ошибка подключения к БД: could not translate host name "postgres" to address: Name or service not known

2025-09-21 08:59:30,001 - ERROR - Ошибка подключения к БД: could not translate host name "postgres" to address: Name or service not known

2025-09-21 08:59:40,023 - ERROR - Ошибка подключения к БД: could not translate host name "postgres" to address: Name or service not known

2025-09-21 08:59:50,042 - ERROR - Ошибка подключения к БД: could not translate host name "postgres" to address: Name or service not known

2025-09-21 09:00:00,060 - ERROR - Ошибка подключения к БД: could not translate host name "postgres" to address: Name or service not known

2025-09-21 09:00:10,079 - ERROR - Ошибка подключения к БД: could not translate host name "postgres" to address: Name or service not known

2025-09-21 09:00:20,106 - ERROR - Ошибка подключения к БД: could not translate host name "postgres" to address: Name or service not known

2025-09-21 09:00:30,123 - ERROR - Ошибка подключения к БД: could not translate host name "postgres" to address: Name or service not known

2025-09-21 09:00:40,141 - ERROR - Ошибка подключения к БД: could not translate host name "postgres" to address: Name or service not known

2025-09-21 09:00:50,161 - ERROR - Ошибка подключения к БД: could not translate host name "postgres" to address: Name or service not known

2025-09-21 09:01:00,180 - ERROR - Ошибка подключения к БД: could not translate host name "postgres" to address: Name or service not known

2025-09-21 09:01:10,197 - ERROR - Ошибка подключения к БД: could not translate host name "postgres" to address: Name or service not known

2025-09-21 09:01:20,231 - ERROR - Ошибка подключения к БД: could not translate host name "postgres" to address: Name or service not known

2025-09-21 09:01:30,251 - ERROR - Ошибка подключения к БД: could not translate host name "postgres" to address: Name or service not known

2025-09-21 09:01:40,268 - ERROR - Ошибка подключения к БД: could not translate host name "postgres" to address: Name or service not known

2025-09-21 09:01:50,283 - ERROR - Ошибка подключения к БД: could not translate host name "postgres" to address: Name or service not known

2025-09-21 09:02:00,300 - ERROR - Ошибка подключения к БД: could not translate host name "postgres" to address: Name or service not known

2025-09-21 09:02:10,327 - ERROR - Ошибка подключения к БД: could not translate host name "postgres" to address: Name or service not known

2025-09-21 09:02:20,355 - ERROR - Ошибка подключения к БД: could not translate host name "postgres" to address: Name or service not known

2025-09-21 09:02:30,368 - ERROR - Ошибка подключения к БД: could not translate host name "postgres" to address: Name or service not known

2025-09-21 09:02:40,386 - ERROR - Ошибка подключения к БД: could not translate host name "postgres" to address: Name or service not known

2025-09-21 09:02:50,406 - ERROR - Ошибка подключения к БД: could not translate host name "postgres" to address: Name or service not known

2025-09-21 09:03:00,429 - ERROR - Ошибка подключения к БД: could not translate host name "postgres" to address: Name or service not known

2025-09-21 09:03:10,516 - ERROR - Ошибка подключения к БД: could not translate host name "postgres" to address: Name or service not known

2025-09-21 09:03:20,547 - ERROR - Ошибка подключения к БД: could not translate host name "postgres" to address: Name or service not known

2025-09-21 09:03:30,575 - ERROR - Ошибка подключения к БД: could not translate host name "postgres" to address: Name or service not known

2025-09-21 09:03:40,603 - ERROR - Ошибка подключения к БД: could not translate host name "postgres" to address: Name or service not known

2025-09-21 09:03:50,623 - ERROR - Ошибка подключения к БД: could not translate host name "postgres" to address: Name or service not known

2025-09-21 09:04:00,640 - ERROR - Ошибка подключения к БД: could not translate host name "postgres" to address: Name or service not known

2025-09-21 09:04:10,679 - ERROR - Ошибка подключения к БД: could not translate host name "postgres" to address: Name or service not known

2025-09-21 09:04:20,696 - ERROR - Ошибка подключения к БД: could not translate host name "postgres" to address: Name or service not known

2025-09-21 09:04:30,719 - ERROR - Ошибка подключения к БД: could not translate host name "postgres" to address: Name or service not known

2025-09-21 09:04:40,738 - ERROR - Ошибка подключения к БД: could not translate host name "postgres" to address: Name or service not known

2025-09-21 09:04:50,754 - ERROR - Ошибка подключения к БД: could not translate host name "postgres" to address: Name or service not known

2025-09-21 09:05:00,773 - ERROR - Ошибка подключения к БД: could not translate host name "postgres" to address: Name or service not known

2025-09-21 09:05:10,806 - ERROR - Ошибка подключения к БД: could not translate host name "postgres" to address: Name or service not known

2025-09-21 09:05:20,826 - ERROR - Ошибка подключения к БД: could not translate host name "postgres" to address: Name or service not known

2025-09-21 09:05:30,849 - ERROR - Ошибка подключения к БД: could not translate host name "postgres" to address: Name or service not known

2025-09-21 09:05:40,869 - ERROR - Ошибка подключения к БД: could not translate host name "postgres" to address: Name or service not known

2025-09-21 09:05:50,891 - ERROR - Ошибка подключения к БД: could not translate host name "postgres" to address: Name or service not known

2025-09-21 09:06:00,917 - ERROR - Ошибка подключения к БД: could not translate host name "postgres" to address: Name or service not known

2025-09-21 09:06:10,945 - ERROR - Ошибка подключения к БД: could not translate host name "postgres" to address: Name or service not known

2025-09-21 09:06:20,964 - ERROR - Ошибка подключения к БД: could not translate host name "postgres" to address: Name or service not known

2025-09-21 09:06:30,981 - ERROR - Ошибка подключения к БД: could not translate host name "postgres" to address: Name or service not known

2025-09-21 09:06:41,004 - ERROR - Ошибка подключения к БД: could not translate host name "postgres" to address: Name or service not known

2025-09-21 09:06:51,025 - ERROR - Ошибка подключения к БД: could not translate host name "postgres" to address: Name or service not known

2025-09-21 09:07:01,046 - ERROR - Ошибка подключения к БД: could not translate host name "postgres" to address: Name or service not known

2025-09-21 09:07:11,070 - ERROR - Ошибка подключения к БД: could not translate host name "postgres" to address: Name or service not known

2025-09-21 09:07:21,091 - ERROR - Ошибка подключения к БД: could not translate host name "postgres" to address: Name or service not known

2025-09-21 09:07:31,111 - ERROR - Ошибка подключения к БД: could not translate host name "postgres" to address: Name or service not known

2025-09-21 09:07:41,133 - ERROR - Ошибка подключения к БД: could not translate host name "postgres" to address: Name or service not known

2025-09-21 09:07:51,155 - ERROR - Ошибка подключения к БД: could not translate host name "postgres" to address: Name or service not known

2025-09-21 09:08:01,182 - ERROR - Ошибка подключения к БД: could not translate host name "postgres" to address: Name or service not known

2025-09-21 09:08:11,202 - ERROR - Ошибка подключения к БД: could not translate host name "postgres" to address: Name or service not known

2025-09-21 09:08:21,224 - ERROR - Ошибка подключения к БД: could not translate host name "postgres" to address: Name or service not known

2025-09-21 09:08:31,246 - ERROR - Ошибка подключения к БД: could not translate host name "postgres" to address: Name or service not known

2025-09-21 09:08:41,268 - ERROR - Ошибка подключения к БД: could not translate host name "postgres" to address: Name or service not known

2025-09-21 09:08:51,289 - ERROR - Ошибка подключения к БД: could not translate host name "postgres" to address: Name or service not known

2025-09-21 09:09:01,311 - ERROR - Ошибка подключения к БД: could not translate host name "postgres" to address: Name or service not known

2025-09-21 09:09:11,337 - ERROR - Ошибка подключения к БД: could not translate host name "postgres" to address: Name or service not known

2025-09-21 09:09:21,361 - ERROR - Ошибка подключения к БД: could not translate host name "postgres" to address: Name or service not known

2025-09-21 09:09:31,371 - ERROR - Ошибка подключения к БД: could not translate host name "postgres" to address: Name or service not known

2025-09-21 09:09:41,392 - ERROR - Ошибка подключения к БД: could not translate host name "postgres" to address: Name or service not known

2025-09-21 09:09:51,416 - ERROR - Ошибка подключения к БД: could not translate host name "postgres" to address: Name or service not known

2025-09-21 09:10:01,454 - ERROR - Ошибка подключения к БД: could not translate host name "postgres" to address: Name or service not known

2025-09-21 09:10:11,476 - ERROR - Ошибка подключения к БД: could not translate host name "postgres" to address: Name or service not known

2025-09-21 09:10:21,498 - ERROR - Ошибка подключения к БД: could not translate host name "postgres" to address: Name or service not known

2025-09-21 09:10:31,520 - ERROR - Ошибка подключения к БД: could not translate host name "postgres" to address: Name or service not known

2025-09-21 09:10:41,541 - ERROR - Ошибка подключения к БД: could not translate host name "postgres" to address: Name or service not known

2025-09-21 09:10:51,560 - ERROR - Ошибка подключения к БД: could not translate host name "postgres" to address: Name or service not known

2025-09-21 09:11:01,597 - ERROR - Ошибка подключения к БД: could not translate host name "postgres" to address: Name or service not known

2025-09-21 09:11:11,620 - ERROR - Ошибка подключения к БД: could not translate host name "postgres" to address: Name or service not known

2025-09-21 09:11:21,637 - ERROR - Ошибка подключения к БД: could not translate host name "postgres" to address: Name or service not known

2025-09-21 09:11:31,655 - ERROR - Ошибка подключения к БД: could not translate host name "postgres" to address: Name or service not known

2025-09-21 09:11:41,674 - ERROR - Ошибка подключения к БД: could not translate host name "postgres" to address: Name or service not known

2025-09-21 09:11:51,698 - ERROR - Ошибка подключения к БД: could not translate host name "postgres" to address: Name or service not known

2025-09-21 09:12:01,726 - ERROR - Ошибка подключения к БД: could not translate host name "postgres" to address: Name or service not known

2025-09-21 09:12:11,741 - ERROR - Ошибка подключения к БД: could not translate host name "postgres" to address: Name or service not known

2025-09-21 09:12:21,783 - ERROR - Ошибка подключения к БД: could not translate host name "postgres" to address: Name or service not known

2025-09-21 09:12:31,817 - ERROR - Ошибка подключения к БД: could not translate host name "postgres" to address: Name or service not known

2025-09-21 09:12:41,843 - ERROR - Ошибка подключения к БД: could not translate host name "postgres" to address: Name or service not known

2025-09-21 09:12:51,914 - ERROR - Ошибка подключения к БД: could not translate host name "postgres" to address: Name or service not known

2025-09-21 09:13:01,947 - ERROR - Ошибка подключения к БД: could not translate host name "postgres" to address: Name or service not known

2025-09-21 09:13:11,985 - ERROR - Ошибка подключения к БД: could not translate host name "postgres" to address: Name or service not known

2025-09-21 09:13:22,011 - ERROR - Ошибка подключения к БД: could not translate host name "postgres" to address: Name or service not known

2025-09-21 09:13:32,042 - ERROR - Ошибка подключения к БД: could not translate host name "postgres" to address: Name or service not known

2025-09-21 09:13:42,070 - ERROR - Ошибка подключения к БД: could not translate host name "postgres" to address: Name or service not known

2025-09-21 09:13:52,133 - ERROR - Ошибка подключения к БД: could not translate host name "postgres" to address: Name or service not known

2025-09-21 09:14:02,168 - ERROR - Ошибка подключения к БД: could not translate host name "postgres" to address: Name or service not known

2025-09-21 09:14:12,281 - ERROR - Ошибка подключения к БД: could not translate host name "postgres" to address: Name or service not known

2025-09-21 09:14:22,306 - ERROR - Ошибка подключения к БД: could not translate host name "postgres" to address: Name or service not known

2025-09-21 09:14:32,339 - ERROR - Ошибка подключения к БД: could not translate host name "postgres" to address: Name or service not known

2025-09-21 09:14:42,359 - ERROR - Ошибка подключения к БД: could not translate host name "postgres" to address: Name or service not known

2025-09-21 09:14:52,384 - ERROR - Ошибка подключения к БД: could not translate host name "postgres" to address: Name or service not known

2025-09-21 09:15:02,409 - ERROR - Ошибка подключения к БД: could not translate host name "postgres" to address: Name or service not known

2025-09-21 09:15:12,431 - ERROR - Ошибка подключения к БД: could not translate host name "postgres" to address: Name or service not known

2025-09-21 09:15:22,453 - ERROR - Ошибка подключения к БД: could not translate host name "postgres" to address: Name or service not known

2025-09-21 09:15:32,473 - ERROR - Ошибка подключения к БД: could not translate host name "postgres" to address: Name or service not known

2025-09-21 09:15:42,491 - ERROR - Ошибка подключения к БД: could not translate host name "postgres" to address: Name or service not known

2025-09-21 09:15:52,517 - ERROR - Ошибка подключения к БД: could not translate host name "postgres" to address: Name or service not known

2025-09-21 09:16:02,517 - ERROR - Ошибка подключения к БД: could not translate host name "postgres" to address: Name or service not known

2025-09-21 09:16:12,539 - ERROR - Ошибка подключения к БД: could not translate host name "postgres" to address: Name or service not known

2025-09-21 09:16:22,556 - ERROR - Ошибка подключения к БД: could not translate host name "postgres" to address: Name or service not known

2025-09-21 09:16:32,572 - ERROR - Ошибка подключения к БД: could not translate host name "postgres" to address: Name or service not known

2025-09-21 09:16:42,587 - ERROR - Ошибка подключения к БД: could not translate host name "postgres" to address: Name or service not known

2025-09-21 09:16:52,608 - ERROR - Ошибка подключения к БД: could not translate host name "postgres" to address: Name or service not known

2025-09-21 09:17:02,632 - ERROR - Ошибка подключения к БД: could not translate host name "postgres" to address: Name or service not known

2025-09-21 09:17:12,644 - ERROR - Ошибка подключения к БД: could not translate host name "postgres" to address: Name or service not known

2025-09-21 09:17:22,665 - ERROR - Ошибка подключения к БД: could not translate host name "postgres" to address: Name or service not known

2025-09-21 09:17:32,683 - ERROR - Ошибка подключения к БД: could not translate host name "postgres" to address: Name or service not known

2025-09-21 09:17:42,716 - ERROR - Ошибка подключения к БД: could not translate host name "postgres" to address: Name or service not known

2025-09-21 09:17:52,740 - ERROR - Ошибка подключения к БД: could not translate host name "postgres" to address: Name or service not known

2025-09-21 09:18:02,762 - ERROR - Ошибка подключения к БД: could not translate host name "postgres" to address: Name or service not known

2025-09-21 09:18:12,783 - ERROR - Ошибка подключения к БД: could not translate host name "postgres" to address: Name or service not known

2025-09-21 09:18:22,806 - ERROR - Ошибка подключения к БД: could not translate host name "postgres" to address: Name or service not known

2025-09-21 09:18:32,832 - ERROR - Ошибка подключения к БД: could not translate host name "postgres" to address: Name or service not known

2025-09-21 09:18:42,859 - ERROR - Ошибка подключения к БД: could not translate host name "postgres" to address: Name or service not known

2025-09-21 09:18:52,881 - ERROR - Ошибка подключения к БД: could not translate host name "postgres" to address: Name or service not known

2025-09-21 09:19:02,907 - ERROR - Ошибка подключения к БД: could not translate host name "postgres" to address: Name or service not known

2025-09-21 09:19:12,927 - ERROR - Ошибка подключения к БД: could not translate host name "postgres" to address: Name or service not known

2025-09-21 09:19:22,948 - ERROR - Ошибка подключения к БД: could not translate host name "postgres" to address: Name or service not known

2025-09-21 09:19:32,966 - ERROR - Ошибка подключения к БД: could not translate host name "postgres" to address: Name or service not known

2025-09-21 09:19:42,994 - ERROR - Ошибка подключения к БД: could not translate host name "postgres" to address: Name or service not known

2025-09-21 09:19:53,010 - ERROR - Ошибка подключения к БД: could not translate host name "postgres" to address: Name or service not known

2025-09-21 09:20:03,023 - ERROR - Ошибка подключения к БД: could not translate host name "postgres" to address: Name or service not known

2025-09-21 09:20:13,045 - ERROR - Ошибка подключения к БД: could not translate host name "postgres" to address: Name or service not known

2025-09-21 09:20:23,065 - ERROR - Ошибка подключения к БД: could not translate host name "postgres" to address: Name or service not known

2025-09-21 09:20:33,087 - ERROR - Ошибка подключения к БД: could not translate host name "postgres" to address: Name or service not known

2025-09-21 09:20:43,107 - ERROR - Ошибка подключения к БД: could not translate host name "postgres" to address: Name or service not known

2025-09-21 09:20:53,130 - ERROR - Ошибка подключения к БД: could not translate host name "postgres" to address: Name or service not known

2025-09-21 09:21:03,153 - ERROR - Ошибка подключения к БД: could not translate host name "postgres" to address: Name or service not known

2025-09-21 09:21:13,176 - ERROR - Ошибка подключения к БД: could not translate host name "postgres" to address: Name or service not known

2025-09-21 09:21:23,196 - ERROR - Ошибка подключения к БД: could not translate host name "postgres" to address: Name or service not known

2025-09-21 09:21:33,216 - ERROR - Ошибка подключения к БД: could not translate host name "postgres" to address: Name or service not known

2025-09-21 09:21:43,251 - ERROR - Ошибка подключения к БД: could not translate host name "postgres" to address: Name or service not known

2025-09-21 09:21:53,277 - ERROR - Ошибка подключения к БД: could not translate host name "postgres" to address: Name or service not known

2025-09-21 09:22:03,293 - ERROR - Ошибка подключения к БД: could not translate host name "postgres" to address: Name or service not known

2025-09-21 09:22:13,312 - ERROR - Ошибка подключения к БД: could not translate host name "postgres" to address: Name or service not known

2025-09-21 09:22:23,468 - ERROR - Ошибка подключения к БД: could not translate host name "postgres" to address: Name or service not known

2025-09-21 09:22:33,487 - ERROR - Ошибка подключения к БД: could not translate host name "postgres" to address: Name or service not known

2025-09-21 09:22:43,537 - ERROR - Ошибка подключения к БД: could not translate host name "postgres" to address: Name or service not known

2025-09-21 09:22:53,570 - ERROR - Ошибка подключения к БД: could not translate host name "postgres" to address: Name or service not known

2025-09-21 09:23:03,607 - ERROR - Ошибка подключения к БД: could not translate host name "postgres" to address: Name or service not known

2025-09-21 09:23:13,629 - ERROR - Ошибка подключения к БД: could not translate host name "postgres" to address: Name or service not known

2025-09-21 09:23:23,649 - ERROR - Ошибка подключения к БД: could not translate host name "postgres" to address: Name or service not known

2025-09-21 09:23:33,679 - ERROR - Ошибка подключения к БД: could not translate host name "postgres" to address: Name or service not known

2025-09-21 09:23:43,695 - ERROR - Ошибка подключения к БД: could not translate host name "postgres" to address: Name or service not known

2025-09-21 09:23:53,715 - ERROR - Ошибка подключения к БД: could not translate host name "postgres" to address: Name or service not known

2025-09-21 09:24:03,736 - ERROR - Ошибка подключения к БД: could not translate host name "postgres" to address: Name or service not known

2025-09-21 09:24:13,754 - ERROR - Ошибка подключения к БД: could not translate host name "postgres" to address: Name or service not known

2025-09-21 09:24:23,779 - ERROR - Ошибка подключения к БД: could not translate host name "postgres" to address: Name or service not known

2025-09-21 09:24:33,811 - ERROR - Ошибка подключения к БД: could not translate host name "postgres" to address: Name or service not known

2025-09-21 09:24:43,831 - ERROR - Ошибка подключения к БД: could not translate host name "postgres" to address: Name or service not known

2025-09-21 09:24:53,851 - ERROR - Ошибка подключения к БД: could not translate host name "postgres" to address: Name or service not known

2025-09-21 09:25:03,869 - ERROR - Ошибка подключения к БД: could not translate host name "postgres" to address: Name or service not known

2025-09-21 09:25:13,892 - ERROR - Ошибка подключения к БД: could not translate host name "postgres" to address: Name or service not known

2025-09-21 09:25:23,915 - ERROR - Ошибка подключения к БД: could not translate host name "postgres" to address: Name or service not known

2025-09-21 09:25:33,947 - ERROR - Ошибка подключения к БД: could not translate host name "postgres" to address: Name or service not known

2025-09-21 09:25:43,973 - ERROR - Ошибка подключения к БД: could not translate host name "postgres" to address: Name or service not known

2025-09-21 09:25:53,995 - ERROR - Ошибка подключения к БД: could not translate host name "postgres" to address: Name or service not known

2025-09-21 09:26:04,014 - ERROR - Ошибка подключения к БД: could not translate host name "postgres" to address: Name or service not known

2025-09-21 09:26:14,037 - ERROR - Ошибка подключения к БД: could not translate host name "postgres" to address: Name or service not known

2025-09-21 09:26:24,060 - ERROR - Ошибка подключения к БД: could not translate host name "postgres" to address: Name or service not known

2025-09-21 09:26:34,088 - ERROR - Ошибка подключения к БД: could not translate host name "postgres" to address: Name or service not known

2025-09-21 09:26:44,118 - ERROR - Ошибка подключения к БД: could not translate host name "postgres" to address: Name or service not known

2025-09-21 09:26:54,139 - ERROR - Ошибка подключения к БД: could not translate host name "postgres" to address: Name or service not known

2025-09-21 09:27:04,163 - ERROR - Ошибка подключения к БД: could not translate host name "postgres" to address: Name or service not known

2025-09-21 09:27:14,185 - ERROR - Ошибка подключения к БД: could not translate host name "postgres" to address: Name or service not known

2025-09-21 09:27:24,206 - ERROR - Ошибка подключения к БД: could not translate host name "postgres" to address: Name or service not known

2025-09-21 09:27:34,232 - ERROR - Ошибка подключения к БД: could not translate host name "postgres" to address: Name or service not known

2025-09-21 09:27:44,254 - ERROR - Ошибка подключения к БД: could not translate host name "postgres" to address: Name or service not known

2025-09-21 09:27:54,271 - ERROR - Ошибка подключения к БД: could not translate host name "postgres" to address: Name or service not known

2025-09-21 09:28:04,291 - ERROR - Ошибка подключения к БД: could not translate host name "postgres" to address: Name or service not known

2025-09-21 09:28:14,308 - ERROR - Ошибка подключения к БД: could not translate host name "postgres" to address: Name or service not known

2025-09-21 09:28:24,328 - ERROR - Ошибка подключения к БД: could not translate host name "postgres" to address: Name or service not known

2025-09-21 09:28:34,360 - ERROR - Ошибка подключения к БД: could not translate host name "postgres" to address: Name or service not known

2025-09-21 09:28:44,380 - ERROR - Ошибка подключения к БД: could not translate host name "postgres" to address: Name or service not known

2025-09-21 09:28:54,398 - ERROR - Ошибка подключения к БД: could not translate host name "postgres" to address: Name or service not known

2025-09-21 09:29:04,422 - ERROR - Ошибка подключения к БД: could not translate host name "postgres" to address: Name or service not known

2025-09-21 09:29:14,448 - ERROR - Ошибка подключения к БД: could not translate host name "postgres" to address: Name or service not known

2025-09-21 09:29:24,472 - ERROR - Ошибка подключения к БД: could not translate host name "postgres" to address: Name or service not known

2025-09-21 09:29:34,495 - ERROR - Ошибка подключения к БД: could not translate host name "postgres" to address: Name or service not known

2025-09-21 09:29:44,517 - ERROR - Ошибка подключения к БД: could not translate host name "postgres" to address: Name or service not known

2025-09-21 09:29:54,542 - ERROR - Ошибка подключения к БД: could not translate host name "postgres" to address: Name or service not known

2025-09-21 09:30:04,563 - ERROR - Ошибка подключения к БД: could not translate host name "postgres" to address: Name or service not known

2025-09-21 09:30:14,586 - ERROR - Ошибка подключения к БД: could not translate host name "postgres" to address: Name or service not known

2025-09-21 09:30:24,605 - ERROR - Ошибка подключения к БД: could not translate host name "postgres" to address: Name or service not known

2025-09-21 09:30:34,628 - ERROR - Ошибка подключения к БД: could not translate host name "postgres" to address: Name or service not known

2025-09-21 09:30:44,660 - ERROR - Ошибка подключения к БД: could not translate host name "postgres" to address: Name or service not known

2025-09-21 09:30:54,682 - ERROR - Ошибка подключения к БД: could not translate host name "postgres" to address: Name or service not known

2025-09-21 09:31:04,683 - ERROR - Ошибка подключения к БД: could not translate host name "postgres" to address: Name or service not known

2025-09-21 09:31:14,703 - ERROR - Ошибка подключения к БД: could not translate host name "postgres" to address: Name or service not known

2025-09-21 09:31:24,728 - ERROR - Ошибка подключения к БД: could not translate host name "postgres" to address: Name or service not known

2025-09-21 09:31:34,748 - ERROR - Ошибка подключения к БД: could not translate host name "postgres" to address: Name or service not known

2025-09-21 09:31:44,768 - ERROR - Ошибка подключения к БД: could not translate host name "postgres" to address: Name or service not known

2025-09-21 09:31:54,797 - ERROR - Ошибка подключения к БД: could not translate host name "postgres" to address: Name or service not known

2025-09-21 09:32:04,818 - ERROR - Ошибка подключения к БД: could not translate host name "postgres" to address: Name or service not known

2025-09-21 09:32:14,836 - ERROR - Ошибка подключения к БД: could not translate host name "postgres" to address: Name or service not known

2025-09-21 09:32:24,860 - ERROR - Ошибка подключения к БД: could not translate host name "postgres" to address: Name or service not known

2025-09-21 09:32:34,889 - ERROR - Ошибка подключения к БД: could not translate host name "postgres" to address: Name or service not known

2025-09-21 09:32:44,914 - ERROR - Ошибка подключения к БД: could not translate host name "postgres" to address: Name or service not known

2025-09-21 09:32:54,951 - ERROR - Ошибка подключения к БД: could not translate host name "postgres" to address: Name or service not known

2025-09-21 09:33:04,974 - ERROR - Ошибка подключения к БД: could not translate host name "postgres" to address: Name or service not known

2025-09-21 09:33:14,995 - ERROR - Ошибка подключения к БД: could not translate host name "postgres" to address: Name or service not known

2025-09-21 09:33:25,026 - ERROR - Ошибка подключения к БД: could not translate host name "postgres" to address: Name or service not known

2025-09-21 09:33:35,044 - ERROR - Ошибка подключения к БД: could not translate host name "postgres" to address: Name or service not known

2025-09-21 09:33:45,068 - ERROR - Ошибка подключения к БД: could not translate host name "postgres" to address: Name or service not known

2025-09-21 09:33:55,090 - ERROR - Ошибка подключения к БД: could not translate host name "postgres" to address: Name or service not known

2025-09-21 09:34:05,109 - ERROR - Ошибка подключения к БД: could not translate host name "postgres" to address: Name or service not known

2025-09-21 09:34:15,146 - ERROR - Ошибка подключения к БД: could not translate host name "postgres" to address: Name or service not known

2025-09-21 09:34:25,180 - ERROR - Ошибка подключения к БД: could not translate host name "postgres" to address: Name or service not known

2025-09-21 09:34:35,205 - ERROR - Ошибка подключения к БД: could not translate host name "postgres" to address: Name or service not known

2025-09-21 09:34:45,225 - ERROR - Ошибка подключения к БД: could not translate host name "postgres" to address: Name or service not known

2025-09-21 09:34:55,244 - ERROR - Ошибка подключения к БД: could not translate host name "postgres" to address: Name or service not known

2025-09-21 09:35:05,266 - ERROR - Ошибка подключения к БД: could not translate host name "postgres" to address: Name or service not known

2025-09-21 09:35:15,287 - ERROR - Ошибка подключения к БД: could not translate host name "postgres" to address: Name or service not known

2025-09-21 09:35:25,309 - ERROR - Ошибка подключения к БД: could not translate host name "postgres" to address: Name or service not known

2025-09-21 09:35:35,334 - ERROR - Ошибка подключения к БД: could not translate host name "postgres" to address: Name or service not known

2025-09-21 09:35:45,365 - ERROR - Ошибка подключения к БД: could not translate host name "postgres" to address: Name or service not known

2025-09-21 09:35:55,386 - ERROR - Ошибка подключения к БД: could not translate host name "postgres" to address: Name or service not known

2025-09-21 09:36:05,404 - ERROR - Ошибка подключения к БД: could not translate host name "postgres" to address: Name or service not known

2025-09-21 09:36:15,444 - ERROR - Ошибка подключения к БД: could not translate host name "postgres" to address: Name or service not known

2025-09-21 09:36:25,473 - ERROR - Ошибка подключения к БД: could not translate host name "postgres" to address: Name or service not known

2025-09-21 09:36:35,495 - ERROR - Ошибка подключения к БД: could not translate host name "postgres" to address: Name or service not known

2025-09-21 09:36:45,518 - ERROR - Ошибка подключения к БД: could not translate host name "postgres" to address: Name or service not known

2025-09-21 09:36:55,543 - ERROR - Ошибка подключения к БД: could not translate host name "postgres" to address: Name or service not known

2025-09-21 09:37:05,567 - ERROR - Ошибка подключения к БД: could not translate host name "postgres" to address: Name or service not known

2025-09-21 09:37:15,591 - ERROR - Ошибка подключения к БД: could not translate host name "postgres" to address: Name or service not known

2025-09-21 09:37:25,620 - ERROR - Ошибка подключения к БД: could not translate host name "postgres" to address: Name or service not known

2025-09-21 09:37:35,644 - ERROR - Ошибка подключения к БД: could not translate host name "postgres" to address: Name or service not known

2025-09-21 09:37:45,666 - ERROR - Ошибка подключения к БД: could not translate host name "postgres" to address: Name or service not known

2025-09-21 09:37:55,688 - ERROR - Ошибка подключения к БД: could not translate host name "postgres" to address: Name or service not known

2025-09-21 09:38:05,711 - ERROR - Ошибка подключения к БД: could not translate host name "postgres" to address: Name or service not known

2025-09-21 09:38:15,733 - ERROR - Ошибка подключения к БД: could not translate host name "postgres" to address: Name or service not known

2025-09-21 09:38:25,754 - ERROR - Ошибка подключения к БД: could not translate host name "postgres" to address: Name or service not known

2025-09-21 09:38:35,778 - ERROR - Ошибка подключения к БД: could not translate host name "postgres" to address: Name or service not known

2025-09-21 09:38:45,813 - ERROR - Ошибка подключения к БД: could not translate host name "postgres" to address: Name or service not known

2025-09-21 09:38:55,844 - ERROR - Ошибка подключения к БД: could not translate host name "postgres" to address: Name or service not known

2025-09-21 09:39:05,872 - ERROR - Ошибка подключения к БД: could not translate host name "postgres" to address: Name or service not known

2025-09-21 09:39:15,889 - ERROR - Ошибка подключения к БД: could not translate host name "postgres" to address: Name or service not known

2025-09-21 09:39:25,924 - ERROR - Ошибка подключения к БД: could not translate host name "postgres" to address: Name or service not known

2025-09-21 09:39:35,949 - ERROR - Ошибка подключения к БД: could not translate host name "postgres" to address: Name or service not known

2025-09-21 09:39:45,976 - ERROR - Ошибка подключения к БД: could not translate host name "postgres" to address: Name or service not known

2025-09-21 09:39:56,001 - ERROR - Ошибка подключения к БД: could not translate host name "postgres" to address: Name or service not known

2025-09-21 09:40:06,025 - ERROR - Ошибка подключения к БД: could not translate host name "postgres" to address: Name or service not known

2025-09-21 09:40:16,559 - ERROR - Ошибка подключения к БД: could not translate host name "postgres" to address: Name or service not known

2025-09-21 09:40:27,105 - ERROR - Ошибка подключения к БД: could not translate host name "postgres" to address: Name or service not known

2025-09-21 09:55:37,025 - ERROR - Ошибка подключения к БД: could not translate host name "postgres" to address: Name or service not known

2025-09-21 09:55:47,599 - ERROR - Ошибка подключения к БД: could not translate host name "postgres" to address: Name or service not known

2025-09-21 09:55:57,639 - ERROR - Ошибка подключения к БД: could not translate host name "postgres" to address: Name or service not known

2025-09-21 10:02:21,117 - ERROR - Ошибка подключения к БД: could not translate host name "postgres" to address: Name or service not known

2025-09-21 10:02:31,147 - ERROR - Ошибка подключения к БД: could not translate host name "postgres" to address: Name or service not known

2025-09-21 10:02:41,174 - ERROR - Ошибка подключения к БД: could not translate host name "postgres" to address: Name or service not known

2025-09-21 10:02:51,195 - ERROR - Ошибка подключения к БД: could not translate host name "postgres" to address: Name or service not known

2025-09-21 10:03:01,214 - ERROR - Ошибка подключения к БД: could not translate host name "postgres" to address: Name or service not known

2025-09-21 10:03:11,232 - ERROR - Ошибка подключения к БД: could not translate host name "postgres" to address: Name or service not known

2025-09-21 10:03:21,260 - ERROR - Ошибка подключения к БД: could not translate host name "postgres" to address: Name or service not known

2025-09-21 10:03:31,308 - ERROR - Ошибка подключения к БД: could not translate host name "postgres" to address: Name or service not known

2025-09-21 10:03:41,327 - ERROR - Ошибка подключения к БД: could not translate host name "postgres" to address: Name or service not known

2025-09-21 10:03:51,346 - ERROR - Ошибка подключения к БД: could not translate host name "postgres" to address: Name or service not known

2025-09-21 10:04:01,365 - ERROR - Ошибка подключения к БД: could not translate host name "postgres" to address: Name or service not known

2025-09-21 10:04:11,383 - ERROR - Ошибка подключения к БД: could not translate host name "postgres" to address: Name or service not known

2025-09-21 10:04:21,414 - ERROR - Ошибка подключения к БД: could not translate host name "postgres" to address: Name or service not known

2025-09-21 10:04:31,440 - ERROR - Ошибка подключения к БД: could not translate host name "postgres" to address: Name or service not known

2025-09-21 10:04:41,459 - ERROR - Ошибка подключения к БД: could not translate host name "postgres" to address: Name or service not known

2025-09-21 10:04:51,475 - ERROR - Ошибка подключения к БД: could not translate host name "postgres" to address: Name or service not known

2025-09-21 10:05:01,491 - ERROR - Ошибка подключения к БД: could not translate host name "postgres" to address: Name or service not known

2025-09-21 10:05:11,513 - ERROR - Ошибка подключения к БД: could not translate host name "postgres" to address: Name or service not known

2025-09-21 10:05:21,537 - ERROR - Ошибка подключения к БД: could not translate host name "postgres" to address: Name or service not known

2025-09-21 10:05:31,561 - ERROR - Ошибка подключения к БД: could not translate host name "postgres" to address: Name or service not known

2025-09-21 10:05:41,580 - ERROR - Ошибка подключения к БД: could not translate host name "postgres" to address: Name or service not known

2025-09-21 10:05:51,600 - ERROR - Ошибка подключения к БД: could not translate host name "postgres" to address: Name or service not known

2025-09-21 10:06:01,615 - ERROR - Ошибка подключения к БД: could not translate host name "postgres" to address: Name or service not known

2025-09-21 10:06:11,635 - ERROR - Ошибка подключения к БД: could not translate host name "postgres" to address: Name or service not known

2025-09-21 10:06:21,658 - ERROR - Ошибка подключения к БД: could not translate host name "postgres" to address: Name or service not known

2025-09-21 10:06:31,679 - ERROR - Ошибка подключения к БД: could not translate host name "postgres" to address: Name or service not known

2025-09-21 10:06:41,698 - ERROR - Ошибка подключения к БД: could not translate host name "postgres" to address: Name or service not known

2025-09-21 10:06:51,719 - ERROR - Ошибка подключения к БД: could not translate host name "postgres" to address: Name or service not known

2025-09-21 10:07:01,735 - ERROR - Ошибка подключения к БД: could not translate host name "postgres" to address: Name or service not known

2025-09-21 10:07:11,760 - ERROR - Ошибка подключения к БД: could not translate host name "postgres" to address: Name or service not known

2025-09-21 10:07:21,788 - ERROR - Ошибка подключения к БД: could not translate host name "postgres" to address: Name or service not known

2025-09-21 10:07:31,810 - ERROR - Ошибка подключения к БД: could not translate host name "postgres" to address: Name or service not known

2025-09-21 10:07:41,836 - ERROR - Ошибка подключения к БД: could not translate host name "postgres" to address: Name or service not known

2025-09-21 10:07:51,861 - ERROR - Ошибка подключения к БД: could not translate host name "postgres" to address: Name or service not known

2025-09-21 10:08:01,880 - ERROR - Ошибка подключения к БД: could not translate host name "postgres" to address: Name or service not known

2025-09-21 10:08:11,907 - ERROR - Ошибка подключения к БД: could not translate host name "postgres" to address: Name or service not known

2025-09-21 10:08:21,940 - ERROR - Ошибка подключения к БД: could not translate host name "postgres" to address: Name or service not known

2025-09-21 10:08:31,951 - ERROR - Ошибка подключения к БД: could not translate host name "postgres" to address: Name or service not known

2025-09-21 10:08:41,969 - ERROR - Ошибка подключения к БД: could not translate host name "postgres" to address: Name or service not known

2025-09-21 10:08:51,991 - ERROR - Ошибка подключения к БД: could not translate host name "postgres" to address: Name or service not known

2025-09-21 10:09:02,017 - ERROR - Ошибка подключения к БД: could not translate host name "postgres" to address: Name or service not known

2025-09-21 10:09:12,051 - ERROR - Ошибка подключения к БД: could not translate host name "postgres" to address: Name or service not known

2025-09-21 10:09:22,075 - ERROR - Ошибка подключения к БД: could not translate host name "postgres" to address: Name or service not known

2025-09-21 10:09:32,096 - ERROR - Ошибка подключения к БД: could not translate host name "postgres" to address: Name or service not known

2025-09-21 10:09:42,117 - ERROR - Ошибка подключения к БД: could not translate host name "postgres" to address: Name or service not known

2025-09-21 10:09:52,138 - ERROR - Ошибка подключения к БД: could not translate host name "postgres" to address: Name or service not known

2025-09-21 10:10:02,158 - ERROR - Ошибка подключения к БД: could not translate host name "postgres" to address: Name or service not known

2025-09-21 10:10:12,190 - ERROR - Ошибка подключения к БД: could not translate host name "postgres" to address: Name or service not known

2025-09-21 10:10:22,211 - ERROR - Ошибка подключения к БД: could not translate host name "postgres" to address: Name or service not known

2025-09-21 10:10:32,228 - ERROR - Ошибка подключения к БД: could not translate host name "postgres" to address: Name or service not known

2025-09-21 10:10:42,246 - ERROR - Ошибка подключения к БД: could not translate host name "postgres" to address: Name or service not known

2025-09-21 10:10:52,267 - ERROR - Ошибка подключения к БД: could not translate host name "postgres" to address: Name or service not known

2025-09-21 10:11:02,273 - ERROR - Ошибка подключения к БД: could not translate host name "postgres" to address: Name or service not known

2025-09-21 10:11:12,302 - ERROR - Ошибка подключения к БД: could not translate host name "postgres" to address: Name or service not known

2025-09-21 10:11:22,317 - ERROR - Ошибка подключения к БД: could not translate host name "postgres" to address: Name or service not known

2025-09-21 10:11:32,335 - ERROR - Ошибка подключения к БД: could not translate host name "postgres" to address: Name or service not known

2025-09-21 10:11:42,348 - ERROR - Ошибка подключения к БД: could not translate host name "postgres" to address: Name or service not known

2025-09-21 10:11:52,371 - ERROR - Ошибка подключения к БД: could not translate host name "postgres" to address: Name or service not known

2025-09-21 10:12:02,393 - ERROR - Ошибка подключения к БД: could not translate host name "postgres" to address: Name or service not known

2025-09-21 10:12:12,420 - ERROR - Ошибка подключения к БД: could not translate host name "postgres" to address: Name or service not known

2025-09-21 10:12:22,446 - ERROR - Ошибка подключения к БД: could not translate host name "postgres" to address: Name or service not known

2025-09-21 10:12:32,468 - ERROR - Ошибка подключения к БД: could not translate host name "postgres" to address: Name or service not known

2025-09-21 10:12:42,491 - ERROR - Ошибка подключения к БД: could not translate host name "postgres" to address: Name or service not known

2025-09-21 10:12:52,516 - ERROR - Ошибка подключения к БД: could not translate host name "postgres" to address: Name or service not known

2025-09-21 10:13:02,548 - ERROR - Ошибка подключения к БД: could not translate host name "postgres" to address: Name or service not known

2025-09-21 10:13:12,579 - ERROR - Ошибка подключения к БД: could not translate host name "postgres" to address: Name or service not known

2025-09-21 10:13:22,602 - ERROR - Ошибка подключения к БД: could not translate host name "postgres" to address: Name or service not known

2025-09-21 10:13:32,628 - ERROR - Ошибка подключения к БД: could not translate host name "postgres" to address: Name or service not known

2025-09-21 10:13:42,654 - ERROR - Ошибка подключения к БД: could not translate host name "postgres" to address: Name or service not known

2025-09-21 10:13:52,682 - ERROR - Ошибка подключения к БД: could not translate host name "postgres" to address: Name or service not known

2025-09-21 10:14:02,706 - ERROR - Ошибка подключения к БД: could not translate host name "postgres" to address: Name or service not known

2025-09-21 10:14:12,729 - ERROR - Ошибка подключения к БД: could not translate host name "postgres" to address: Name or service not known

2025-09-21 10:14:22,752 - ERROR - Ошибка подключения к БД: could not translate host name "postgres" to address: Name or service not known

2025-09-21 10:14:32,779 - ERROR - Ошибка подключения к БД: could not translate host name "postgres" to address: Name or service not known

2025-09-21 10:14:42,811 - ERROR - Ошибка подключения к БД: could not translate host name "postgres" to address: Name or service not known

2025-09-21 10:14:52,838 - ERROR - Ошибка подключения к БД: could not translate host name "postgres" to address: Name or service not known

2025-09-21 10:15:02,863 - ERROR - Ошибка подключения к БД: could not translate host name "postgres" to address: Name or service not known

2025-09-21 10:15:12,892 - ERROR - Ошибка подключения к БД: could not translate host name "postgres" to address: Name or service not known

2025-09-21 10:15:22,916 - ERROR - Ошибка подключения к БД: could not translate host name "postgres" to address: Name or service not known

2025-09-21 10:15:32,939 - ERROR - Ошибка подключения к БД: could not translate host name "postgres" to address: Name or service not known

2025-09-21 10:15:42,962 - ERROR - Ошибка подключения к БД: could not translate host name "postgres" to address: Name or service not known

2025-09-21 10:15:52,992 - ERROR - Ошибка подключения к БД: could not translate host name "postgres" to address: Name or service not known

2025-09-21 10:16:03,019 - ERROR - Ошибка подключения к БД: could not translate host name "postgres" to address: Name or service not known

2025-09-21 10:16:13,051 - ERROR - Ошибка подключения к БД: could not translate host name "postgres" to address: Name or service not known

2025-09-21 10:16:23,072 - ERROR - Ошибка подключения к БД: could not translate host name "postgres" to address: Name or service not known

2025-09-21 10:16:33,090 - ERROR - Ошибка подключения к БД: could not translate host name "postgres" to address: Name or service not known

2025-09-21 10:16:43,113 - ERROR - Ошибка подключения к БД: could not translate host name "postgres" to address: Name or service not known

2025-09-21 10:16:53,136 - ERROR - Ошибка подключения к БД: could not translate host name "postgres" to address: Name or service not known

2025-09-21 10:17:03,161 - ERROR - Ошибка подключения к БД: could not translate host name "postgres" to address: Name or service not known

2025-09-21 10:17:13,191 - ERROR - Ошибка подключения к БД: could not translate host name "postgres" to address: Name or service not known

2025-09-21 10:17:23,222 - ERROR - Ошибка подключения к БД: could not translate host name "postgres" to address: Name or service not known

2025-09-21 10:17:33,244 - ERROR - Ошибка подключения к БД: could not translate host name "postgres" to address: Name or service not known

2025-09-21 10:17:43,268 - ERROR - Ошибка подключения к БД: could not translate host name "postgres" to address: Name or service not known

2025-09-21 10:17:53,293 - ERROR - Ошибка подключения к БД: could not translate host name "postgres" to address: Name or service not known

2025-09-21 10:18:03,323 - ERROR - Ошибка подключения к БД: could not translate host name "postgres" to address: Name or service not known

2025-09-21 10:18:13,355 - ERROR - Ошибка подключения к БД: could not translate host name "postgres" to address: Name or service not known

2025-09-21 10:18:23,386 - ERROR - Ошибка подключения к БД: could not translate host name "postgres" to address: Name or service not known

2025-09-21 10:18:33,410 - ERROR - Ошибка подключения к БД: could not translate host name "postgres" to address: Name or service not known

2025-09-21 10:18:43,428 - ERROR - Ошибка подключения к БД: could not translate host name "postgres" to address: Name or service not known

2025-09-21 10:18:53,452 - ERROR - Ошибка подключения к БД: could not translate host name "postgres" to address: Name or service not known

2025-09-21 10:19:03,481 - ERROR - Ошибка подключения к БД: could not translate host name "postgres" to address: Name or service not known

2025-09-21 10:19:13,496 - ERROR - Ошибка подключения к БД: could not translate host name "postgres" to address: Name or service not known

2025-09-21 10:19:23,518 - ERROR - Ошибка подключения к БД: could not translate host name "postgres" to address: Name or service not known

2025-09-21 10:19:33,542 - ERROR - Ошибка подключения к БД: could not translate host name "postgres" to address: Name or service not known

2025-09-21 10:19:43,563 - ERROR - Ошибка подключения к БД: could not translate host name "postgres" to address: Name or service not known

2025-09-21 10:19:53,582 - ERROR - Ошибка подключения к БД: could not translate host name "postgres" to address: Name or service not known

2025-09-21 10:20:03,605 - ERROR - Ошибка подключения к БД: could not translate host name "postgres" to address: Name or service not known

2025-09-21 10:20:13,626 - ERROR - Ошибка подключения к БД: could not translate host name "postgres" to address: Name or service not known

2025-09-21 10:20:23,648 - ERROR - Ошибка подключения к БД: could not translate host name "postgres" to address: Name or service not known

2025-09-21 10:20:33,668 - ERROR - Ошибка подключения к БД: could not translate host name "postgres" to address: Name or service not known

2025-09-21 10:20:43,690 - ERROR - Ошибка подключения к БД: could not translate host name "postgres" to address: Name or service not known

2025-09-21 10:20:53,712 - ERROR - Ошибка подключения к БД: could not translate host name "postgres" to address: Name or service not known

2025-09-21 10:21:03,735 - ERROR - Ошибка подключения к БД: could not translate host name "postgres" to address: Name or service not known

2025-09-21 10:21:13,757 - ERROR - Ошибка подключения к БД: could not translate host name "postgres" to address: Name or service not known

2025-09-21 10:21:23,782 - ERROR - Ошибка подключения к БД: could not translate host name "postgres" to address: Name or service not known

2025-09-21 10:21:33,799 - ERROR - Ошибка подключения к БД: could not translate host name "postgres" to address: Name or service not known

2025-09-21 10:21:43,821 - ERROR - Ошибка подключения к БД: could not translate host name "postgres" to address: Name or service not known

2025-09-21 10:21:53,842 - ERROR - Ошибка подключения к БД: could not translate host name "postgres" to address: Name or service not known

2025-09-21 10:22:03,863 - ERROR - Ошибка подключения к БД: could not translate host name "postgres" to address: Name or service not known

2025-09-21 10:22:13,887 - ERROR - Ошибка подключения к БД: could not translate host name "postgres" to address: Name or service not known

2025-09-21 10:22:23,909 - ERROR - Ошибка подключения к БД: could not translate host name "postgres" to address: Name or service not known

2025-09-21 10:22:33,931 - ERROR - Ошибка подключения к БД: could not translate host name "postgres" to address: Name or service not known

2025-09-21 10:22:43,952 - ERROR - Ошибка подключения к БД: could not translate host name "postgres" to address: Name or service not known

2025-09-21 10:22:53,989 - ERROR - Ошибка подключения к БД: could not translate host name "postgres" to address: Name or service not known

2025-09-21 10:23:04,018 - ERROR - Ошибка подключения к БД: could not translate host name "postgres" to address: Name or service not known

2025-09-21 10:23:14,039 - ERROR - Ошибка подключения к БД: could not translate host name "postgres" to address: Name or service not known

2025-09-21 10:23:24,057 - ERROR - Ошибка подключения к БД: could not translate host name "postgres" to address: Name or service not known

2025-09-21 10:23:34,078 - ERROR - Ошибка подключения к БД: could not translate host name "postgres" to address: Name or service not known

2025-09-21 10:23:44,099 - ERROR - Ошибка подключения к БД: could not translate host name "postgres" to address: Name or service not known

2025-09-21 10:23:54,129 - ERROR - Ошибка подключения к БД: could not translate host name "postgres" to address: Name or service not known

2025-09-21 10:24:04,152 - ERROR - Ошибка подключения к БД: could not translate host name "postgres" to address: Name or service not known

2025-09-21 10:24:14,175 - ERROR - Ошибка подключения к БД: could not translate host name "postgres" to address: Name or service not known

2025-09-21 10:24:24,197 - ERROR - Ошибка подключения к БД: could not translate host name "postgres" to address: Name or service not known

2025-09-21 10:24:34,217 - ERROR - Ошибка подключения к БД: could not translate host name "postgres" to address: Name or service not known

2025-09-21 10:24:44,241 - ERROR - Ошибка подключения к БД: could not translate host name "postgres" to address: Name or service not known

2025-09-21 10:24:54,267 - ERROR - Ошибка подключения к БД: could not translate host name "postgres" to address: Name or service not known

2025-09-21 10:25:04,289 - ERROR - Ошибка подключения к БД: could not translate host name "postgres" to address: Name or service not known

2025-09-21 10:25:14,309 - ERROR - Ошибка подключения к БД: could not translate host name "postgres" to address: Name or service not known

2025-09-21 10:25:24,327 - ERROR - Ошибка подключения к БД: could not translate host name "postgres" to address: Name or service not known

2025-09-21 10:25:34,348 - ERROR - Ошибка подключения к БД: could not translate host name "postgres" to address: Name or service not known

2025-09-21 10:25:44,370 - ERROR - Ошибка подключения к БД: could not translate host name "postgres" to address: Name or service not known

2025-09-21 10:25:54,402 - ERROR - Ошибка подключения к БД: could not translate host name "postgres" to address: Name or service not known

2025-09-21 10:26:04,421 - ERROR - Ошибка подключения к БД: could not translate host name "postgres" to address: Name or service not known

2025-09-21 10:26:14,445 - ERROR - Ошибка подключения к БД: could not translate host name "postgres" to address: Name or service not known

2025-09-21 10:26:24,464 - ERROR - Ошибка подключения к БД: could not translate host name "postgres" to address: Name or service not known

2025-09-21 10:26:34,487 - ERROR - Ошибка подключения к БД: could not translate host name "postgres" to address: Name or service not known

2025-09-21 10:26:44,510 - ERROR - Ошибка подключения к БД: could not translate host name "postgres" to address: Name or service not known

2025-09-21 10:26:54,542 - ERROR - Ошибка подключения к БД: could not translate host name "postgres" to address: Name or service not known

2025-09-21 10:27:04,567 - ERROR - Ошибка подключения к БД: could not translate host name "postgres" to address: Name or service not known

2025-09-21 10:27:14,587 - ERROR - Ошибка подключения к БД: could not translate host name "postgres" to address: Name or service not known

2025-09-21 10:27:24,606 - ERROR - Ошибка подключения к БД: could not translate host name "postgres" to address: Name or service not known

2025-09-21 10:27:34,627 - ERROR - Ошибка подключения к БД: could not translate host name "postgres" to address: Name or service not known

2025-09-21 10:27:44,648 - ERROR - Ошибка подключения к БД: could not translate host name "postgres" to address: Name or service not known

2025-09-21 10:27:54,687 - ERROR - Ошибка подключения к БД: could not translate host name "postgres" to address: Name or service not known

2025-09-21 10:28:04,712 - ERROR - Ошибка подключения к БД: could not translate host name "postgres" to address: Name or service not known

2025-09-21 10:28:14,735 - ERROR - Ошибка подключения к БД: could not translate host name "postgres" to address: Name or service not known

2025-09-21 10:28:24,759 - ERROR - Ошибка подключения к БД: could not translate host name "postgres" to address: Name or service not known

2025-09-21 10:28:34,781 - ERROR - Ошибка подключения к БД: could not translate host name "postgres" to address: Name or service not known

2025-09-21 10:28:44,810 - ERROR - Ошибка подключения к БД: could not translate host name "postgres" to address: Name or service not known

2025-09-21 10:28:54,841 - ERROR - Ошибка подключения к БД: could not translate host name "postgres" to address: Name or service not known

2025-09-21 10:29:04,860 - ERROR - Ошибка подключения к БД: could not translate host name "postgres" to address: Name or service not known

2025-09-21 10:29:14,879 - ERROR - Ошибка подключения к БД: could not translate host name "postgres" to address: Name or service not known

2025-09-21 10:29:24,901 - ERROR - Ошибка подключения к БД: could not translate host name "postgres" to address: Name or service not known

2025-09-21 10:29:34,923 - ERROR - Ошибка подключения к БД: could not translate host name "postgres" to address: Name or service not known

2025-09-21 10:29:44,954 - ERROR - Ошибка подключения к БД: could not translate host name "postgres" to address: Name or service not known

2025-09-21 10:29:54,987 - ERROR - Ошибка подключения к БД: could not translate host name "postgres" to address: Name or service not known

2025-09-21 10:30:05,008 - ERROR - Ошибка подключения к БД: could not translate host name "postgres" to address: Name or service not known

2025-09-21 10:30:15,031 - ERROR - Ошибка подключения к БД: could not translate host name "postgres" to address: Name or service not known

2025-09-21 10:30:25,055 - ERROR - Ошибка подключения к БД: could not translate host name "postgres" to address: Name or service not known

2025-09-21 10:30:35,077 - ERROR - Ошибка подключения к БД: could not translate host name "postgres" to address: Name or service not known

2025-09-21 10:30:45,107 - ERROR - Ошибка подключения к БД: could not translate host name "postgres" to address: Name or service not known

2025-09-21 10:30:55,136 - ERROR - Ошибка подключения к БД: could not translate host name "postgres" to address: Name or service not known

2025-09-21 10:31:05,156 - ERROR - Ошибка подключения к БД: could not translate host name "postgres" to address: Name or service not known

2025-09-21 10:31:15,175 - ERROR - Ошибка подключения к БД: could not translate host name "postgres" to address: Name or service not known

2025-09-21 10:31:25,196 - ERROR - Ошибка подключения к БД: could not translate host name "postgres" to address: Name or service not known

2025-09-21 10:31:35,210 - ERROR - Ошибка подключения к БД: could not translate host name "postgres" to address: Name or service not known

2025-09-21 10:31:45,239 - ERROR - Ошибка подключения к БД: could not translate host name "postgres" to address: Name or service not known

2025-09-21 10:31:55,262 - ERROR - Ошибка подключения к БД: could not translate host name "postgres" to address: Name or service not known

2025-09-21 10:32:05,274 - ERROR - Ошибка подключения к БД: could not translate host name "postgres" to address: Name or service not known

2025-09-21 10:32:15,296 - ERROR - Ошибка подключения к БД: could not translate host name "postgres" to address: Name or service not known

2025-09-21 10:32:25,313 - ERROR - Ошибка подключения к БД: could not translate host name "postgres" to address: Name or service not known

2025-09-21 10:32:35,335 - ERROR - Ошибка подключения к БД: could not translate host name "postgres" to address: Name or service not known

2025-09-21 10:32:45,358 - ERROR - Ошибка подключения к БД: could not translate host name "postgres" to address: Name or service not known

2025-09-21 10:32:55,382 - ERROR - Ошибка подключения к БД: could not translate host name "postgres" to address: Name or service not known

2025-09-21 10:33:05,394 - ERROR - Ошибка подключения к БД: could not translate host name "postgres" to address: Name or service not known

2025-09-21 10:33:15,412 - ERROR - Ошибка подключения к БД: could not translate host name "postgres" to address: Name or service not known

2025-09-21 10:33:25,431 - ERROR - Ошибка подключения к БД: could not translate host name "postgres" to address: Name or service not known

2025-09-21 10:33:35,450 - ERROR - Ошибка подключения к БД: could not translate host name "postgres" to address: Name or service not known

2025-09-21 10:33:45,479 - ERROR - Ошибка подключения к БД: could not translate host name "postgres" to address: Name or service not known

2025-09-21 10:33:55,502 - ERROR - Ошибка подключения к БД: could not translate host name "postgres" to address: Name or service not known

2025-09-21 10:34:05,526 - ERROR - Ошибка подключения к БД: could not translate host name "postgres" to address: Name or service not known

2025-09-21 10:34:15,547 - ERROR - Ошибка подключения к БД: could not translate host name "postgres" to address: Name or service not known

2025-09-21 10:34:25,569 - ERROR - Ошибка подключения к БД: could not translate host name "postgres" to address: Name or service not known

2025-09-21 10:34:35,587 - ERROR - Ошибка подключения к БД: could not translate host name "postgres" to address: Name or service not known

2025-09-21 10:34:45,615 - ERROR - Ошибка подключения к БД: could not translate host name "postgres" to address: Name or service not known

2025-09-21 10:34:55,639 - ERROR - Ошибка подключения к БД: could not translate host name "postgres" to address: Name or service not known

2025-09-21 10:35:05,660 - ERROR - Ошибка подключения к БД: could not translate host name "postgres" to address: Name or service not known

2025-09-21 10:35:15,680 - ERROR - Ошибка подключения к БД: could not translate host name "postgres" to address: Name or service not known

2025-09-21 10:35:25,699 - ERROR - Ошибка подключения к БД: could not translate host name "postgres" to address: Name or service not known

2025-09-21 10:35:35,719 - ERROR - Ошибка подключения к БД: could not translate host name "postgres" to address: Name or service not known

2025-09-21 10:35:45,744 - ERROR - Ошибка подключения к БД: could not translate host name "postgres" to address: Name or service not known

2025-09-21 10:35:55,767 - ERROR - Ошибка подключения к БД: could not translate host name "postgres" to address: Name or service not known

2025-09-21 10:36:05,788 - ERROR - Ошибка подключения к БД: could not translate host name "postgres" to address: Name or service not known

2025-09-21 10:36:15,795 - ERROR - Ошибка подключения к БД: could not translate host name "postgres" to address: Name or service not known

2025-09-21 10:36:25,822 - ERROR - Ошибка подключения к БД: could not translate host name "postgres" to address: Name or service not known

2025-09-21 10:36:35,847 - ERROR - Ошибка подключения к БД: could not translate host name "postgres" to address: Name or service not known

2025-09-21 10:36:45,864 - ERROR - Ошибка подключения к БД: could not translate host name "postgres" to address: Name or service not known

2025-09-21 10:36:55,885 - ERROR - Ошибка подключения к БД: could not translate host name "postgres" to address: Name or service not known

2025-09-21 10:37:05,907 - ERROR - Ошибка подключения к БД: could not translate host name "postgres" to address: Name or service not known

2025-09-21 10:37:15,926 - ERROR - Ошибка подключения к БД: could not translate host name "postgres" to address: Name or service not known

2025-09-21 10:37:25,947 - ERROR - Ошибка подключения к БД: could not translate host name "postgres" to address: Name or service not known

2025-09-21 10:37:35,968 - ERROR - Ошибка подключения к БД: could not translate host name "postgres" to address: Name or service not known

2025-09-21 10:37:45,988 - ERROR - Ошибка подключения к БД: could not translate host name "postgres" to address: Name or service not known

2025-09-21 10:37:56,009 - ERROR - Ошибка подключения к БД: could not translate host name "postgres" to address: Name or service not known

2025-09-21 10:38:06,027 - ERROR - Ошибка подключения к БД: could not translate host name "postgres" to address: Name or service not known

2025-09-21 10:38:16,049 - ERROR - Ошибка подключения к БД: could not translate host name "postgres" to address: Name or service not known

2025-09-21 10:38:26,070 - ERROR - Ошибка подключения к БД: could not translate host name "postgres" to address: Name or service not known

2025-09-21 10:38:36,107 - ERROR - Ошибка подключения к БД: could not translate host name "postgres" to address: Name or service not known

2025-09-21 10:38:46,132 - ERROR - Ошибка подключения к БД: could not translate host name "postgres" to address: Name or service not known

2025-09-21 10:38:56,152 - ERROR - Ошибка подключения к БД: could not translate host name "postgres" to address: Name or service not known

2025-09-21 10:39:06,174 - ERROR - Ошибка подключения к БД: could not translate host name "postgres" to address: Name or service not known

2025-09-21 10:39:16,197 - ERROR - Ошибка подключения к БД: could not translate host name "postgres" to address: Name or service not known

2025-09-21 10:39:26,221 - ERROR - Ошибка подключения к БД: could not translate host name "postgres" to address: Name or service not known

2025-09-21 10:39:36,249 - ERROR - Ошибка подключения к БД: could not translate host name "postgres" to address: Name or service not known

2025-09-21 10:39:46,270 - ERROR - Ошибка подключения к БД: could not translate host name "postgres" to address: Name or service not known

2025-09-21 10:39:56,292 - ERROR - Ошибка подключения к БД: could not translate host name "postgres" to address: Name or service not known

2025-09-21 10:40:06,310 - ERROR - Ошибка подключения к БД: could not translate host name "postgres" to address: Name or service not known

2025-09-21 10:40:16,331 - ERROR - Ошибка подключения к БД: could not translate host name "postgres" to address: Name or service not known

2025-09-21 10:40:26,355 - ERROR - Ошибка подключения к БД: could not translate host name "postgres" to address: Name or service not known

2025-09-21 10:40:36,379 - ERROR - Ошибка подключения к БД: could not translate host name "postgres" to address: Name or service not known

2025-09-21 10:40:46,397 - ERROR - Ошибка подключения к БД: could not translate host name "postgres" to address: Name or service not known

2025-09-21 10:40:56,415 - ERROR - Ошибка подключения к БД: could not translate host name "postgres" to address: Name or service not known

2025-09-21 10:41:06,437 - ERROR - Ошибка подключения к БД: could not translate host name "postgres" to address: Name or service not known

2025-09-21 10:41:16,459 - ERROR - Ошибка подключения к БД: could not translate host name "postgres" to address: Name or service not known

2025-09-21 10:41:26,478 - ERROR - Ошибка подключения к БД: could not translate host name "postgres" to address: Name or service not known

2025-09-21 10:41:36,499 - ERROR - Ошибка подключения к БД: could not translate host name "postgres" to address: Name or service not known

2025-09-21 10:41:46,522 - ERROR - Ошибка подключения к БД: could not translate host name "postgres" to address: Name or service not known

2025-09-21 10:41:56,543 - ERROR - Ошибка подключения к БД: could not translate host name "postgres" to address: Name or service not known

2025-09-21 10:42:06,563 - ERROR - Ошибка подключения к БД: could not translate host name "postgres" to address: Name or service not known

2025-09-21 10:42:16,587 - ERROR - Ошибка подключения к БД: could not translate host name "postgres" to address: Name or service not known

2025-09-21 10:42:26,610 - ERROR - Ошибка подключения к БД: could not translate host name "postgres" to address: Name or service not known

2025-09-21 10:42:36,633 - ERROR - Ошибка подключения к БД: could not translate host name "postgres" to address: Name or service not known

2025-09-21 10:42:46,655 - ERROR - Ошибка подключения к БД: could not translate host name "postgres" to address: Name or service not known

2025-09-21 10:42:56,678 - ERROR - Ошибка подключения к БД: could not translate host name "postgres" to address: Name or service not known

2025-09-21 10:43:06,705 - ERROR - Ошибка подключения к БД: could not translate host name "postgres" to address: Name or service not known

2025-09-21 10:43:16,727 - ERROR - Ошибка подключения к БД: could not translate host name "postgres" to address: Name or service not known

2025-09-21 10:43:26,752 - ERROR - Ошибка подключения к БД: could not translate host name "postgres" to address: Name or service not known

2025-09-21 10:43:36,772 - ERROR - Ошибка подключения к БД: could not translate host name "postgres" to address: Name or service not known

2025-09-21 10:43:46,792 - ERROR - Ошибка подключения к БД: could not translate host name "postgres" to address: Name or service not known

2025-09-21 10:43:56,810 - ERROR - Ошибка подключения к БД: could not translate host name "postgres" to address: Name or service not known

2025-09-21 10:44:06,826 - ERROR - Ошибка подключения к БД: could not translate host name "postgres" to address: Name or service not known

2025-09-21 10:44:16,839 - ERROR - Ошибка подключения к БД: could not translate host name "postgres" to address: Name or service not known

2025-09-21 10:44:26,863 - ERROR - Ошибка подключения к БД: could not translate host name "postgres" to address: Name or service not known

2025-09-21 10:44:36,881 - ERROR - Ошибка подключения к БД: could not translate host name "postgres" to address: Name or service not known

2025-09-21 10:44:46,901 - ERROR - Ошибка подключения к БД: could not translate host name "postgres" to address: Name or service not known

2025-09-21 10:44:56,922 - ERROR - Ошибка подключения к БД: could not translate host name "postgres" to address: Name or service not known

2025-09-21 10:45:06,940 - ERROR - Ошибка подключения к БД: could not translate host name "postgres" to address: Name or service not known

2025-09-21 10:45:16,960 - ERROR - Ошибка подключения к БД: could not translate host name "postgres" to address: Name or service not known

2025-09-21 10:45:26,984 - ERROR - Ошибка подключения к БД: could not translate host name "postgres" to address: Name or service not known

2025-09-21 10:45:37,003 - ERROR - Ошибка подключения к БД: could not translate host name "postgres" to address: Name or service not known

2025-09-21 10:45:47,026 - ERROR - Ошибка подключения к БД: could not translate host name "postgres" to address: Name or service not known

2025-09-21 10:45:57,039 - ERROR - Ошибка подключения к БД: could not translate host name "postgres" to address: Name or service not known

2025-09-21 10:46:07,059 - ERROR - Ошибка подключения к БД: could not translate host name "postgres" to address: Name or service not known

2025-09-21 10:46:17,085 - ERROR - Ошибка подключения к БД: could not translate host name "postgres" to address: Name or service not known

2025-09-21 10:46:27,104 - ERROR - Ошибка подключения к БД: could not translate host name "postgres" to address: Name or service not known

2025-09-21 10:46:37,123 - ERROR - Ошибка подключения к БД: could not translate host name "postgres" to address: Name or service not known

2025-09-21 10:46:47,142 - ERROR - Ошибка подключения к БД: could not translate host name "postgres" to address: Name or service not known

2025-09-21 10:46:57,161 - ERROR - Ошибка подключения к БД: could not translate host name "postgres" to address: Name or service not known

2025-09-21 10:47:07,180 - ERROR - Ошибка подключения к БД: could not translate host name "postgres" to address: Name or service not known

2025-09-21 10:47:17,202 - ERROR - Ошибка подключения к БД: could not translate host name "postgres" to address: Name or service not known

2025-09-21 10:47:27,222 - ERROR - Ошибка подключения к БД: could not translate host name "postgres" to address: Name or service not known

2025-09-21 10:47:37,242 - ERROR - Ошибка подключения к БД: could not translate host name "postgres" to address: Name or service not known

2025-09-21 10:47:47,267 - ERROR - Ошибка подключения к БД: could not translate host name "postgres" to address: Name or service not known

2025-09-21 10:47:57,287 - ERROR - Ошибка подключения к БД: could not translate host name "postgres" to address: Name or service not known

2025-09-21 10:48:07,310 - ERROR - Ошибка подключения к БД: could not translate host name "postgres" to address: Name or service not known

2025-09-21 10:48:17,335 - ERROR - Ошибка подключения к БД: could not translate host name "postgres" to address: Name or service not known

2025-09-21 10:48:27,359 - ERROR - Ошибка подключения к БД: could not translate host name "postgres" to address: Name or service not known

2025-09-21 10:48:37,377 - ERROR - Ошибка подключения к БД: could not translate host name "postgres" to address: Name or service not known

2025-09-21 10:48:47,399 - ERROR - Ошибка подключения к БД: could not translate host name "postgres" to address: Name or service not known

2025-09-21 10:48:57,424 - ERROR - Ошибка подключения к БД: could not translate host name "postgres" to address: Name or service not known

2025-09-21 10:49:07,446 - ERROR - Ошибка подключения к БД: could not translate host name "postgres" to address: Name or service not known

2025-09-21 10:49:17,475 - ERROR - Ошибка подключения к БД: could not translate host name "postgres" to address: Name or service not known

2025-09-21 10:49:27,496 - ERROR - Ошибка подключения к БД: could not translate host name "postgres" to address: Name or service not known

2025-09-21 10:49:37,516 - ERROR - Ошибка подключения к БД: could not translate host name "postgres" to address: Name or service not known

2025-09-21 10:49:47,535 - ERROR - Ошибка подключения к БД: could not translate host name "postgres" to address: Name or service not known

2025-09-21 10:49:57,559 - ERROR - Ошибка подключения к БД: could not translate host name "postgres" to address: Name or service not known

2025-09-21 10:50:07,580 - ERROR - Ошибка подключения к БД: could not translate host name "postgres" to address: Name or service not known

2025-09-21 10:50:17,610 - ERROR - Ошибка подключения к БД: could not translate host name "postgres" to address: Name or service not known

2025-09-21 10:50:27,631 - ERROR - Ошибка подключения к БД: could not translate host name "postgres" to address: Name or service not known

2025-09-21 10:50:37,651 - ERROR - Ошибка подключения к БД: could not translate host name "postgres" to address: Name or service not known

2025-09-21 10:50:47,671 - ERROR - Ошибка подключения к БД: could not translate host name "postgres" to address: Name or service not known

2025-09-21 10:50:57,693 - ERROR - Ошибка подключения к БД: could not translate host name "postgres" to address: Name or service not known

2025-09-21 10:51:07,717 - ERROR - Ошибка подключения к БД: could not translate host name "postgres" to address: Name or service not known

2025-09-21 10:51:17,735 - ERROR - Ошибка подключения к БД: could not translate host name "postgres" to address: Name or service not known

2025-09-21 10:51:27,760 - ERROR - Ошибка подключения к БД: could not translate host name "postgres" to address: Name or service not known

2025-09-21 10:51:37,772 - ERROR - Ошибка подключения к БД: could not translate host name "postgres" to address: Name or service not known

2025-09-21 10:51:47,793 - ERROR - Ошибка подключения к БД: could not translate host name "postgres" to address: Name or service not known

2025-09-21 10:51:57,817 - ERROR - Ошибка подключения к БД: could not translate host name "postgres" to address: Name or service not known

2025-09-21 10:52:07,839 - ERROR - Ошибка подключения к БД: could not translate host name "postgres" to address: Name or service not known

2025-09-21 10:52:17,859 - ERROR - Ошибка подключения к БД: could not translate host name "postgres" to address: Name or service not known

2025-09-21 10:52:27,879 - ERROR - Ошибка подключения к БД: could not translate host name "postgres" to address: Name or service not known

2025-09-21 10:52:37,898 - ERROR - Ошибка подключения к БД: could not translate host name "postgres" to address: Name or service not known

2025-09-21 10:52:47,919 - ERROR - Ошибка подключения к БД: could not translate host name "postgres" to address: Name or service not known

2025-09-21 10:52:57,946 - ERROR - Ошибка подключения к БД: could not translate host name "postgres" to address: Name or service not known

2025-09-21 10:53:07,976 - ERROR - Ошибка подключения к БД: could not translate host name "postgres" to address: Name or service not known

2025-09-21 10:53:17,994 - ERROR - Ошибка подключения к БД: could not translate host name "postgres" to address: Name or service not known

2025-09-21 10:53:28,017 - ERROR - Ошибка подключения к БД: could not translate host name "postgres" to address: Name or service not known

2025-09-21 10:53:38,037 - ERROR - Ошибка подключения к БД: could not translate host name "postgres" to address: Name or service not known

2025-09-21 10:53:48,054 - ERROR - Ошибка подключения к БД: could not translate host name "postgres" to address: Name or service not known

2025-09-21 10:53:58,073 - ERROR - Ошибка подключения к БД: could not translate host name "postgres" to address: Name or service not known

2025-09-21 10:54:08,097 - ERROR - Ошибка подключения к БД: could not translate host name "postgres" to address: Name or service not known

2025-09-21 10:54:18,121 - ERROR - Ошибка подключения к БД: could not translate host name "postgres" to address: Name or service not known

2025-09-21 10:54:28,143 - ERROR - Ошибка подключения к БД: could not translate host name "postgres" to address: Name or service not known

2025-09-21 10:54:38,162 - ERROR - Ошибка подключения к БД: could not translate host name "postgres" to address: Name or service not known

2025-09-21 10:54:48,184 - ERROR - Ошибка подключения к БД: could not translate host name "postgres" to address: Name or service not known

2025-09-21 10:54:58,206 - ERROR - Ошибка подключения к БД: could not translate host name "postgres" to address: Name or service not known

2025-09-21 10:55:08,228 - ERROR - Ошибка подключения к БД: could not translate host name "postgres" to address: Name or service not known

2025-09-21 10:55:18,236 - ERROR - Ошибка подключения к БД: could not translate host name "postgres" to address: Name or service not known

2025-09-21 10:55:28,259 - ERROR - Ошибка подключения к БД: could not translate host name "postgres" to address: Name or service not known

2025-09-21 10:55:38,282 - ERROR - Ошибка подключения к БД: could not translate host name "postgres" to address: Name or service not known

2025-09-21 10:55:48,305 - ERROR - Ошибка подключения к БД: could not translate host name "postgres" to address: Name or service not known

2025-09-21 10:55:58,325 - ERROR - Ошибка подключения к БД: could not translate host name "postgres" to address: Name or service not known

2025-09-21 10:56:08,356 - ERROR - Ошибка подключения к БД: could not translate host name "postgres" to address: Name or service not known

2025-09-21 10:56:18,381 - ERROR - Ошибка подключения к БД: could not translate host name "postgres" to address: Name or service not known

2025-09-21 10:56:28,417 - ERROR - Ошибка подключения к БД: could not translate host name "postgres" to address: Name or service not known

2025-09-21 10:56:38,440 - ERROR - Ошибка подключения к БД: could not translate host name "postgres" to address: Name or service not known

2025-09-21 10:56:48,456 - ERROR - Ошибка подключения к БД: could not translate host name "postgres" to address: Name or service not known

2025-09-21 10:56:58,476 - ERROR - Ошибка подключения к БД: could not translate host name "postgres" to address: Name or service not known

2025-09-21 10:57:08,493 - ERROR - Ошибка подключения к БД: could not translate host name "postgres" to address: Name or service not known

2025-09-21 10:57:18,515 - ERROR - Ошибка подключения к БД: could not translate host name "postgres" to address: Name or service not known

2025-09-21 10:57:28,540 - ERROR - Ошибка подключения к БД: could not translate host name "postgres" to address: Name or service not known

2025-09-21 10:57:38,558 - ERROR - Ошибка подключения к БД: could not translate host name "postgres" to address: Name or service not known

2025-09-21 10:57:48,579 - ERROR - Ошибка подключения к БД: could not translate host name "postgres" to address: Name or service not known

2025-09-21 10:57:58,600 - ERROR - Ошибка подключения к БД: could not translate host name "postgres" to address: Name or service not known

2025-09-21 10:58:08,628 - ERROR - Ошибка подключения к БД: could not translate host name "postgres" to address: Name or service not known

2025-09-21 10:58:18,647 - ERROR - Ошибка подключения к БД: could not translate host name "postgres" to address: Name or service not known

2025-09-21 10:58:28,668 - ERROR - Ошибка подключения к БД: could not translate host name "postgres" to address: Name or service not known

2025-09-21 10:58:38,691 - ERROR - Ошибка подключения к БД: could not translate host name "postgres" to address: Name or service not known

2025-09-21 10:58:48,713 - ERROR - Ошибка подключения к БД: could not translate host name "postgres" to address: Name or service not known

2025-09-21 10:58:58,734 - ERROR - Ошибка подключения к БД: could not translate host name "postgres" to address: Name or service not known

2025-09-21 10:59:08,757 - ERROR - Ошибка подключения к БД: could not translate host name "postgres" to address: Name or service not known

2025-09-21 10:59:18,781 - ERROR - Ошибка подключения к БД: could not translate host name "postgres" to address: Name or service not known

2025-09-21 10:59:28,804 - ERROR - Ошибка подключения к БД: could not translate host name "postgres" to address: Name or service not known

2025-09-21 10:59:38,825 - ERROR - Ошибка подключения к БД: could not translate host name "postgres" to address: Name or service not known

2025-09-21 10:59:48,844 - ERROR - Ошибка подключения к БД: could not translate host name "postgres" to address: Name or service not known

2025-09-21 10:59:58,875 - ERROR - Ошибка подключения к БД: could not translate host name "postgres" to address: Name or service not known

2025-09-21 11:00:08,909 - ERROR - Ошибка подключения к БД: could not translate host name "postgres" to address: Name or service not known

2025-09-21 11:00:18,934 - ERROR - Ошибка подключения к БД: could not translate host name "postgres" to address: Name or service not known

2025-09-21 11:00:28,957 - ERROR - Ошибка подключения к БД: could not translate host name "postgres" to address: Name or service not known

2025-09-21 11:00:38,979 - ERROR - Ошибка подключения к БД: could not translate host name "postgres" to address: Name or service not known

2025-09-21 11:00:49,001 - ERROR - Ошибка подключения к БД: could not translate host name "postgres" to address: Name or service not known

2025-09-21 11:00:59,030 - ERROR - Ошибка подключения к БД: could not translate host name "postgres" to address: Name or service not known

2025-09-21 11:01:09,051 - ERROR - Ошибка подключения к БД: could not translate host name "postgres" to address: Name or service not known

2025-09-21 11:01:19,070 - ERROR - Ошибка подключения к БД: could not translate host name "postgres" to address: Name or service not known

2025-09-21 11:01:29,089 - ERROR - Ошибка подключения к БД: could not translate host name "postgres" to address: Name or service not known

2025-09-21 11:01:39,109 - ERROR - Ошибка подключения к БД: could not translate host name "postgres" to address: Name or service not known

2025-09-21 11:01:49,136 - ERROR - Ошибка подключения к БД: could not translate host name "postgres" to address: Name or service not known

2025-09-21 11:01:59,159 - ERROR - Ошибка подключения к БД: could not translate host name "postgres" to address: Name or service not known

2025-09-21 11:02:09,181 - ERROR - Ошибка подключения к БД: could not translate host name "postgres" to address: Name or service not known

2025-09-21 11:02:19,206 - ERROR - Ошибка подключения к БД: could not translate host name "postgres" to address: Name or service not known

2025-09-21 11:02:29,227 - ERROR - Ошибка подключения к БД: could not translate host name "postgres" to address: Name or service not known

2025-09-21 11:02:39,250 - ERROR - Ошибка подключения к БД: could not translate host name "postgres" to address: Name or service not known

2025-09-21 11:02:49,274 - ERROR - Ошибка подключения к БД: could not translate host name "postgres" to address: Name or service not known

2025-09-21 11:02:59,304 - ERROR - Ошибка подключения к БД: could not translate host name "postgres" to address: Name or service not known

2025-09-21 11:03:09,329 - ERROR - Ошибка подключения к БД: could not translate host name "postgres" to address: Name or service not known

2025-09-21 11:03:19,353 - ERROR - Ошибка подключения к БД: could not translate host name "postgres" to address: Name or service not known

2025-09-21 11:03:29,377 - ERROR - Ошибка подключения к БД: could not translate host name "postgres" to address: Name or service not known

2025-09-21 11:03:39,400 - ERROR - Ошибка подключения к БД: could not translate host name "postgres" to address: Name or service not known

2025-09-21 11:03:49,421 - ERROR - Ошибка подключения к БД: could not translate host name "postgres" to address: Name or service not known

2025-09-21 11:03:59,442 - ERROR - Ошибка подключения к БД: could not translate host name "postgres" to address: Name or service not known

2025-09-21 11:04:09,463 - ERROR - Ошибка подключения к БД: could not translate host name "postgres" to address: Name or service not known

2025-09-21 11:04:19,487 - ERROR - Ошибка подключения к БД: could not translate host name "postgres" to address: Name or service not known

2025-09-21 11:04:29,506 - ERROR - Ошибка подключения к БД: could not translate host name "postgres" to address: Name or service not known

2025-09-21 11:04:39,528 - ERROR - Ошибка подключения к БД: could not translate host name "postgres" to address: Name or service not known

2025-09-21 11:04:49,547 - ERROR - Ошибка подключения к БД: could not translate host name "postgres" to address: Name or service not known

2025-09-21 11:04:59,576 - ERROR - Ошибка подключения к БД: could not translate host name "postgres" to address: Name or service not known

2025-09-21 11:05:09,598 - ERROR - Ошибка подключения к БД: could not translate host name "postgres" to address: Name or service not known

2025-09-21 11:05:19,618 - ERROR - Ошибка подключения к БД: could not translate host name "postgres" to address: Name or service not known

2025-09-21 11:05:29,641 - ERROR - Ошибка подключения к БД: could not translate host name "postgres" to address: Name or service not known

2025-09-21 11:05:39,653 - ERROR - Ошибка подключения к БД: could not translate host name "postgres" to address: Name or service not known

2025-09-21 11:05:49,688 - ERROR - Ошибка подключения к БД: could not translate host name "postgres" to address: Name or service not known

2025-09-21 11:05:59,720 - ERROR - Ошибка подключения к БД: could not translate host name "postgres" to address: Name or service not known

2025-09-21 11:06:09,743 - ERROR - Ошибка подключения к БД: could not translate host name "postgres" to address: Name or service not known

2025-09-21 11:06:19,763 - ERROR - Ошибка подключения к БД: could not translate host name "postgres" to address: Name or service not known

2025-09-21 11:06:29,788 - ERROR - Ошибка подключения к БД: could not translate host name "postgres" to address: Name or service not known

2025-09-21 11:06:39,810 - ERROR - Ошибка подключения к БД: could not translate host name "postgres" to address: Name or service not known

2025-09-21 11:06:49,842 - ERROR - Ошибка подключения к БД: could not translate host name "postgres" to address: Name or service not known

2025-09-21 11:06:59,853 - ERROR - Ошибка подключения к БД: could not translate host name "postgres" to address: Name or service not known

2025-09-21 11:07:09,872 - ERROR - Ошибка подключения к БД: could not translate host name "postgres" to address: Name or service not known

2025-09-21 11:07:19,896 - ERROR - Ошибка подключения к БД: could not translate host name "postgres" to address: Name or service not known

2025-09-21 11:07:29,907 - ERROR - Ошибка подключения к БД: could not translate host name "postgres" to address: Name or service not known

2025-09-21 11:07:39,929 - ERROR - Ошибка подключения к БД: could not translate host name "postgres" to address: Name or service not known

2025-09-21 11:07:49,967 - ERROR - Ошибка подключения к БД: could not translate host name "postgres" to address: Name or service not known

2025-09-21 11:07:59,995 - ERROR - Ошибка подключения к БД: could not translate host name "postgres" to address: Name or service not known

2025-09-21 11:08:10,021 - ERROR - Ошибка подключения к БД: could not translate host name "postgres" to address: Name or service not known

2025-09-21 11:08:20,041 - ERROR - Ошибка подключения к БД: could not translate host name "postgres" to address: Name or service not known

2025-09-21 11:08:30,060 - ERROR - Ошибка подключения к БД: could not translate host name "postgres" to address: Name or service not known

2025-09-21 11:08:40,077 - ERROR - Ошибка подключения к БД: could not translate host name "postgres" to address: Name or service not known

2025-09-21 11:08:50,107 - ERROR - Ошибка подключения к БД: could not translate host name "postgres" to address: Name or service not known

2025-09-21 11:09:00,124 - ERROR - Ошибка подключения к БД: could not translate host name "postgres" to address: Name or service not known

2025-09-21 11:09:10,142 - ERROR - Ошибка подключения к БД: could not translate host name "postgres" to address: Name or service not known

2025-09-21 11:09:20,169 - ERROR - Ошибка подключения к БД: could not translate host name "postgres" to address: Name or service not known

2025-09-21 11:09:30,194 - ERROR - Ошибка подключения к БД: could not translate host name "postgres" to address: Name or service not known

2025-09-21 11:09:40,213 - ERROR - Ошибка подключения к БД: could not translate host name "postgres" to address: Name or service not known

2025-09-21 11:09:50,263 - ERROR - Ошибка подключения к БД: could not translate host name "postgres" to address: Name or service not known

2025-09-21 11:10:00,287 - ERROR - Ошибка подключения к БД: could not translate host name "postgres" to address: Name or service not known

2025-09-21 11:10:10,307 - ERROR - Ошибка подключения к БД: could not translate host name "postgres" to address: Name or service not known

2025-09-21 11:10:20,339 - ERROR - Ошибка подключения к БД: could not translate host name "postgres" to address: Name or service not known

2025-09-21 11:10:30,360 - ERROR - Ошибка подключения к БД: could not translate host name "postgres" to address: Name or service not known

2025-09-21 11:10:40,375 - ERROR - Ошибка подключения к БД: could not translate host name "postgres" to address: Name or service not known

2025-09-21 11:10:50,411 - ERROR - Ошибка подключения к БД: could not translate host name "postgres" to address: Name or service not known

2025-09-21 11:11:00,429 - ERROR - Ошибка подключения к БД: could not translate host name "postgres" to address: Name or service not known

2025-09-21 11:11:10,456 - ERROR - Ошибка подключения к БД: could not translate host name "postgres" to address: Name or service not known

2025-09-21 11:11:20,484 - ERROR - Ошибка подключения к БД: could not translate host name "postgres" to address: Name or service not known

2025-09-21 11:11:30,502 - ERROR - Ошибка подключения к БД: could not translate host name "postgres" to address: Name or service not known

2025-09-21 11:11:40,525 - ERROR - Ошибка подключения к БД: could not translate host name "postgres" to address: Name or service not known

2025-09-21 11:11:50,554 - ERROR - Ошибка подключения к БД: could not translate host name "postgres" to address: Name or service not known

2025-09-21 11:12:00,583 - ERROR - Ошибка подключения к БД: could not translate host name "postgres" to address: Name or service not known

2025-09-21 11:12:10,608 - ERROR - Ошибка подключения к БД: could not translate host name "postgres" to address: Name or service not known

2025-09-21 11:12:20,634 - ERROR - Ошибка подключения к БД: could not translate host name "postgres" to address: Name or service not known

2025-09-21 11:12:30,657 - ERROR - Ошибка подключения к БД: could not translate host name "postgres" to address: Name or service not known

2025-09-21 11:12:40,680 - ERROR - Ошибка подключения к БД: could not translate host name "postgres" to address: Name or service not known

2025-09-21 11:12:50,716 - ERROR - Ошибка подключения к БД: could not translate host name "postgres" to address: Name or service not known

2025-09-21 11:13:00,734 - ERROR - Ошибка подключения к БД: could not translate host name "postgres" to address: Name or service not known

2025-09-21 11:13:10,772 - ERROR - Ошибка подключения к БД: could not translate host name "postgres" to address: Name or service not known

2025-09-21 11:13:20,802 - ERROR - Ошибка подключения к БД: could not translate host name "postgres" to address: Name or service not known

2025-09-21 11:13:30,835 - ERROR - Ошибка подключения к БД: could not translate host name "postgres" to address: Name or service not known

2025-09-21 11:13:40,854 - ERROR - Ошибка подключения к БД: could not translate host name "postgres" to address: Name or service not known

2025-09-21 11:13:50,875 - ERROR - Ошибка подключения к БД: could not translate host name "postgres" to address: Name or service not known

2025-09-21 11:14:00,896 - ERROR - Ошибка подключения к БД: could not translate host name "postgres" to address: Name or service not known

2025-09-21 11:14:10,915 - ERROR - Ошибка подключения к БД: could not translate host name "postgres" to address: Name or service not known

2025-09-21 11:14:20,932 - ERROR - Ошибка подключения к БД: could not translate host name "postgres" to address: Name or service not known

2025-09-21 11:14:30,944 - ERROR - Ошибка подключения к БД: could not translate host name "postgres" to address: Name or service not known

2025-09-21 11:14:40,961 - ERROR - Ошибка подключения к БД: could not translate host name "postgres" to address: Name or service not known

2025-09-21 11:14:50,995 - ERROR - Ошибка подключения к БД: could not translate host name "postgres" to address: Name or service not known

2025-09-21 11:15:01,005 - ERROR - Ошибка подключения к БД: could not translate host name "postgres" to address: Name or service not known

2025-09-21 11:15:11,028 - ERROR - Ошибка подключения к БД: could not translate host name "postgres" to address: Name or service not known

2025-09-21 11:15:21,049 - ERROR - Ошибка подключения к БД: could not translate host name "postgres" to address: Name or service not known

2025-09-21 11:15:31,071 - ERROR - Ошибка подключения к БД: could not translate host name "postgres" to address: Name or service not known

2025-09-21 11:15:41,097 - ERROR - Ошибка подключения к БД: could not translate host name "postgres" to address: Name or service not known

2025-09-21 11:15:51,124 - ERROR - Ошибка подключения к БД: could not translate host name "postgres" to address: Name or service not known

2025-09-21 11:16:01,144 - ERROR - Ошибка подключения к БД: could not translate host name "postgres" to address: Name or service not known

2025-09-21 11:16:11,155 - ERROR - Ошибка подключения к БД: could not translate host name "postgres" to address: Name or service not known

2025-09-21 11:16:21,176 - ERROR - Ошибка подключения к БД: could not translate host name "postgres" to address: Name or service not known

2025-09-21 11:16:31,194 - ERROR - Ошибка подключения к БД: could not translate host name "postgres" to address: Name or service not known

2025-09-21 11:16:41,224 - ERROR - Ошибка подключения к БД: could not translate host name "postgres" to address: Name or service not known

2025-09-21 11:16:51,242 - ERROR - Ошибка подключения к БД: could not translate host name "postgres" to address: Name or service not known

2025-09-21 11:17:01,266 - ERROR - Ошибка подключения к БД: could not translate host name "postgres" to address: Name or service not known

2025-09-21 11:17:11,285 - ERROR - Ошибка подключения к БД: could not translate host name "postgres" to address: Name or service not known

2025-09-21 11:17:21,298 - ERROR - Ошибка подключения к БД: could not translate host name "postgres" to address: Name or service not known

2025-09-21 11:17:31,318 - ERROR - Ошибка подключения к БД: could not translate host name "postgres" to address: Name or service not known

2025-09-21 11:17:41,345 - ERROR - Ошибка подключения к БД: could not translate host name "postgres" to address: Name or service not known

2025-09-21 11:17:51,365 - ERROR - Ошибка подключения к БД: could not translate host name "postgres" to address: Name or service not known

2025-09-21 11:18:01,387 - ERROR - Ошибка подключения к БД: could not translate host name "postgres" to address: Name or service not known

2025-09-21 11:18:11,414 - ERROR - Ошибка подключения к БД: could not translate host name "postgres" to address: Name or service not known

2025-09-21 11:18:21,437 - ERROR - Ошибка подключения к БД: could not translate host name "postgres" to address: Name or service not known

2025-09-21 11:18:31,457 - ERROR - Ошибка подключения к БД: could not translate host name "postgres" to address: Name or service not known

2025-09-21 11:18:41,486 - ERROR - Ошибка подключения к БД: could not translate host name "postgres" to address: Name or service not known

2025-09-21 11:18:51,512 - ERROR - Ошибка подключения к БД: could not translate host name "postgres" to address: Name or service not known

2025-09-21 11:19:01,532 - ERROR - Ошибка подключения к БД: could not translate host name "postgres" to address: Name or service not known

2025-09-21 11:19:11,556 - ERROR - Ошибка подключения к БД: could not translate host name "postgres" to address: Name or service not known

2025-09-21 11:19:21,579 - ERROR - Ошибка подключения к БД: could not translate host name "postgres" to address: Name or service not known

2025-09-21 11:19:31,602 - ERROR - Ошибка подключения к БД: could not translate host name "postgres" to address: Name or service not known

2025-09-21 11:19:41,625 - ERROR - Ошибка подключения к БД: could not translate host name "postgres" to address: Name or service not known

2025-09-21 11:19:51,647 - ERROR - Ошибка подключения к БД: could not translate host name "postgres" to address: Name or service not known

2025-09-21 11:20:01,670 - ERROR - Ошибка подключения к БД: could not translate host name "postgres" to address: Name or service not known

2025-09-21 11:20:11,691 - ERROR - Ошибка подключения к БД: could not translate host name "postgres" to address: Name or service not known

2025-09-21 11:20:21,714 - ERROR - Ошибка подключения к БД: could not translate host name "postgres" to address: Name or service not known

2025-09-21 11:20:31,741 - ERROR - Ошибка подключения к БД: could not translate host name "postgres" to address: Name or service not known

2025-09-21 11:20:41,764 - ERROR - Ошибка подключения к БД: could not translate host name "postgres" to address: Name or service not known

2025-09-21 11:20:51,785 - ERROR - Ошибка подключения к БД: could not translate host name "postgres" to address: Name or service not known

2025-09-21 11:21:01,809 - ERROR - Ошибка подключения к БД: could not translate host name "postgres" to address: Name or service not known

2025-09-21 11:21:11,834 - ERROR - Ошибка подключения к БД: could not translate host name "postgres" to address: Name or service not known

2025-09-21 11:21:21,856 - ERROR - Ошибка подключения к БД: could not translate host name "postgres" to address: Name or service not known

2025-09-21 11:21:31,889 - ERROR - Ошибка подключения к БД: could not translate host name "postgres" to address: Name or service not known

2025-09-21 11:21:41,914 - ERROR - Ошибка подключения к БД: could not translate host name "postgres" to address: Name or service not known

2025-09-21 11:21:51,936 - ERROR - Ошибка подключения к БД: could not translate host name "postgres" to address: Name or service not known

2025-09-21 11:22:01,955 - ERROR - Ошибка подключения к БД: could not translate host name "postgres" to address: Name or service not known

2025-09-21 11:22:12,001 - ERROR - Ошибка подключения к БД: could not translate host name "postgres" to address: Name or service not known

2025-09-21 11:22:22,029 - ERROR - Ошибка подключения к БД: could not translate host name "postgres" to address: Name or service not known

2025-09-21 11:22:32,052 - ERROR - Ошибка подключения к БД: could not translate host name "postgres" to address: Name or service not known

2025-09-21 11:22:42,077 - ERROR - Ошибка подключения к БД: could not translate host name "postgres" to address: Name or service not known

2025-09-21 11:22:52,100 - ERROR - Ошибка подключения к БД: could not translate host name "postgres" to address: Name or service not known

2025-09-21 11:23:02,125 - ERROR - Ошибка подключения к БД: could not translate host name "postgres" to address: Name or service not known

2025-09-21 11:23:12,150 - ERROR - Ошибка подключения к БД: could not translate host name "postgres" to address: Name or service not known

2025-09-21 11:23:22,692 - ERROR - Ошибка подключения к БД: could not translate host name "postgres" to address: Name or service not known

2025-09-21 11:23:33,294 - ERROR - Ошибка подключения к БД: could not translate host name "postgres" to address: Name or service not known

2025-09-21 12:08:45,116 - ERROR - Ошибка подключения к БД: could not translate host name "postgres" to address: Name or service not known

2025-09-21 12:08:55,140 - ERROR - Ошибка подключения к БД: could not translate host name "postgres" to address: Name or service not known

2025-09-21 12:09:05,705 - ERROR - Ошибка подключения к БД: could not translate host name "postgres" to address: Name or service not known

2025-09-21 12:39:17,704 - ERROR - Ошибка подключения к БД: could not translate host name "postgres" to address: Name or service not known

2025-09-21 12:39:28,263 - ERROR - Ошибка подключения к БД: could not translate host name "postgres" to address: Name or service not known

2025-09-21 12:39:39,323 - ERROR - Ошибка подключения к БД: could not translate host name "postgres" to address: Name or service not known

2025-09-21 13:24:29,759 - ERROR - Ошибка подключения к БД: could not translate host name "postgres" to address: Name or service not known

2025-09-21 13:24:47,787 - ERROR - Ошибка подключения к БД: could not translate host name "postgres" to address: Temporary failure in name resolution

2025-09-21 13:47:56,707 - ERROR - Ошибка подключения к БД: could not translate host name "postgres" to address: Temporary failure in name resolution

2025-09-21 13:48:14,754 - ERROR - Ошибка подключения к БД: could not translate host name "postgres" to address: Temporary failure in name resolution

2025-09-21 13:48:32,798 - ERROR - Ошибка подключения к БД: could not translate host name "postgres" to address: Temporary failure in name resolution

2025-09-21 13:48:50,836 - ERROR - Ошибка подключения к БД: could not translate host name "postgres" to address: Temporary failure in name resolution

2025-09-21 13:49:00,860 - ERROR - Ошибка подключения к БД: could not translate host name "postgres" to address: Name or service not known

2025-09-21 14:03:41,916 - ERROR - Ошибка подключения к БД: could not translate host name "postgres" to address: Temporary failure in name resolution

2025-09-21 14:03:59,958 - ERROR - Ошибка подключения к БД: could not translate host name "postgres" to address: Temporary failure in name resolution

2025-09-21 14:04:46,185 - ERROR - Ошибка подключения к БД: could not translate host name "postgres" to address: Temporary failure in name resolution

2025-09-21 14:05:04,221 - ERROR - Ошибка подключения к БД: could not translate host name "postgres" to address: Temporary failure in name resolution

2025-09-21 14:05:50,380 - ERROR - Ошибка подключения к БД: could not translate host name "postgres" to address: Temporary failure in name resolution

2025-09-21 14:06:45,978 - ERROR - Ошибка подключения к БД: could not translate host name "postgres" to address: Temporary failure in name resolution

2025-09-21 14:07:04,022 - ERROR - Ошибка подключения к БД: could not translate host name "postgres" to address: Temporary failure in name resolution

2025-09-21 14:07:50,200 - ERROR - Ошибка подключения к БД: could not translate host name "postgres" to address: Temporary failure in name resolution

2025-09-21 14:08:08,240 - ERROR - Ошибка подключения к БД: could not translate host name "postgres" to address: Temporary failure in name resolution

2025-09-21 14:09:03,774 - ERROR - Ошибка подключения к БД: could not translate host name "postgres" to address: Temporary failure in name resolution

2025-09-21 14:09:50,085 - ERROR - Ошибка подключения к БД: could not translate host name "postgres" to address: Temporary failure in name resolution

2025-09-21 14:10:08,124 - ERROR - Ошибка подключения к БД: could not translate host name "postgres" to address: Temporary failure in name resolution

2025-09-21 14:10:53,490 - ERROR - Ошибка подключения к БД: could not translate host name "postgres" to address: Name or service not known

2025-09-21 14:11:04,046 - ERROR - Ошибка подключения к БД: could not translate host name "postgres" to address: Name or service not known

2025-09-21 14:11:14,615 - ERROR - Ошибка подключения к БД: could not translate host name "postgres" to address: Name or service not known

2025-09-21 15:11:35,938 - ERROR - Ошибка подключения к БД: could not translate host name "postgres" to address: Name or service not known

2025-09-21 15:11:46,548 - ERROR - Ошибка подключения к БД: could not translate host name "postgres" to address: Name or service not known

2025-09-21 16:27:24,660 - ERROR - Ошибка подключения к БД: could not translate host name "postgres" to address: Name or service not known

2025-09-21 16:27:35,203 - ERROR - Ошибка подключения к БД: could not translate host name "postgres" to address: Name or service not known

2025-09-21 16:27:45,765 - ERROR - Ошибка подключения к БД: could not translate host name "postgres" to address: Name or service not known

2025-09-21 17:39:06,872 - ERROR - Ошибка подключения к БД: could not translate host name "postgres" to address: Name or service not known

2025-09-21 17:39:17,087 - ERROR - Ошибка подключения к БД: could not translate host name "postgres" to address: Name or service not known

2025-09-21 17:39:27,111 - ERROR - Ошибка подключения к БД: could not translate host name "postgres" to address: Name or service not known

2025-09-21 17:39:37,141 - ERROR - Ошибка подключения к БД: could not translate host name "postgres" to address: Name or service not known

2025-09-21 17:39:47,164 - ERROR - Ошибка подключения к БД: could not translate host name "postgres" to address: Name or service not known

2025-09-21 17:39:57,192 - ERROR - Ошибка подключения к БД: could not translate host name "postgres" to address: Name or service not known

2025-09-21 17:40:07,215 - ERROR - Ошибка подключения к БД: could not translate host name "postgres" to address: Name or service not known

2025-09-21 17:40:17,238 - ERROR - Ошибка подключения к БД: could not translate host name "postgres" to address: Name or service not known

2025-09-21 17:40:27,260 - ERROR - Ошибка подключения к БД: could not translate host name "postgres" to address: Name or service not known

2025-09-21 17:40:37,300 - ERROR - Ошибка подключения к БД: could not translate host name "postgres" to address: Name or service not known

2025-09-21 17:40:47,324 - ERROR - Ошибка подключения к БД: could not translate host name "postgres" to address: Name or service not known

2025-09-21 17:40:57,348 - ERROR - Ошибка подключения к БД: could not translate host name "postgres" to address: Name or service not known

2025-09-21 17:41:07,367 - ERROR - Ошибка подключения к БД: could not translate host name "postgres" to address: Name or service not known

2025-09-21 17:41:17,397 - ERROR - Ошибка подключения к БД: could not translate host name "postgres" to address: Name or service not known

2025-09-21 17:41:27,421 - ERROR - Ошибка подключения к БД: could not translate host name "postgres" to address: Name or service not known

2025-09-21 17:41:37,442 - ERROR - Ошибка подключения к БД: could not translate host name "postgres" to address: Name or service not known

2025-09-21 17:41:47,469 - ERROR - Ошибка подключения к БД: could not translate host name "postgres" to address: Name or service not known

2025-09-21 17:41:57,485 - ERROR - Ошибка подключения к БД: could not translate host name "postgres" to address: Name or service not known

2025-09-21 17:42:07,510 - ERROR - Ошибка подключения к БД: could not translate host name "postgres" to address: Name or service not known

2025-09-21 17:42:17,530 - ERROR - Ошибка подключения к БД: could not translate host name "postgres" to address: Name or service not known

2025-09-21 17:42:27,549 - ERROR - Ошибка подключения к БД: could not translate host name "postgres" to address: Name or service not known

2025-09-21 17:42:37,566 - ERROR - Ошибка подключения к БД: could not translate host name "postgres" to address: Name or service not known

2025-09-21 17:42:47,595 - ERROR - Ошибка подключения к БД: could not translate host name "postgres" to address: Name or service not known

2025-09-21 17:42:57,614 - ERROR - Ошибка подключения к БД: could not translate host name "postgres" to address: Name or service not known

2025-09-21 17:43:07,638 - ERROR - Ошибка подключения к БД: could not translate host name "postgres" to address: Name or service not known

2025-09-21 17:43:17,658 - ERROR - Ошибка подключения к БД: could not translate host name "postgres" to address: Name or service not known

2025-09-21 17:43:27,678 - ERROR - Ошибка подключения к БД: could not translate host name "postgres" to address: Name or service not known

2025-09-21 17:43:37,702 - ERROR - Ошибка подключения к БД: could not translate host name "postgres" to address: Name or service not known

2025-09-21 17:43:47,728 - ERROR - Ошибка подключения к БД: could not translate host name "postgres" to address: Name or service not known

2025-09-21 17:43:57,747 - ERROR - Ошибка подключения к БД: could not translate host name "postgres" to address: Name or service not known

2025-09-21 17:44:07,768 - ERROR - Ошибка подключения к БД: could not translate host name "postgres" to address: Name or service not known

2025-09-21 17:44:17,802 - ERROR - Ошибка подключения к БД: could not translate host name "postgres" to address: Name or service not known

2025-09-21 17:44:27,827 - ERROR - Ошибка подключения к БД: could not translate host name "postgres" to address: Name or service not known

2025-09-21 17:44:37,850 - ERROR - Ошибка подключения к БД: could not translate host name "postgres" to address: Name or service not known

2025-09-21 17:44:47,885 - ERROR - Ошибка подключения к БД: could not translate host name "postgres" to address: Name or service not known

2025-09-21 17:44:57,911 - ERROR - Ошибка подключения к БД: could not translate host name "postgres" to address: Name or service not known

2025-09-21 17:45:07,931 - ERROR - Ошибка подключения к БД: could not translate host name "postgres" to address: Name or service not known

2025-09-21 17:45:17,953 - ERROR - Ошибка подключения к БД: could not translate host name "postgres" to address: Name or service not known

2025-09-21 17:45:27,979 - ERROR - Ошибка подключения к БД: could not translate host name "postgres" to address: Name or service not known

2025-09-21 17:45:38,007 - ERROR - Ошибка подключения к БД: could not translate host name "postgres" to address: Name or service not known

2025-09-21 17:45:48,054 - ERROR - Ошибка подключения к БД: could not translate host name "postgres" to address: Name or service not known

2025-09-21 17:45:58,079 - ERROR - Ошибка подключения к БД: could not translate host name "postgres" to address: Name or service not known

2025-09-21 17:46:08,104 - ERROR - Ошибка подключения к БД: could not translate host name "postgres" to address: Name or service not known

2025-09-21 17:46:18,127 - ERROR - Ошибка подключения к БД: could not translate host name "postgres" to address: Name or service not known

2025-09-21 17:46:28,148 - ERROR - Ошибка подключения к БД: could not translate host name "postgres" to address: Name or service not known

2025-09-21 17:46:38,183 - ERROR - Ошибка подключения к БД: could not translate host name "postgres" to address: Name or service not known

2025-09-21 17:46:48,205 - ERROR - Ошибка подключения к БД: could not translate host name "postgres" to address: Name or service not known

2025-09-21 17:46:58,229 - ERROR - Ошибка подключения к БД: could not translate host name "postgres" to address: Name or service not known

2025-09-21 17:47:08,254 - ERROR - Ошибка подключения к БД: could not translate host name "postgres" to address: Name or service not known

2025-09-21 17:47:18,275 - ERROR - Ошибка подключения к БД: could not translate host name "postgres" to address: Name or service not known

2025-09-21 17:47:28,296 - ERROR - Ошибка подключения к БД: could not translate host name "postgres" to address: Name or service not known

2025-09-21 17:47:38,315 - ERROR - Ошибка подключения к БД: could not translate host name "postgres" to address: Name or service not known

2025-09-21 17:47:48,339 - ERROR - Ошибка подключения к БД: could not translate host name "postgres" to address: Name or service not known

2025-09-21 17:47:58,364 - ERROR - Ошибка подключения к БД: could not translate host name "postgres" to address: Name or service not known

2025-09-21 17:48:08,385 - ERROR - Ошибка подключения к БД: could not translate host name "postgres" to address: Name or service not known

2025-09-21 17:48:18,404 - ERROR - Ошибка подключения к БД: could not translate host name "postgres" to address: Name or service not known

2025-09-21 17:48:28,420 - ERROR - Ошибка подключения к БД: could not translate host name "postgres" to address: Name or service not known

2025-09-21 17:48:38,450 - ERROR - Ошибка подключения к БД: could not translate host name "postgres" to address: Name or service not known

2025-09-21 17:48:48,469 - ERROR - Ошибка подключения к БД: could not translate host name "postgres" to address: Name or service not known

2025-09-21 17:48:58,500 - ERROR - Ошибка подключения к БД: could not translate host name "postgres" to address: Name or service not known

2025-09-21 17:49:08,520 - ERROR - Ошибка подключения к БД: could not translate host name "postgres" to address: Name or service not known

2025-09-21 17:49:18,540 - ERROR - Ошибка подключения к БД: could not translate host name "postgres" to address: Name or service not known

2025-09-21 17:49:28,559 - ERROR - Ошибка подключения к БД: could not translate host name "postgres" to address: Name or service not known

2025-09-21 17:49:38,589 - ERROR - Ошибка подключения к БД: could not translate host name "postgres" to address: Name or service not known

2025-09-21 17:49:48,609 - ERROR - Ошибка подключения к БД: could not translate host name "postgres" to address: Name or service not known

2025-09-21 17:49:58,629 - ERROR - Ошибка подключения к БД: could not translate host name "postgres" to address: Name or service not known

2025-09-21 17:50:08,647 - ERROR - Ошибка подключения к БД: could not translate host name "postgres" to address: Name or service not known

2025-09-21 17:50:18,670 - ERROR - Ошибка подключения к БД: could not translate host name "postgres" to address: Name or service not known

2025-09-21 17:50:28,701 - ERROR - Ошибка подключения к БД: could not translate host name "postgres" to address: Name or service not known

2025-09-21 17:50:38,723 - ERROR - Ошибка подключения к БД: could not translate host name "postgres" to address: Name or service not known

2025-09-21 17:50:48,744 - ERROR - Ошибка подключения к БД: could not translate host name "postgres" to address: Name or service not known

2025-09-21 17:50:58,769 - ERROR - Ошибка подключения к БД: could not translate host name "postgres" to address: Name or service not known

2025-09-21 17:51:08,793 - ERROR - Ошибка подключения к БД: could not translate host name "postgres" to address: Name or service not known

2025-09-21 17:51:18,820 - ERROR - Ошибка подключения к БД: could not translate host name "postgres" to address: Name or service not known

2025-09-21 17:51:28,844 - ERROR - Ошибка подключения к БД: could not translate host name "postgres" to address: Name or service not known

2025-09-21 17:51:38,863 - ERROR - Ошибка подключения к БД: could not translate host name "postgres" to address: Name or service not known

2025-09-21 17:51:48,884 - ERROR - Ошибка подключения к БД: could not translate host name "postgres" to address: Name or service not known

2025-09-21 17:51:58,905 - ERROR - Ошибка подключения к БД: could not translate host name "postgres" to address: Name or service not known

2025-09-21 17:52:08,926 - ERROR - Ошибка подключения к БД: could not translate host name "postgres" to address: Name or service not known

2025-09-21 17:52:18,946 - ERROR - Ошибка подключения к БД: could not translate host name "postgres" to address: Name or service not known

2025-09-21 17:52:28,966 - ERROR - Ошибка подключения к БД: could not translate host name "postgres" to address: Name or service not known

2025-09-21 17:52:38,987 - ERROR - Ошибка подключения к БД: could not translate host name "postgres" to address: Name or service not known

2025-09-21 17:52:49,006 - ERROR - Ошибка подключения к БД: could not translate host name "postgres" to address: Name or service not known

2025-09-21 17:52:59,027 - ERROR - Ошибка подключения к БД: could not translate host name "postgres" to address: Name or service not known

2025-09-21 17:53:09,048 - ERROR - Ошибка подключения к БД: could not translate host name "postgres" to address: Name or service not known

2025-09-21 17:53:19,073 - ERROR - Ошибка подключения к БД: could not translate host name "postgres" to address: Name or service not known

2025-09-21 17:53:29,107 - ERROR - Ошибка подключения к БД: could not translate host name "postgres" to address: Name or service not known

2025-09-21 17:53:39,132 - ERROR - Ошибка подключения к БД: could not translate host name "postgres" to address: Name or service not known

2025-09-21 17:53:49,162 - ERROR - Ошибка подключения к БД: could not translate host name "postgres" to address: Name or service not known

2025-09-21 17:53:59,179 - ERROR - Ошибка подключения к БД: could not translate host name "postgres" to address: Name or service not known

2025-09-21 17:54:09,203 - ERROR - Ошибка подключения к БД: could not translate host name "postgres" to address: Name or service not known

2025-09-21 17:54:19,222 - ERROR - Ошибка подключения к БД: could not translate host name "postgres" to address: Name or service not known

2025-09-21 17:54:29,251 - ERROR - Ошибка подключения к БД: could not translate host name "postgres" to address: Name or service not known

2025-09-21 17:54:39,273 - ERROR - Ошибка подключения к БД: could not translate host name "postgres" to address: Name or service not known

2025-09-21 17:54:49,296 - ERROR - Ошибка подключения к БД: could not translate host name "postgres" to address: Name or service not known

2025-09-21 17:54:59,321 - ERROR - Ошибка подключения к БД: could not translate host name "postgres" to address: Name or service not known

2025-09-21 17:55:09,343 - ERROR - Ошибка подключения к БД: could not translate host name "postgres" to address: Name or service not known

2025-09-21 17:55:19,361 - ERROR - Ошибка подключения к БД: could not translate host name "postgres" to address: Name or service not known

2025-09-21 17:55:29,388 - ERROR - Ошибка подключения к БД: could not translate host name "postgres" to address: Name or service not known

2025-09-21 17:55:39,406 - ERROR - Ошибка подключения к БД: could not translate host name "postgres" to address: Name or service not known

2025-09-21 17:55:49,430 - ERROR - Ошибка подключения к БД: could not translate host name "postgres" to address: Name or service not known

2025-09-21 17:55:59,451 - ERROR - Ошибка подключения к БД: could not translate host name "postgres" to address: Name or service not known

2025-09-21 17:56:09,468 - ERROR - Ошибка подключения к БД: could not translate host name "postgres" to address: Name or service not known

2025-09-21 17:56:19,499 - ERROR - Ошибка подключения к БД: could not translate host name "postgres" to address: Name or service not known

2025-09-21 17:56:29,520 - ERROR - Ошибка подключения к БД: could not translate host name "postgres" to address: Name or service not known

2025-09-21 17:56:39,541 - ERROR - Ошибка подключения к БД: could not translate host name "postgres" to address: Name or service not known

2025-09-21 17:56:49,567 - ERROR - Ошибка подключения к БД: could not translate host name "postgres" to address: Name or service not known

2025-09-21 17:56:59,586 - ERROR - Ошибка подключения к БД: could not translate host name "postgres" to address: Name or service not known

2025-09-21 17:57:09,606 - ERROR - Ошибка подключения к БД: could not translate host name "postgres" to address: Name or service not known

2025-09-21 17:57:19,628 - ERROR - Ошибка подключения к БД: could not translate host name "postgres" to address: Name or service not known

2025-09-21 17:57:29,650 - ERROR - Ошибка подключения к БД: could not translate host name "postgres" to address: Name or service not known

2025-09-21 17:57:39,670 - ERROR - Ошибка подключения к БД: could not translate host name "postgres" to address: Name or service not known

2025-09-21 17:57:49,689 - ERROR - Ошибка подключения к БД: could not translate host name "postgres" to address: Name or service not known

2025-09-21 17:57:59,713 - ERROR - Ошибка подключения к БД: could not translate host name "postgres" to address: Name or service not known

2025-09-21 17:58:09,737 - ERROR - Ошибка подключения к БД: could not translate host name "postgres" to address: Name or service not known

2025-09-21 17:58:19,767 - ERROR - Ошибка подключения к БД: could not translate host name "postgres" to address: Name or service not known

2025-09-21 17:58:29,791 - ERROR - Ошибка подключения к БД: could not translate host name "postgres" to address: Name or service not known

2025-09-21 17:58:39,814 - ERROR - Ошибка подключения к БД: could not translate host name "postgres" to address: Name or service not known

2025-09-21 17:58:49,839 - ERROR - Ошибка подключения к БД: could not translate host name "postgres" to address: Name or service not known

2025-09-21 17:58:59,859 - ERROR - Ошибка подключения к БД: could not translate host name "postgres" to address: Name or service not known

2025-09-21 17:59:09,878 - ERROR - Ошибка подключения к БД: could not translate host name "postgres" to address: Name or service not known

2025-09-21 17:59:19,914 - ERROR - Ошибка подключения к БД: could not translate host name "postgres" to address: Name or service not known

2025-09-21 17:59:29,935 - ERROR - Ошибка подключения к БД: could not translate host name "postgres" to address: Name or service not known

2025-09-21 17:59:39,961 - ERROR - Ошибка подключения к БД: could not translate host name "postgres" to address: Name or service not known

2025-09-21 17:59:49,985 - ERROR - Ошибка подключения к БД: could not translate host name "postgres" to address: Name or service not known

2025-09-21 18:00:00,010 - ERROR - Ошибка подключения к БД: could not translate host name "postgres" to address: Name or service not known

2025-09-21 18:00:10,030 - ERROR - Ошибка подключения к БД: could not translate host name "postgres" to address: Name or service not known

2025-09-21 18:00:20,060 - ERROR - Ошибка подключения к БД: could not translate host name "postgres" to address: Name or service not known

2025-09-21 18:00:30,078 - ERROR - Ошибка подключения к БД: could not translate host name "postgres" to address: Name or service not known

2025-09-21 18:00:40,100 - ERROR - Ошибка подключения к БД: could not translate host name "postgres" to address: Name or service not known

2025-09-21 18:00:50,122 - ERROR - Ошибка подключения к БД: could not translate host name "postgres" to address: Name or service not known

2025-09-21 18:01:00,142 - ERROR - Ошибка подключения к БД: could not translate host name "postgres" to address: Name or service not known

2025-09-21 18:01:10,162 - ERROR - Ошибка подключения к БД: could not translate host name "postgres" to address: Name or service not known

2025-09-21 18:01:20,186 - ERROR - Ошибка подключения к БД: could not translate host name "postgres" to address: Name or service not known

2025-09-21 18:01:30,205 - ERROR - Ошибка подключения к БД: could not translate host name "postgres" to address: Name or service not known

2025-09-21 18:01:40,257 - ERROR - Ошибка подключения к БД: could not translate host name "postgres" to address: Name or service not known

2025-09-21 18:01:50,274 - ERROR - Ошибка подключения к БД: could not translate host name "postgres" to address: Name or service not known

2025-09-21 18:02:00,294 - ERROR - Ошибка подключения к БД: could not translate host name "postgres" to address: Name or service not known

2025-09-21 18:02:10,320 - ERROR - Ошибка подключения к БД: could not translate host name "postgres" to address: Name or service not known

2025-09-21 18:02:20,342 - ERROR - Ошибка подключения к БД: could not translate host name "postgres" to address: Name or service not known

2025-09-21 18:02:30,359 - ERROR - Ошибка подключения к БД: could not translate host name "postgres" to address: Name or service not known

2025-09-21 18:02:40,378 - ERROR - Ошибка подключения к БД: could not translate host name "postgres" to address: Name or service not known

2025-09-21 18:02:50,396 - ERROR - Ошибка подключения к БД: could not translate host name "postgres" to address: Name or service not known

2025-09-21 18:03:00,414 - ERROR - Ошибка подключения к БД: could not translate host name "postgres" to address: Name or service not known

2025-09-21 18:03:10,453 - ERROR - Ошибка подключения к БД: could not translate host name "postgres" to address: Name or service not known

2025-09-21 18:03:20,472 - ERROR - Ошибка подключения к БД: could not translate host name "postgres" to address: Name or service not known

2025-09-21 18:03:30,493 - ERROR - Ошибка подключения к БД: could not translate host name "postgres" to address: Name or service not known

2025-09-21 18:03:40,515 - ERROR - Ошибка подключения к БД: could not translate host name "postgres" to address: Name or service not known

2025-09-21 18:03:50,532 - ERROR - Ошибка подключения к БД: could not translate host name "postgres" to address: Name or service not known

2025-09-21 18:04:00,552 - ERROR - Ошибка подключения к БД: could not translate host name "postgres" to address: Name or service not known

2025-09-21 18:04:10,586 - ERROR - Ошибка подключения к БД: could not translate host name "postgres" to address: Name or service not known

2025-09-21 18:04:20,619 - ERROR - Ошибка подключения к БД: could not translate host name "postgres" to address: Name or service not known

2025-09-21 18:04:30,640 - ERROR - Ошибка подключения к БД: could not translate host name "postgres" to address: Name or service not known

2025-09-21 18:04:40,666 - ERROR - Ошибка подключения к БД: could not translate host name "postgres" to address: Name or service not known

2025-09-21 18:04:50,685 - ERROR - Ошибка подключения к БД: could not translate host name "postgres" to address: Name or service not known

2025-09-21 18:05:00,704 - ERROR - Ошибка подключения к БД: could not translate host name "postgres" to address: Name or service not known

2025-09-21 18:05:10,735 - ERROR - Ошибка подключения к БД: could not translate host name "postgres" to address: Name or service not known

2025-09-21 18:05:20,760 - ERROR - Ошибка подключения к БД: could not translate host name "postgres" to address: Name or service not known

2025-09-21 18:05:30,778 - ERROR - Ошибка подключения к БД: could not translate host name "postgres" to address: Name or service not known

2025-09-21 18:05:40,795 - ERROR - Ошибка подключения к БД: could not translate host name "postgres" to address: Name or service not known

2025-09-21 18:05:50,814 - ERROR - Ошибка подключения к БД: could not translate host name "postgres" to address: Name or service not known

2025-09-21 18:06:00,831 - ERROR - Ошибка подключения к БД: could not translate host name "postgres" to address: Name or service not known

2025-09-21 18:06:10,855 - ERROR - Ошибка подключения к БД: could not translate host name "postgres" to address: Name or service not known

2025-09-21 18:06:20,872 - ERROR - Ошибка подключения к БД: could not translate host name "postgres" to address: Name or service not known

2025-09-21 18:06:30,891 - ERROR - Ошибка подключения к БД: could not translate host name "postgres" to address: Name or service not known

2025-09-21 18:06:40,910 - ERROR - Ошибка подключения к БД: could not translate host name "postgres" to address: Name or service not known

2025-09-21 18:06:50,929 - ERROR - Ошибка подключения к БД: could not translate host name "postgres" to address: Name or service not known

2025-09-21 18:07:00,958 - ERROR - Ошибка подключения к БД: could not translate host name "postgres" to address: Name or service not known

2025-09-21 18:07:10,977 - ERROR - Ошибка подключения к БД: could not translate host name "postgres" to address: Name or service not known

2025-09-21 18:07:21,015 - ERROR - Ошибка подключения к БД: could not translate host name "postgres" to address: Name or service not known

2025-09-21 18:07:31,035 - ERROR - Ошибка подключения к БД: could not translate host name "postgres" to address: Name or service not known

2025-09-21 18:07:41,055 - ERROR - Ошибка подключения к БД: could not translate host name "postgres" to address: Name or service not known

2025-09-21 18:07:51,074 - ERROR - Ошибка подключения к БД: could not translate host name "postgres" to address: Name or service not known

2025-09-21 18:08:01,091 - ERROR - Ошибка подключения к БД: could not translate host name "postgres" to address: Name or service not known

2025-09-21 18:08:11,121 - ERROR - Ошибка подключения к БД: could not translate host name "postgres" to address: Name or service not known

2025-09-21 18:08:21,142 - ERROR - Ошибка подключения к БД: could not translate host name "postgres" to address: Name or service not known

2025-09-21 18:08:31,160 - ERROR - Ошибка подключения к БД: could not translate host name "postgres" to address: Name or service not known

2025-09-21 18:08:41,178 - ERROR - Ошибка подключения к БД: could not translate host name "postgres" to address: Name or service not known

2025-09-21 18:08:51,199 - ERROR - Ошибка подключения к БД: could not translate host name "postgres" to address: Name or service not known

2025-09-21 18:09:01,236 - ERROR - Ошибка подключения к БД: could not translate host name "postgres" to address: Name or service not known

2025-09-21 18:09:11,265 - ERROR - Ошибка подключения к БД: could not translate host name "postgres" to address: Name or service not known

2025-09-21 18:09:21,284 - ERROR - Ошибка подключения к БД: could not translate host name "postgres" to address: Name or service not known

2025-09-21 18:09:31,303 - ERROR - Ошибка подключения к БД: could not translate host name "postgres" to address: Name or service not known

2025-09-21 18:09:41,322 - ERROR - Ошибка подключения к БД: could not translate host name "postgres" to address: Name or service not known

2025-09-21 18:09:51,340 - ERROR - Ошибка подключения к БД: could not translate host name "postgres" to address: Name or service not known

2025-09-21 18:10:01,377 - ERROR - Ошибка подключения к БД: could not translate host name "postgres" to address: Name or service not known

2025-09-21 18:10:11,397 - ERROR - Ошибка подключения к БД: could not translate host name "postgres" to address: Name or service not known

2025-09-21 18:10:21,420 - ERROR - Ошибка подключения к БД: could not translate host name "postgres" to address: Name or service not known

2025-09-21 18:10:31,440 - ERROR - Ошибка подключения к БД: could not translate host name "postgres" to address: Name or service not known

2025-09-21 18:10:41,459 - ERROR - Ошибка подключения к БД: could not translate host name "postgres" to address: Name or service not known

2025-09-21 18:10:51,477 - ERROR - Ошибка подключения к БД: could not translate host name "postgres" to address: Name or service not known

2025-09-21 18:11:01,498 - ERROR - Ошибка подключения к БД: could not translate host name "postgres" to address: Name or service not known

2025-09-21 18:11:11,516 - ERROR - Ошибка подключения к БД: could not translate host name "postgres" to address: Name or service not known

2025-09-21 18:11:21,537 - ERROR - Ошибка подключения к БД: could not translate host name "postgres" to address: Name or service not known

2025-09-21 18:11:31,554 - ERROR - Ошибка подключения к БД: could not translate host name "postgres" to address: Name or service not known

2025-09-21 18:11:41,572 - ERROR - Ошибка подключения к БД: could not translate host name "postgres" to address: Name or service not known

2025-09-21 18:11:51,598 - ERROR - Ошибка подключения к БД: could not translate host name "postgres" to address: Name or service not known

2025-09-21 18:12:01,631 - ERROR - Ошибка подключения к БД: could not translate host name "postgres" to address: Name or service not known

2025-09-21 18:12:11,658 - ERROR - Ошибка подключения к БД: could not translate host name "postgres" to address: Name or service not known

2025-09-21 18:12:21,677 - ERROR - Ошибка подключения к БД: could not translate host name "postgres" to address: Name or service not known

2025-09-21 18:12:31,694 - ERROR - Ошибка подключения к БД: could not translate host name "postgres" to address: Name or service not known

2025-09-21 18:12:41,722 - ERROR - Ошибка подключения к БД: could not translate host name "postgres" to address: Name or service not known

2025-09-21 18:12:51,743 - ERROR - Ошибка подключения к БД: could not translate host name "postgres" to address: Name or service not known

2025-09-21 18:13:01,772 - ERROR - Ошибка подключения к БД: could not translate host name "postgres" to address: Name or service not known

2025-09-21 18:13:11,803 - ERROR - Ошибка подключения к БД: could not translate host name "postgres" to address: Name or service not known

2025-09-21 18:13:21,827 - ERROR - Ошибка подключения к БД: could not translate host name "postgres" to address: Name or service not known

2025-09-21 18:13:31,844 - ERROR - Ошибка подключения к БД: could not translate host name "postgres" to address: Name or service not known

2025-09-21 18:13:41,862 - ERROR - Ошибка подключения к БД: could not translate host name "postgres" to address: Name or service not known

2025-09-21 18:13:51,883 - ERROR - Ошибка подключения к БД: could not translate host name "postgres" to address: Name or service not known

2025-09-21 18:14:01,901 - ERROR - Ошибка подключения к БД: could not translate host name "postgres" to address: Name or service not known

2025-09-21 18:14:11,914 - ERROR - Ошибка подключения к БД: could not translate host name "postgres" to address: Name or service not known

2025-09-21 18:14:21,932 - ERROR - Ошибка подключения к БД: could not translate host name "postgres" to address: Name or service not known

2025-09-21 18:14:31,952 - ERROR - Ошибка подключения к БД: could not translate host name "postgres" to address: Name or service not known

2025-09-21 18:14:41,980 - ERROR - Ошибка подключения к БД: could not translate host name "postgres" to address: Name or service not known

2025-09-21 18:14:52,005 - ERROR - Ошибка подключения к БД: could not translate host name "postgres" to address: Name or service not known

2025-09-21 18:15:02,021 - ERROR - Ошибка подключения к БД: could not translate host name "postgres" to address: Name or service not known

2025-09-21 18:15:12,044 - ERROR - Ошибка подключения к БД: could not translate host name "postgres" to address: Name or service not known

2025-09-21 18:15:22,064 - ERROR - Ошибка подключения к БД: could not translate host name "postgres" to address: Name or service not known

2025-09-21 18:15:32,091 - ERROR - Ошибка подключения к БД: could not translate host name "postgres" to address: Name or service not known

2025-09-21 18:15:42,111 - ERROR - Ошибка подключения к БД: could not translate host name "postgres" to address: Name or service not known

2025-09-21 18:15:52,156 - ERROR - Ошибка подключения к БД: could not translate host name "postgres" to address: Name or service not known

2025-09-21 18:16:02,181 - ERROR - Ошибка подключения к БД: could not translate host name "postgres" to address: Name or service not known

2025-09-21 18:16:12,200 - ERROR - Ошибка подключения к БД: could not translate host name "postgres" to address: Name or service not known

2025-09-21 18:16:22,226 - ERROR - Ошибка подключения к БД: could not translate host name "postgres" to address: Name or service not known

2025-09-21 18:16:32,246 - ERROR - Ошибка подключения к БД: could not translate host name "postgres" to address: Name or service not known

2025-09-21 18:16:42,265 - ERROR - Ошибка подключения к БД: could not translate host name "postgres" to address: Name or service not known

2025-09-21 18:16:52,290 - ERROR - Ошибка подключения к БД: could not translate host name "postgres" to address: Name or service not known

2025-09-21 18:17:02,311 - ERROR - Ошибка подключения к БД: could not translate host name "postgres" to address: Name or service not known

2025-09-21 18:17:12,332 - ERROR - Ошибка подключения к БД: could not translate host name "postgres" to address: Name or service not known

2025-09-21 18:17:22,353 - ERROR - Ошибка подключения к БД: could not translate host name "postgres" to address: Name or service not known

2025-09-21 18:17:32,369 - ERROR - Ошибка подключения к БД: could not translate host name "postgres" to address: Name or service not known

2025-09-21 18:17:42,389 - ERROR - Ошибка подключения к БД: could not translate host name "postgres" to address: Name or service not known

2025-09-21 18:17:52,408 - ERROR - Ошибка подключения к БД: could not translate host name "postgres" to address: Name or service not known

2025-09-21 18:18:02,432 - ERROR - Ошибка подключения к БД: could not translate host name "postgres" to address: Name or service not known

2025-09-21 18:18:12,449 - ERROR - Ошибка подключения к БД: could not translate host name "postgres" to address: Name or service not known

2025-09-21 18:18:22,473 - ERROR - Ошибка подключения к БД: could not translate host name "postgres" to address: Name or service not known

2025-09-21 18:18:32,506 - ERROR - Ошибка подключения к БД: could not translate host name "postgres" to address: Name or service not known

2025-09-21 18:18:42,529 - ERROR - Ошибка подключения к БД: could not translate host name "postgres" to address: Name or service not known

2025-09-21 18:18:52,558 - ERROR - Ошибка подключения к БД: could not translate host name "postgres" to address: Name or service not known

2025-09-21 18:19:02,582 - ERROR - Ошибка подключения к БД: could not translate host name "postgres" to address: Name or service not known

2025-09-21 18:19:12,606 - ERROR - Ошибка подключения к БД: could not translate host name "postgres" to address: Name or service not known

2025-09-21 18:19:22,636 - ERROR - Ошибка подключения к БД: could not translate host name "postgres" to address: Name or service not known

2025-09-21 18:19:32,658 - ERROR - Ошибка подключения к БД: could not translate host name "postgres" to address: Name or service not known

2025-09-21 18:19:42,679 - ERROR - Ошибка подключения к БД: could not translate host name "postgres" to address: Name or service not known

2025-09-21 18:19:52,712 - ERROR - Ошибка подключения к БД: could not translate host name "postgres" to address: Name or service not known

2025-09-21 18:20:02,742 - ERROR - Ошибка подключения к БД: could not translate host name "postgres" to address: Name or service not known

2025-09-21 18:20:12,754 - ERROR - Ошибка подключения к БД: could not translate host name "postgres" to address: Name or service not known

2025-09-21 18:20:23,283 - ERROR - Ошибка подключения к БД: could not translate host name "postgres" to address: Name or service not known

2025-09-21 18:20:33,311 - ERROR - Ошибка подключения к БД: could not translate host name "postgres" to address: Name or service not known

2025-09-21 18:35:43,161 - ERROR - Ошибка подключения к БД: could not translate host name "postgres" to address: Name or service not known

2025-09-21 18:35:53,691 - ERROR - Ошибка подключения к БД: could not translate host name "postgres" to address: Name or service not known

2025-09-21 18:36:03,713 - ERROR - Ошибка подключения к БД: could not translate host name "postgres" to address: Name or service not known

2025-09-21 18:51:14,439 - ERROR - Ошибка подключения к БД: could not translate host name "postgres" to address: Name or service not known

2025-09-21 18:51:24,977 - ERROR - Ошибка подключения к БД: could not translate host name "postgres" to address: Name or service not known

2025-09-21 18:51:35,008 - ERROR - Ошибка подключения к БД: could not translate host name "postgres" to address: Name or service not known

2025-09-21 19:06:46,668 - ERROR - Ошибка подключения к БД: could not translate host name "postgres" to address: Name or service not known

2025-09-21 19:06:57,293 - ERROR - Ошибка подключения к БД: could not translate host name "postgres" to address: Name or service not known

2025-09-21 19:07:07,316 - ERROR - Ошибка подключения к БД: could not translate host name "postgres" to address: Name or service not known

2025-09-21 19:22:18,597 - ERROR - Ошибка подключения к БД: could not translate host name "postgres" to address: Name or service not known

2025-09-21 19:22:28,614 - ERROR - Ошибка подключения к БД: could not translate host name "postgres" to address: Name or service not known

2025-09-21 19:37:39,342 - ERROR - Ошибка подключения к БД: could not translate host name "postgres" to address: Name or service not known

2025-09-21 19:37:49,877 - ERROR - Ошибка подключения к БД: could not translate host name "postgres" to address: Name or service not known

2025-09-21 19:37:59,901 - ERROR - Ошибка подключения к БД: could not translate host name "postgres" to address: Name or service not known

2025-09-21 20:08:11,100 - ERROR - Ошибка подключения к БД: could not translate host name "postgres" to address: Name or service not known

2025-09-21 20:08:21,122 - ERROR - Ошибка подключения к БД: could not translate host name "postgres" to address: Name or service not known

2025-09-21 20:08:31,148 - ERROR - Ошибка подключения к БД: could not translate host name "postgres" to address: Name or service not known

2025-09-21 20:21:17,101 - ERROR - Ошибка подключения к БД: could not translate host name "postgres" to address: Name or service not known

2025-09-21 20:21:27,119 - ERROR - Ошибка подключения к БД: could not translate host name "postgres" to address: Name or service not known

2025-09-21 20:21:37,140 - ERROR - Ошибка подключения к БД: could not translate host name "postgres" to address: Name or service not known

2025-09-21 20:36:47,511 - ERROR - Ошибка подключения к БД: could not translate host name "postgres" to address: Name or service not known

2025-09-21 20:36:57,543 - ERROR - Ошибка подключения к БД: could not translate host name "postgres" to address: Name or service not known

2025-09-21 20:37:08,059 - ERROR - Ошибка подключения к БД: could not translate host name "postgres" to address: Name or service not known

2025-09-21 20:52:17,927 - ERROR - Ошибка подключения к БД: could not translate host name "postgres" to address: Name or service not known

2025-09-21 20:52:27,958 - ERROR - Ошибка подключения к БД: could not translate host name "postgres" to address: Name or service not known

2025-09-21 20:52:38,495 - ERROR - Ошибка подключения к БД: could not translate host name "postgres" to address: Name or service not known

2025-09-21 21:07:48,382 - ERROR - Ошибка подключения к БД: could not translate host name "postgres" to address: Name or service not known

2025-09-21 21:07:58,396 - ERROR - Ошибка подключения к БД: could not translate host name "postgres" to address: Name or service not known

2025-09-21 21:08:08,949 - ERROR - Ошибка подключения к БД: could not translate host name "postgres" to address: Name or service not known

2025-09-21 21:23:18,846 - ERROR - Ошибка подключения к БД: could not translate host name "postgres" to address: Name or service not known

2025-09-21 21:23:29,383 - ERROR - Ошибка подключения к БД: could not translate host name "postgres" to address: Name or service not known

2025-09-21 21:23:39,403 - ERROR - Ошибка подключения к БД: could not translate host name "postgres" to address: Name or service not known

2025-09-21 21:38:50,613 - ERROR - Ошибка подключения к БД: could not translate host name "postgres" to address: Name or service not known

2025-09-21 21:39:00,633 - ERROR - Ошибка подключения к БД: could not translate host name "postgres" to address: Name or service not known

2025-09-21 21:39:10,648 - ERROR - Ошибка подключения к БД: could not translate host name "postgres" to address: Name or service not known

2025-09-21 21:54:21,070 - ERROR - Ошибка подключения к БД: could not translate host name "postgres" to address: Name or service not known

2025-09-21 21:54:31,095 - ERROR - Ошибка подключения к БД: could not translate host name "postgres" to address: Name or service not known

2025-09-21 21:54:41,629 - ERROR - Ошибка подключения к БД: could not translate host name "postgres" to address: Name or service not known

2025-09-21 22:24:53,022 - ERROR - Ошибка подключения к БД: could not translate host name "postgres" to address: Name or service not known

2025-09-21 22:25:03,054 - ERROR - Ошибка подключения к БД: could not translate host name "postgres" to address: Name or service not known

2025-09-21 22:25:13,593 - ERROR - Ошибка подключения к БД: could not translate host name "postgres" to address: Name or service not known

2025-09-21 22:40:23,493 - ERROR - Ошибка подключения к БД: could not translate host name "postgres" to address: Name or service not known

2025-09-21 22:40:34,022 - ERROR - Ошибка подключения к БД: could not translate host name "postgres" to address: Name or service not known

2025-09-21 22:40:44,043 - ERROR - Ошибка подключения к БД: could not translate host name "postgres" to address: Name or service not known

2025-09-21 22:55:54,156 - ERROR - Ошибка подключения к БД: could not translate host name "postgres" to address: Name or service not known

2025-09-21 22:56:04,733 - ERROR - Ошибка подключения к БД: could not translate host name "postgres" to address: Name or service not known

2025-09-21 22:56:14,765 - ERROR - Ошибка подключения к БД: could not translate host name "postgres" to address: Name or service not known

2025-09-21 23:11:26,250 - ERROR - Ошибка подключения к БД: could not translate host name "postgres" to address: Name or service not known

2025-09-21 23:11:36,279 - ERROR - Ошибка подключения к БД: could not translate host name "postgres" to address: Name or service not known

2025-09-21 23:11:46,312 - ERROR - Ошибка подключения к БД: could not translate host name "postgres" to address: Name or service not known

2025-09-21 23:26:56,817 - ERROR - Ошибка подключения к БД: could not translate host name "postgres" to address: Name or service not known

2025-09-21 23:27:06,845 - ERROR - Ошибка подключения к БД: could not translate host name "postgres" to address: Name or service not known

2025-09-21 23:27:16,875 - ERROR - Ошибка подключения к БД: could not translate host name "postgres" to address: Name or service not known

2025-09-21 23:50:29,672 - ERROR - Ошибка подключения к БД: could not translate host name "postgres" to address: Name or service not known

2025-09-21 23:50:39,703 - ERROR - Ошибка подключения к БД: could not translate host name "postgres" to address: Name or service not known

2025-09-22 00:05:50,321 - ERROR - Ошибка подключения к БД: could not translate host name "postgres" to address: Name or service not known

2025-09-22 00:06:00,342 - ERROR - Ошибка подключения к БД: could not translate host name "postgres" to address: Name or service not known

2025-09-22 00:06:10,861 - ERROR - Ошибка подключения к БД: could not translate host name "postgres" to address: Name or service not known

2025-09-22 00:21:21,651 - ERROR - Ошибка подключения к БД: could not translate host name "postgres" to address: Name or service not known

2025-09-22 00:21:32,239 - ERROR - Ошибка подключения к БД: could not translate host name "postgres" to address: Name or service not known

2025-09-22 00:21:42,271 - ERROR - Ошибка подключения к БД: could not translate host name "postgres" to address: Name or service not known

2025-09-22 00:36:52,654 - ERROR - Ошибка подключения к БД: could not translate host name "postgres" to address: Name or service not known

2025-09-22 00:37:02,681 - ERROR - Ошибка подключения к БД: could not translate host name "postgres" to address: Name or service not known

2025-09-22 00:37:12,711 - ERROR - Ошибка подключения к БД: could not translate host name "postgres" to address: Name or service not known

2025-09-22 01:07:23,024 - ERROR - Ошибка подключения к БД: could not translate host name "postgres" to address: Name or service not known

2025-09-22 01:07:33,043 - ERROR - Ошибка подключения к БД: could not translate host name "postgres" to address: Name or service not known

2025-09-22 01:07:44,593 - ERROR - Ошибка подключения к БД: could not translate host name "postgres" to address: Name or service not known

2025-09-22 01:22:54,616 - ERROR - Ошибка подключения к БД: could not translate host name "postgres" to address: Name or service not known

2025-09-22 01:23:04,639 - ERROR - Ошибка подключения к БД: could not translate host name "postgres" to address: Name or service not known

2025-09-22 01:23:15,213 - ERROR - Ошибка подключения к БД: could not translate host name "postgres" to address: Name or service not known

2025-09-22 01:38:25,915 - ERROR - Ошибка подключения к БД: could not translate host name "postgres" to address: Name or service not known

2025-09-22 01:38:35,936 - ERROR - Ошибка подключения к БД: could not translate host name "postgres" to address: Name or service not known

2025-09-22 01:38:46,553 - ERROR - Ошибка подключения к БД: could not translate host name "postgres" to address: Name or service not known

2025-09-22 01:59:32,794 - ERROR - Ошибка подключения к БД: could not translate host name "postgres" to address: Name or service not known

2025-09-22 01:59:42,825 - ERROR - Ошибка подключения к БД: could not translate host name "postgres" to address: Name or service not known

2025-09-22 01:59:53,358 - ERROR - Ошибка подключения к БД: could not translate host name "postgres" to address: Name or service not known

2025-09-22 02:15:03,276 - ERROR - Ошибка подключения к БД: could not translate host name "postgres" to address: Name or service not known

2025-09-22 02:15:13,810 - ERROR - Ошибка подключения к БД: could not translate host name "postgres" to address: Name or service not known

2025-09-22 02:15:23,838 - ERROR - Ошибка подключения к БД: could not translate host name "postgres" to address: Name or service not known

2025-09-22 02:30:34,566 - ERROR - Ошибка подключения к БД: could not translate host name "postgres" to address: Name or service not known

2025-09-22 02:30:45,088 - ERROR - Ошибка подключения к БД: could not translate host name "postgres" to address: Name or service not known

2025-09-22 02:30:55,111 - ERROR - Ошибка подключения к БД: could not translate host name "postgres" to address: Name or service not known

2025-09-22 02:46:05,029 - ERROR - Ошибка подключения к БД: could not translate host name "postgres" to address: Name or service not known

2025-09-22 02:46:15,567 - ERROR - Ошибка подключения к БД: could not translate host name "postgres" to address: Name or service not known

2025-09-22 02:46:25,585 - ERROR - Ошибка подключения к БД: could not translate host name "postgres" to address: Name or service not known

2025-09-22 03:01:36,383 - ERROR - Ошибка подключения к БД: could not translate host name "postgres" to address: Name or service not known

2025-09-22 03:01:46,937 - ERROR - Ошибка подключения к БД: could not translate host name "postgres" to address: Name or service not known

2025-09-22 03:01:56,949 - ERROR - Ошибка подключения к БД: could not translate host name "postgres" to address: Name or service not known

2025-09-22 03:17:07,400 - ERROR - Ошибка подключения к БД: could not translate host name "postgres" to address: Name or service not known

2025-09-22 03:17:17,424 - ERROR - Ошибка подключения к БД: could not translate host name "postgres" to address: Name or service not known

2025-09-22 03:17:27,450 - ERROR - Ошибка подключения к БД: could not translate host name "postgres" to address: Name or service not known

2025-09-22 03:32:37,933 - ERROR - Ошибка подключения к БД: could not translate host name "postgres" to address: Name or service not known

2025-09-22 03:32:47,958 - ERROR - Ошибка подключения к БД: could not translate host name "postgres" to address: Name or service not known

2025-09-22 03:47:57,889 - ERROR - Ошибка подключения к БД: could not translate host name "postgres" to address: Name or service not known

2025-09-22 03:48:08,435 - ERROR - Ошибка подключения к БД: could not translate host name "postgres" to address: Name or service not known

2025-09-22 03:48:18,463 - ERROR - Ошибка подключения к БД: could not translate host name "postgres" to address: Name or service not known

2025-09-22 04:14:46,075 - ERROR - Ошибка подключения к БД: could not translate host name "postgres" to address: Name or service not known

2025-09-22 04:14:56,107 - ERROR - Ошибка подключения к БД: could not translate host name "postgres" to address: Name or service not known

2025-09-22 04:15:06,135 - ERROR - Ошибка подключения к БД: could not translate host name "postgres" to address: Name or service not known

2025-09-22 04:30:16,585 - ERROR - Ошибка подключения к БД: could not translate host name "postgres" to address: Name or service not known

2025-09-22 04:30:26,613 - ERROR - Ошибка подключения к БД: could not translate host name "postgres" to address: Name or service not known

2025-09-22 04:30:37,180 - ERROR - Ошибка подключения к БД: could not translate host name "postgres" to address: Name or service not known

2025-09-22 04:45:47,089 - ERROR - Ошибка подключения к БД: could not translate host name "postgres" to address: Name or service not known

2025-09-22 04:45:57,112 - ERROR - Ошибка подключения к БД: could not translate host name "postgres" to address: Name or service not known

2025-09-22 04:46:07,693 - ERROR - Ошибка подключения к БД: could not translate host name "postgres" to address: Name or service not known

2025-09-22 05:01:18,398 - ERROR - Ошибка подключения к БД: could not translate host name "postgres" to address: Name or service not known

2025-09-22 05:01:28,966 - ERROR - Ошибка подключения к БД: could not translate host name "postgres" to address: Name or service not known

2025-09-22 05:01:38,997 - ERROR - Ошибка подключения к БД: could not translate host name "postgres" to address: Name or service not known

2025-09-22 05:16:49,383 - ERROR - Ошибка подключения к БД: could not translate host name "postgres" to address: Name or service not known

2025-09-22 05:16:59,407 - ERROR - Ошибка подключения к БД: could not translate host name "postgres" to address: Name or service not known

2025-09-22 05:17:09,436 - ERROR - Ошибка подключения к БД: could not translate host name "postgres" to address: Name or service not known

2025-09-22 05:47:19,704 - ERROR - Ошибка подключения к БД: could not translate host name "postgres" to address: Name or service not known

2025-09-22 05:47:29,729 - ERROR - Ошибка подключения к БД: could not translate host name "postgres" to address: Name or service not known

2025-09-22 05:47:40,261 - ERROR - Ошибка подключения к БД: could not translate host name "postgres" to address: Name or service not known

2025-09-22 06:02:50,146 - ERROR - Ошибка подключения к БД: could not translate host name "postgres" to address: Name or service not known

2025-09-22 06:03:00,174 - ERROR - Ошибка подключения к БД: could not translate host name "postgres" to address: Name or service not known

2025-09-22 06:03:10,191 - ERROR - Ошибка подключения к БД: could not translate host name "postgres" to address: Name or service not known

2025-09-22 06:15:49,057 - ERROR - Ошибка подключения к БД: could not translate host name "postgres" to address: Name or service not known

2025-09-22 06:15:59,088 - ERROR - Ошибка подключения к БД: could not translate host name "postgres" to address: Name or service not known

2025-09-22 06:16:09,679 - ERROR - Ошибка подключения к БД: could not translate host name "postgres" to address: Name or service not known

2025-09-22 06:31:19,569 - ERROR - Ошибка подключения к БД: could not translate host name "postgres" to address: Name or service not known

2025-09-22 06:31:30,105 - ERROR - Ошибка подключения к БД: could not translate host name "postgres" to address: Name or service not known

2025-09-22 06:31:40,164 - ERROR - Ошибка подключения к БД: could not translate host name "postgres" to address: Name or service not known

2025-09-22 06:44:07,574 - ERROR - Ошибка подключения к БД: could not translate host name "postgres" to address: Name or service not known

2025-09-22 06:44:17,615 - ERROR - Ошибка подключения к БД: could not translate host name "postgres" to address: Name or service not known

2025-09-22 06:44:27,637 - ERROR - Ошибка подключения к БД: could not translate host name "postgres" to address: Name or service not known

2025-09-22 06:44:37,666 - ERROR - Ошибка подключения к БД: could not translate host name "postgres" to address: Name or service not known

2025-09-22 06:44:47,693 - ERROR - Ошибка подключения к БД: could not translate host name "postgres" to address: Name or service not known

2025-09-22 06:44:57,717 - ERROR - Ошибка подключения к БД: could not translate host name "postgres" to address: Name or service not known

2025-09-22 06:45:07,746 - ERROR - Ошибка подключения к БД: could not translate host name "postgres" to address: Name or service not known

2025-09-22 06:45:17,765 - ERROR - Ошибка подключения к БД: could not translate host name "postgres" to address: Name or service not known

2025-09-22 06:45:27,785 - ERROR - Ошибка подключения к БД: could not translate host name "postgres" to address: Name or service not known

2025-09-22 06:45:37,806 - ERROR - Ошибка подключения к БД: could not translate host name "postgres" to address: Name or service not known

2025-09-22 06:45:47,833 - ERROR - Ошибка подключения к БД: could not translate host name "postgres" to address: Name or service not known

2025-09-22 06:45:57,860 - ERROR - Ошибка подключения к БД: could not translate host name "postgres" to address: Name or service not known

2025-09-22 06:46:07,901 - ERROR - Ошибка подключения к БД: could not translate host name "postgres" to address: Name or service not known

2025-09-22 06:46:17,932 - ERROR - Ошибка подключения к БД: could not translate host name "postgres" to address: Name or service not known

2025-09-22 06:46:27,945 - ERROR - Ошибка подключения к БД: could not translate host name "postgres" to address: Name or service not known

2025-09-22 06:46:37,977 - ERROR - Ошибка подключения к БД: could not translate host name "postgres" to address: Name or service not known

2025-09-22 06:46:47,998 - ERROR - Ошибка подключения к БД: could not translate host name "postgres" to address: Name or service not known

2025-09-22 06:46:58,028 - ERROR - Ошибка подключения к БД: could not translate host name "postgres" to address: Name or service not known

2025-09-22 06:47:08,078 - ERROR - Ошибка подключения к БД: could not translate host name "postgres" to address: Name or service not known

2025-09-22 06:47:18,101 - ERROR - Ошибка подключения к БД: could not translate host name "postgres" to address: Name or service not known

2025-09-22 06:47:28,123 - ERROR - Ошибка подключения к БД: could not translate host name "postgres" to address: Name or service not known

2025-09-22 06:47:38,148 - ERROR - Ошибка подключения к БД: could not translate host name "postgres" to address: Name or service not known

2025-09-22 06:47:48,159 - ERROR - Ошибка подключения к БД: could not translate host name "postgres" to address: Name or service not known

2025-09-22 06:47:58,185 - ERROR - Ошибка подключения к БД: could not translate host name "postgres" to address: Name or service not known

2025-09-22 06:48:08,217 - ERROR - Ошибка подключения к БД: could not translate host name "postgres" to address: Name or service not known

2025-09-22 06:48:18,241 - ERROR - Ошибка подключения к БД: could not translate host name "postgres" to address: Name or service not known

2025-09-22 06:48:28,261 - ERROR - Ошибка подключения к БД: could not translate host name "postgres" to address: Name or service not known

2025-09-22 06:48:38,278 - ERROR - Ошибка подключения к БД: could not translate host name "postgres" to address: Name or service not known

2025-09-22 06:48:48,305 - ERROR - Ошибка подключения к БД: could not translate host name "postgres" to address: Name or service not known

2025-09-22 06:48:58,332 - ERROR - Ошибка подключения к БД: could not translate host name "postgres" to address: Name or service not known

2025-09-22 06:49:08,351 - ERROR - Ошибка подключения к БД: could not translate host name "postgres" to address: Name or service not known

2025-09-22 06:49:18,368 - ERROR - Ошибка подключения к БД: could not translate host name "postgres" to address: Name or service not known

2025-09-22 06:49:28,390 - ERROR - Ошибка подключения к БД: could not translate host name "postgres" to address: Name or service not known

2025-09-22 06:49:38,413 - ERROR - Ошибка подключения к БД: could not translate host name "postgres" to address: Name or service not known

2025-09-22 06:49:48,431 - ERROR - Ошибка подключения к БД: could not translate host name "postgres" to address: Name or service not known

2025-09-22 06:49:58,467 - ERROR - Ошибка подключения к БД: could not translate host name "postgres" to address: Name or service not known

2025-09-22 06:50:08,484 - ERROR - Ошибка подключения к БД: could not translate host name "postgres" to address: Name or service not known

2025-09-22 06:50:18,501 - ERROR - Ошибка подключения к БД: could not translate host name "postgres" to address: Name or service not known

2025-09-22 06:50:28,542 - ERROR - Ошибка подключения к БД: could not translate host name "postgres" to address: Name or service not known

2025-09-22 06:50:38,566 - ERROR - Ошибка подключения к БД: could not translate host name "postgres" to address: Name or service not known

2025-09-22 06:50:48,596 - ERROR - Ошибка подключения к БД: could not translate host name "postgres" to address: Name or service not known

2025-09-22 06:50:58,620 - ERROR - Ошибка подключения к БД: could not translate host name "postgres" to address: Name or service not known

2025-09-22 06:51:08,644 - ERROR - Ошибка подключения к БД: could not translate host name "postgres" to address: Name or service not known

2025-09-22 06:51:18,667 - ERROR - Ошибка подключения к БД: could not translate host name "postgres" to address: Name or service not known

2025-09-22 06:51:28,690 - ERROR - Ошибка подключения к БД: could not translate host name "postgres" to address: Name or service not known

2025-09-22 06:51:38,714 - ERROR - Ошибка подключения к БД: could not translate host name "postgres" to address: Name or service not known

2025-09-22 06:51:48,732 - ERROR - Ошибка подключения к БД: could not translate host name "postgres" to address: Name or service not known

2025-09-22 06:51:58,748 - ERROR - Ошибка подключения к БД: could not translate host name "postgres" to address: Name or service not known

2025-09-22 06:52:08,769 - ERROR - Ошибка подключения к БД: could not translate host name "postgres" to address: Name or service not known

2025-09-22 06:52:18,778 - ERROR - Ошибка подключения к БД: could not translate host name "postgres" to address: Name or service not known

2025-09-22 06:52:28,800 - ERROR - Ошибка подключения к БД: could not translate host name "postgres" to address: Name or service not known

2025-09-22 06:52:38,819 - ERROR - Ошибка подключения к БД: could not translate host name "postgres" to address: Name or service not known

2025-09-22 06:52:48,842 - ERROR - Ошибка подключения к БД: could not translate host name "postgres" to address: Name or service not known

2025-09-22 06:52:58,869 - ERROR - Ошибка подключения к БД: could not translate host name "postgres" to address: Name or service not known

2025-09-22 06:53:08,890 - ERROR - Ошибка подключения к БД: could not translate host name "postgres" to address: Name or service not known

2025-09-22 06:53:18,912 - ERROR - Ошибка подключения к БД: could not translate host name "postgres" to address: Name or service not known

2025-09-22 06:53:28,934 - ERROR - Ошибка подключения к БД: could not translate host name "postgres" to address: Name or service not known

2025-09-22 06:53:38,953 - ERROR - Ошибка подключения к БД: could not translate host name "postgres" to address: Name or service not known

2025-09-22 06:53:48,981 - ERROR - Ошибка подключения к БД: could not translate host name "postgres" to address: Name or service not known

2025-09-22 06:53:59,056 - ERROR - Ошибка подключения к БД: could not translate host name "postgres" to address: Name or service not known

2025-09-22 06:54:09,083 - ERROR - Ошибка подключения к БД: could not translate host name "postgres" to address: Name or service not known

2025-09-22 06:54:19,107 - ERROR - Ошибка подключения к БД: could not translate host name "postgres" to address: Name or service not known

2025-09-22 06:54:29,132 - ERROR - Ошибка подключения к БД: could not translate host name "postgres" to address: Name or service not known

2025-09-22 06:54:39,159 - ERROR - Ошибка подключения к БД: could not translate host name "postgres" to address: Name or service not known

2025-09-22 06:54:49,196 - ERROR - Ошибка подключения к БД: could not translate host name "postgres" to address: Name or service not known

2025-09-22 06:54:59,225 - ERROR - Ошибка подключения к БД: could not translate host name "postgres" to address: Name or service not known

2025-09-22 06:55:09,246 - ERROR - Ошибка подключения к БД: could not translate host name "postgres" to address: Name or service not known

2025-09-22 06:55:19,268 - ERROR - Ошибка подключения к БД: could not translate host name "postgres" to address: Name or service not known

2025-09-22 06:55:29,300 - ERROR - Ошибка подключения к БД: could not translate host name "postgres" to address: Name or service not known

2025-09-22 06:55:39,358 - ERROR - Ошибка подключения к БД: could not translate host name "postgres" to address: Name or service not known

2025-09-22 06:55:49,396 - ERROR - Ошибка подключения к БД: could not translate host name "postgres" to address: Name or service not known

2025-09-22 06:55:59,420 - ERROR - Ошибка подключения к БД: could not translate host name "postgres" to address: Name or service not known

2025-09-22 06:56:09,445 - ERROR - Ошибка подключения к БД: could not translate host name "postgres" to address: Name or service not known

2025-09-22 06:56:19,472 - ERROR - Ошибка подключения к БД: could not translate host name "postgres" to address: Name or service not known

2025-09-22 06:56:29,490 - ERROR - Ошибка подключения к БД: could not translate host name "postgres" to address: Name or service not known

2025-09-22 06:56:39,518 - ERROR - Ошибка подключения к БД: could not translate host name "postgres" to address: Name or service not known

2025-09-22 06:56:49,538 - ERROR - Ошибка подключения к БД: could not translate host name "postgres" to address: Name or service not known

2025-09-22 06:56:59,557 - ERROR - Ошибка подключения к БД: could not translate host name "postgres" to address: Name or service not known

2025-09-22 06:57:09,572 - ERROR - Ошибка подключения к БД: could not translate host name "postgres" to address: Name or service not known

2025-09-22 06:57:19,597 - ERROR - Ошибка подключения к БД: could not translate host name "postgres" to address: Name or service not known

2025-09-22 06:57:29,653 - ERROR - Ошибка подключения к БД: could not translate host name "postgres" to address: Name or service not known

2025-09-22 06:57:39,677 - ERROR - Ошибка подключения к БД: could not translate host name "postgres" to address: Name or service not known

2025-09-22 06:57:49,704 - ERROR - Ошибка подключения к БД: could not translate host name "postgres" to address: Name or service not known

2025-09-22 06:57:59,726 - ERROR - Ошибка подключения к БД: could not translate host name "postgres" to address: Name or service not known

2025-09-22 06:58:09,749 - ERROR - Ошибка подключения к БД: could not translate host name "postgres" to address: Name or service not known

2025-09-22 06:58:19,770 - ERROR - Ошибка подключения к БД: could not translate host name "postgres" to address: Name or service not known

2025-09-22 06:58:29,793 - ERROR - Ошибка подключения к БД: could not translate host name "postgres" to address: Name or service not known

2025-09-22 06:58:39,815 - ERROR - Ошибка подключения к БД: could not translate host name "postgres" to address: Name or service not known

2025-09-22 06:58:49,841 - ERROR - Ошибка подключения к БД: could not translate host name "postgres" to address: Name or service not known

2025-09-22 06:58:59,871 - ERROR - Ошибка подключения к БД: could not translate host name "postgres" to address: Name or service not known

2025-09-22 06:59:09,890 - ERROR - Ошибка подключения к БД: could not translate host name "postgres" to address: Name or service not known

2025-09-22 06:59:19,909 - ERROR - Ошибка подключения к БД: could not translate host name "postgres" to address: Name or service not known

2025-09-22 06:59:29,929 - ERROR - Ошибка подключения к БД: could not translate host name "postgres" to address: Name or service not known

2025-09-22 06:59:39,964 - ERROR - Ошибка подключения к БД: could not translate host name "postgres" to address: Name or service not known

2025-09-22 06:59:49,989 - ERROR - Ошибка подключения к БД: could not translate host name "postgres" to address: Name or service not known

2025-09-22 07:00:00,010 - ERROR - Ошибка подключения к БД: could not translate host name "postgres" to address: Name or service not known

2025-09-22 07:00:10,035 - ERROR - Ошибка подключения к БД: could not translate host name "postgres" to address: Name or service not known

2025-09-22 07:00:20,054 - ERROR - Ошибка подключения к БД: could not translate host name "postgres" to address: Name or service not known

2025-09-22 07:00:30,070 - ERROR - Ошибка подключения к БД: could not translate host name "postgres" to address: Name or service not known

2025-09-22 07:00:40,099 - ERROR - Ошибка подключения к БД: could not translate host name "postgres" to address: Name or service not known

2025-09-22 07:00:50,118 - ERROR - Ошибка подключения к БД: could not translate host name "postgres" to address: Name or service not known

2025-09-22 07:01:00,140 - ERROR - Ошибка подключения к БД: could not translate host name "postgres" to address: Name or service not known

2025-09-22 07:01:10,161 - ERROR - Ошибка подключения к БД: could not translate host name "postgres" to address: Name or service not known

2025-09-22 07:01:20,178 - ERROR - Ошибка подключения к БД: could not translate host name "postgres" to address: Name or service not known

2025-09-22 07:01:30,198 - ERROR - Ошибка подключения к БД: could not translate host name "postgres" to address: Name or service not known

2025-09-22 07:01:40,225 - ERROR - Ошибка подключения к БД: could not translate host name "postgres" to address: Name or service not known

2025-09-22 07:01:50,241 - ERROR - Ошибка подключения к БД: could not translate host name "postgres" to address: Name or service not known

2025-09-22 07:02:00,258 - ERROR - Ошибка подключения к БД: could not translate host name "postgres" to address: Name or service not known

2025-09-22 07:02:10,278 - ERROR - Ошибка подключения к БД: could not translate host name "postgres" to address: Name or service not known

2025-09-22 07:02:20,294 - ERROR - Ошибка подключения к БД: could not translate host name "postgres" to address: Name or service not known

2025-09-22 07:02:30,315 - ERROR - Ошибка подключения к БД: could not translate host name "postgres" to address: Name or service not known

2025-09-22 07:02:40,341 - ERROR - Ошибка подключения к БД: could not translate host name "postgres" to address: Name or service not known

2025-09-22 07:02:50,353 - ERROR - Ошибка подключения к БД: could not translate host name "postgres" to address: Name or service not known

2025-09-22 07:03:00,369 - ERROR - Ошибка подключения к БД: could not translate host name "postgres" to address: Name or service not known

2025-09-22 07:03:10,387 - ERROR - Ошибка подключения к БД: could not translate host name "postgres" to address: Name or service not known

2025-09-22 07:03:20,407 - ERROR - Ошибка подключения к БД: could not translate host name "postgres" to address: Name or service not known

2025-09-22 07:03:30,432 - ERROR - Ошибка подключения к БД: could not translate host name "postgres" to address: Name or service not known

2025-09-22 07:03:40,457 - ERROR - Ошибка подключения к БД: could not translate host name "postgres" to address: Name or service not known

2025-09-22 07:03:50,491 - ERROR - Ошибка подключения к БД: could not translate host name "postgres" to address: Name or service not known

2025-09-22 07:04:00,516 - ERROR - Ошибка подключения к БД: could not translate host name "postgres" to address: Name or service not known

2025-09-22 07:04:10,535 - ERROR - Ошибка подключения к БД: could not translate host name "postgres" to address: Name or service not known

2025-09-22 07:04:20,555 - ERROR - Ошибка подключения к БД: could not translate host name "postgres" to address: Name or service not known

2025-09-22 07:04:30,579 - ERROR - Ошибка подключения к БД: could not translate host name "postgres" to address: Name or service not known

2025-09-22 07:04:40,605 - ERROR - Ошибка подключения к БД: could not translate host name "postgres" to address: Name or service not known

2025-09-22 07:04:50,623 - ERROR - Ошибка подключения к БД: could not translate host name "postgres" to address: Name or service not known

2025-09-22 07:05:00,643 - ERROR - Ошибка подключения к БД: could not translate host name "postgres" to address: Name or service not known

2025-09-22 07:05:10,661 - ERROR - Ошибка подключения к БД: could not translate host name "postgres" to address: Name or service not known

2025-09-22 07:05:20,681 - ERROR - Ошибка подключения к БД: could not translate host name "postgres" to address: Name or service not known

2025-09-22 07:05:30,704 - ERROR - Ошибка подключения к БД: could not translate host name "postgres" to address: Name or service not known

2025-09-22 07:05:40,721 - ERROR - Ошибка подключения к БД: could not translate host name "postgres" to address: Name or service not known

2025-09-22 07:05:50,738 - ERROR - Ошибка подключения к БД: could not translate host name "postgres" to address: Name or service not known

2025-09-22 07:06:00,756 - ERROR - Ошибка подключения к БД: could not translate host name "postgres" to address: Name or service not known

2025-09-22 07:06:10,776 - ERROR - Ошибка подключения к БД: could not translate host name "postgres" to address: Name or service not known

2025-09-22 07:06:20,797 - ERROR - Ошибка подключения к БД: could not translate host name "postgres" to address: Name or service not known

2025-09-22 07:06:30,824 - ERROR - Ошибка подключения к БД: could not translate host name "postgres" to address: Name or service not known

2025-09-22 07:06:40,841 - ERROR - Ошибка подключения к БД: could not translate host name "postgres" to address: Name or service not known

2025-09-22 07:06:50,857 - ERROR - Ошибка подключения к БД: could not translate host name "postgres" to address: Name or service not known

2025-09-22 07:07:00,875 - ERROR - Ошибка подключения к БД: could not translate host name "postgres" to address: Name or service not known

2025-09-22 07:07:10,887 - ERROR - Ошибка подключения к БД: could not translate host name "postgres" to address: Name or service not known

2025-09-22 07:07:20,907 - ERROR - Ошибка подключения к БД: could not translate host name "postgres" to address: Name or service not known

2025-09-22 07:07:30,938 - ERROR - Ошибка подключения к БД: could not translate host name "postgres" to address: Name or service not known

2025-09-22 07:07:40,955 - ERROR - Ошибка подключения к БД: could not translate host name "postgres" to address: Name or service not known

2025-09-22 07:07:50,977 - ERROR - Ошибка подключения к БД: could not translate host name "postgres" to address: Name or service not known

2025-09-22 07:08:00,997 - ERROR - Ошибка подключения к БД: could not translate host name "postgres" to address: Name or service not known

2025-09-22 07:08:11,013 - ERROR - Ошибка подключения к БД: could not translate host name "postgres" to address: Name or service not known

2025-09-22 07:08:21,029 - ERROR - Ошибка подключения к БД: could not translate host name "postgres" to address: Name or service not known

2025-09-22 07:08:31,047 - ERROR - Ошибка подключения к БД: could not translate host name "postgres" to address: Name or service not known

2025-09-22 07:08:41,067 - ERROR - Ошибка подключения к БД: could not translate host name "postgres" to address: Name or service not known

2025-09-22 07:08:51,089 - ERROR - Ошибка подключения к БД: could not translate host name "postgres" to address: Name or service not known

2025-09-22 07:09:01,108 - ERROR - Ошибка подключения к БД: could not translate host name "postgres" to address: Name or service not known

2025-09-22 07:09:11,133 - ERROR - Ошибка подключения к БД: could not translate host name "postgres" to address: Name or service not known

2025-09-22 07:09:21,153 - ERROR - Ошибка подключения к БД: could not translate host name "postgres" to address: Name or service not known

2025-09-22 07:09:31,179 - ERROR - Ошибка подключения к БД: could not translate host name "postgres" to address: Name or service not known

2025-09-22 07:09:41,199 - ERROR - Ошибка подключения к БД: could not translate host name "postgres" to address: Name or service not known

2025-09-22 07:09:51,223 - ERROR - Ошибка подключения к БД: could not translate host name "postgres" to address: Name or service not known

2025-09-22 07:10:01,258 - ERROR - Ошибка подключения к БД: could not translate host name "postgres" to address: Name or service not known

2025-09-22 07:10:11,281 - ERROR - Ошибка подключения к БД: could not translate host name "postgres" to address: Name or service not known

2025-09-22 07:10:21,315 - ERROR - Ошибка подключения к БД: could not translate host name "postgres" to address: Name or service not known

2025-09-22 07:10:31,337 - ERROR - Ошибка подключения к БД: could not translate host name "postgres" to address: Name or service not known

2025-09-22 07:10:41,362 - ERROR - Ошибка подключения к БД: could not translate host name "postgres" to address: Name or service not known

2025-09-22 07:10:51,383 - ERROR - Ошибка подключения к БД: could not translate host name "postgres" to address: Name or service not known

2025-09-22 07:11:01,405 - ERROR - Ошибка подключения к БД: could not translate host name "postgres" to address: Name or service not known

2025-09-22 07:11:11,429 - ERROR - Ошибка подключения к БД: could not translate host name "postgres" to address: Name or service not known

2025-09-22 07:11:21,470 - ERROR - Ошибка подключения к БД: could not translate host name "postgres" to address: Name or service not known

2025-09-22 07:11:31,494 - ERROR - Ошибка подключения к БД: could not translate host name "postgres" to address: Name or service not known

2025-09-22 07:11:41,513 - ERROR - Ошибка подключения к БД: could not translate host name "postgres" to address: Name or service not known

2025-09-22 07:11:51,536 - ERROR - Ошибка подключения к БД: could not translate host name "postgres" to address: Name or service not known

2025-09-22 07:12:01,554 - ERROR - Ошибка подключения к БД: could not translate host name "postgres" to address: Name or service not known

2025-09-22 07:12:11,571 - ERROR - Ошибка подключения к БД: could not translate host name "postgres" to address: Name or service not known

2025-09-22 07:12:21,599 - ERROR - Ошибка подключения к БД: could not translate host name "postgres" to address: Name or service not known

2025-09-22 07:12:31,617 - ERROR - Ошибка подключения к БД: could not translate host name "postgres" to address: Name or service not known

2025-09-22 07:12:41,637 - ERROR - Ошибка подключения к БД: could not translate host name "postgres" to address: Name or service not known

2025-09-22 07:12:51,665 - ERROR - Ошибка подключения к БД: could not translate host name "postgres" to address: Name or service not known

2025-09-22 07:13:01,690 - ERROR - Ошибка подключения к БД: could not translate host name "postgres" to address: Name or service not known

2025-09-22 07:13:11,712 - ERROR - Ошибка подключения к БД: could not translate host name "postgres" to address: Name or service not known

2025-09-22 07:13:21,738 - ERROR - Ошибка подключения к БД: could not translate host name "postgres" to address: Name or service not known

2025-09-22 07:13:31,759 - ERROR - Ошибка подключения к БД: could not translate host name "postgres" to address: Name or service not known

2025-09-22 07:13:41,781 - ERROR - Ошибка подключения к БД: could not translate host name "postgres" to address: Name or service not known

2025-09-22 07:13:51,813 - ERROR - Ошибка подключения к БД: could not translate host name "postgres" to address: Name or service not known

2025-09-22 07:14:01,847 - ERROR - Ошибка подключения к БД: could not translate host name "postgres" to address: Name or service not known

2025-09-22 07:14:11,869 - ERROR - Ошибка подключения к БД: could not translate host name "postgres" to address: Name or service not known

2025-09-22 07:14:21,900 - ERROR - Ошибка подключения к БД: could not translate host name "postgres" to address: Name or service not known

2025-09-22 07:14:31,921 - ERROR - Ошибка подключения к БД: could not translate host name "postgres" to address: Name or service not known

2025-09-22 07:14:41,940 - ERROR - Ошибка подключения к БД: could not translate host name "postgres" to address: Name or service not known

2025-09-22 07:14:51,967 - ERROR - Ошибка подключения к БД: could not translate host name "postgres" to address: Name or service not known

2025-09-22 07:15:01,988 - ERROR - Ошибка подключения к БД: could not translate host name "postgres" to address: Name or service not known

2025-09-22 07:15:12,006 - ERROR - Ошибка подключения к БД: could not translate host name "postgres" to address: Name or service not known

2025-09-22 07:15:22,030 - ERROR - Ошибка подключения к БД: could not translate host name "postgres" to address: Name or service not known

2025-09-22 07:15:32,051 - ERROR - Ошибка подключения к БД: could not translate host name "postgres" to address: Name or service not known

2025-09-22 07:15:42,071 - ERROR - Ошибка подключения к БД: could not translate host name "postgres" to address: Name or service not known

2025-09-22 07:15:52,092 - ERROR - Ошибка подключения к БД: could not translate host name "postgres" to address: Name or service not known

2025-09-22 07:16:02,111 - ERROR - Ошибка подключения к БД: could not translate host name "postgres" to address: Name or service not known

2025-09-22 07:16:12,132 - ERROR - Ошибка подключения к БД: could not translate host name "postgres" to address: Name or service not known

2025-09-22 07:16:22,168 - ERROR - Ошибка подключения к БД: could not translate host name "postgres" to address: Name or service not known

2025-09-22 07:16:32,191 - ERROR - Ошибка подключения к БД: could not translate host name "postgres" to address: Name or service not known

2025-09-22 07:16:42,209 - ERROR - Ошибка подключения к БД: could not translate host name "postgres" to address: Name or service not known

2025-09-22 07:16:52,229 - ERROR - Ошибка подключения к БД: could not translate host name "postgres" to address: Name or service not known

2025-09-22 07:17:02,252 - ERROR - Ошибка подключения к БД: could not translate host name "postgres" to address: Name or service not known

2025-09-22 07:17:12,271 - ERROR - Ошибка подключения к БД: could not translate host name "postgres" to address: Name or service not known

2025-09-22 07:17:22,292 - ERROR - Ошибка подключения к БД: could not translate host name "postgres" to address: Name or service not known

2025-09-22 07:17:32,313 - ERROR - Ошибка подключения к БД: could not translate host name "postgres" to address: Name or service not known

2025-09-22 07:17:42,337 - ERROR - Ошибка подключения к БД: could not translate host name "postgres" to address: Name or service not known

2025-09-22 07:17:52,356 - ERROR - Ошибка подключения к БД: could not translate host name "postgres" to address: Name or service not known

2025-09-22 07:18:02,379 - ERROR - Ошибка подключения к БД: could not translate host name "postgres" to address: Name or service not known

2025-09-22 07:18:12,399 - ERROR - Ошибка подключения к БД: could not translate host name "postgres" to address: Name or service not known

2025-09-22 07:18:22,423 - ERROR - Ошибка подключения к БД: could not translate host name "postgres" to address: Name or service not known

2025-09-22 07:18:32,443 - ERROR - Ошибка подключения к БД: could not translate host name "postgres" to address: Name or service not known

2025-09-22 07:18:42,469 - ERROR - Ошибка подключения к БД: could not translate host name "postgres" to address: Name or service not known

2025-09-22 07:18:52,490 - ERROR - Ошибка подключения к БД: could not translate host name "postgres" to address: Name or service not known

2025-09-22 07:19:02,512 - ERROR - Ошибка подключения к БД: could not translate host name "postgres" to address: Name or service not known

2025-09-22 07:19:12,543 - ERROR - Ошибка подключения к БД: could not translate host name "postgres" to address: Name or service not known

2025-09-22 07:19:22,564 - ERROR - Ошибка подключения к БД: could not translate host name "postgres" to address: Name or service not known

2025-09-22 07:19:32,610 - ERROR - Ошибка подключения к БД: could not translate host name "postgres" to address: Name or service not known

2025-09-22 07:19:42,637 - ERROR - Ошибка подключения к БД: could not translate host name "postgres" to address: Name or service not known

2025-09-22 07:19:52,665 - ERROR - Ошибка подключения к БД: could not translate host name "postgres" to address: Name or service not known

2025-09-22 07:20:02,692 - ERROR - Ошибка подключения к БД: could not translate host name "postgres" to address: Name or service not known

2025-09-22 07:20:12,720 - ERROR - Ошибка подключения к БД: could not translate host name "postgres" to address: Name or service not known

2025-09-22 07:20:22,750 - ERROR - Ошибка подключения к БД: could not translate host name "postgres" to address: Name or service not known

2025-09-22 07:20:32,780 - ERROR - Ошибка подключения к БД: could not translate host name "postgres" to address: Name or service not known

2025-09-22 07:20:42,800 - ERROR - Ошибка подключения к БД: could not translate host name "postgres" to address: Name or service not known

2025-09-22 07:20:52,823 - ERROR - Ошибка подключения к БД: could not translate host name "postgres" to address: Name or service not known

2025-09-22 07:21:02,851 - ERROR - Ошибка подключения к БД: could not translate host name "postgres" to address: Name or service not known

2025-09-22 07:21:12,875 - ERROR - Ошибка подключения к БД: could not translate host name "postgres" to address: Name or service not known

2025-09-22 07:21:22,896 - ERROR - Ошибка подключения к БД: could not translate host name "postgres" to address: Name or service not known

2025-09-22 07:21:32,923 - ERROR - Ошибка подключения к БД: could not translate host name "postgres" to address: Name or service not known

2025-09-22 07:21:42,948 - ERROR - Ошибка подключения к БД: could not translate host name "postgres" to address: Name or service not known

2025-09-22 07:21:52,972 - ERROR - Ошибка подключения к БД: could not translate host name "postgres" to address: Name or service not known

2025-09-22 07:22:02,999 - ERROR - Ошибка подключения к БД: could not translate host name "postgres" to address: Name or service not known

2025-09-22 07:22:13,027 - ERROR - Ошибка подключения к БД: could not translate host name "postgres" to address: Name or service not known

2025-09-22 07:22:23,046 - ERROR - Ошибка подключения к БД: could not translate host name "postgres" to address: Name or service not known

2025-09-22 07:22:33,063 - ERROR - Ошибка подключения к БД: could not translate host name "postgres" to address: Name or service not known

2025-09-22 07:22:43,081 - ERROR - Ошибка подключения к БД: could not translate host name "postgres" to address: Name or service not known

2025-09-22 07:22:53,104 - ERROR - Ошибка подключения к БД: could not translate host name "postgres" to address: Name or service not known

2025-09-22 07:23:03,132 - ERROR - Ошибка подключения к БД: could not translate host name "postgres" to address: Name or service not known

2025-09-22 07:23:13,179 - ERROR - Ошибка подключения к БД: could not translate host name "postgres" to address: Name or service not known

2025-09-22 07:23:23,217 - ERROR - Ошибка подключения к БД: could not translate host name "postgres" to address: Name or service not known

2025-09-22 07:23:33,241 - ERROR - Ошибка подключения к БД: could not translate host name "postgres" to address: Name or service not known

2025-09-22 07:23:43,259 - ERROR - Ошибка подключения к БД: could not translate host name "postgres" to address: Name or service not known

2025-09-22 07:23:53,285 - ERROR - Ошибка подключения к БД: could not translate host name "postgres" to address: Name or service not known

2025-09-22 07:24:03,313 - ERROR - Ошибка подключения к БД: could not translate host name "postgres" to address: Name or service not known

2025-09-22 07:24:13,342 - ERROR - Ошибка подключения к БД: could not translate host name "postgres" to address: Name or service not known

2025-09-22 07:24:23,372 - ERROR - Ошибка подключения к БД: could not translate host name "postgres" to address: Name or service not known

2025-09-22 07:24:33,396 - ERROR - Ошибка подключения к БД: could not translate host name "postgres" to address: Name or service not known

2025-09-22 07:24:43,415 - ERROR - Ошибка подключения к БД: could not translate host name "postgres" to address: Name or service not known

2025-09-22 07:24:53,436 - ERROR - Ошибка подключения к БД: could not translate host name "postgres" to address: Name or service not known

2025-09-22 07:25:03,465 - ERROR - Ошибка подключения к БД: could not translate host name "postgres" to address: Name or service not known

2025-09-22 07:25:13,488 - ERROR - Ошибка подключения к БД: could not translate host name "postgres" to address: Name or service not known

2025-09-22 07:25:23,510 - ERROR - Ошибка подключения к БД: could not translate host name "postgres" to address: Name or service not known

2025-09-22 07:25:33,530 - ERROR - Ошибка подключения к БД: could not translate host name "postgres" to address: Name or service not known

2025-09-22 07:25:43,549 - ERROR - Ошибка подключения к БД: could not translate host name "postgres" to address: Name or service not known

2025-09-22 07:25:53,572 - ERROR - Ошибка подключения к БД: could not translate host name "postgres" to address: Name or service not known

2025-09-22 07:26:03,618 - ERROR - Ошибка подключения к БД: could not translate host name "postgres" to address: Name or service not known

2025-09-22 07:26:13,643 - ERROR - Ошибка подключения к БД: could not translate host name "postgres" to address: Name or service not known

2025-09-22 07:26:23,665 - ERROR - Ошибка подключения к БД: could not translate host name "postgres" to address: Name or service not known

2025-09-22 07:26:33,685 - ERROR - Ошибка подключения к БД: could not translate host name "postgres" to address: Name or service not known

2025-09-22 07:26:43,720 - ERROR - Ошибка подключения к БД: could not translate host name "postgres" to address: Name or service not known

2025-09-22 07:26:53,751 - ERROR - Ошибка подключения к БД: could not translate host name "postgres" to address: Name or service not known

2025-09-22 07:27:03,781 - ERROR - Ошибка подключения к БД: could not translate host name "postgres" to address: Name or service not known

2025-09-22 07:27:13,796 - ERROR - Ошибка подключения к БД: could not translate host name "postgres" to address: Name or service not known

2025-09-22 07:27:23,815 - ERROR - Ошибка подключения к БД: could not translate host name "postgres" to address: Name or service not known

2025-09-22 07:27:33,836 - ERROR - Ошибка подключения к БД: could not translate host name "postgres" to address: Name or service not known

2025-09-22 07:27:43,858 - ERROR - Ошибка подключения к БД: could not translate host name "postgres" to address: Name or service not known

2025-09-22 07:27:53,898 - ERROR - Ошибка подключения к БД: could not translate host name "postgres" to address: Name or service not known

2025-09-22 07:28:03,931 - ERROR - Ошибка подключения к БД: could not translate host name "postgres" to address: Name or service not known

2025-09-22 07:28:13,948 - ERROR - Ошибка подключения к БД: could not translate host name "postgres" to address: Name or service not known

2025-09-22 07:28:23,971 - ERROR - Ошибка подключения к БД: could not translate host name "postgres" to address: Name or service not known

2025-09-22 07:28:33,988 - ERROR - Ошибка подключения к БД: could not translate host name "postgres" to address: Name or service not known

2025-09-22 07:28:44,548 - ERROR - Ошибка подключения к БД: could not translate host name "postgres" to address: Name or service not known

2025-09-22 07:28:54,572 - ERROR - Ошибка подключения к БД: could not translate host name "postgres" to address: Name or service not known

2025-09-22 07:44:04,506 - ERROR - Ошибка подключения к БД: could not translate host name "postgres" to address: Name or service not known

2025-09-22 07:44:15,041 - ERROR - Ошибка подключения к БД: could not translate host name "postgres" to address: Name or service not known

2025-09-22 07:44:25,062 - ERROR - Ошибка подключения к БД: could not translate host name "postgres" to address: Name or service not known

2025-09-22 07:59:34,995 - ERROR - Ошибка подключения к БД: could not translate host name "postgres" to address: Name or service not known

2025-09-22 07:59:45,542 - ERROR - Ошибка подключения к БД: could not translate host name "postgres" to address: Name or service not known

2025-09-22 07:59:56,601 - ERROR - Ошибка подключения к БД: could not translate host name "postgres" to address: Name or service not known

2025-09-22 08:10:42,853 - ERROR - Ошибка подключения к БД: could not translate host name "postgres" to address: Name or service not known

2025-09-22 08:10:53,388 - ERROR - Ошибка подключения к БД: could not translate host name "postgres" to address: Name or service not known

2025-09-22 08:11:03,414 - ERROR - Ошибка подключения к БД: could not translate host name "postgres" to address: Name or service not known

2025-09-22 08:26:13,838 - ERROR - Ошибка подключения к БД: could not translate host name "postgres" to address: Name or service not known

2025-09-22 08:26:23,864 - ERROR - Ошибка подключения к БД: could not translate host name "postgres" to address: Name or service not known

2025-09-22 08:26:34,444 - ERROR - Ошибка подключения к БД: could not translate host name "postgres" to address: Name or service not known

2025-09-22 08:47:02,651 - ERROR - Ошибка подключения к БД: could not translate host name "postgres" to address: Name or service not known

2025-09-22 08:47:12,689 - ERROR - Ошибка подключения к БД: could not translate host name "postgres" to address: Name or service not known

2025-09-22 08:47:22,713 - ERROR - Ошибка подключения к БД: could not translate host name "postgres" to address: Name or service not known

2025-09-22 08:47:32,739 - ERROR - Ошибка подключения к БД: could not translate host name "postgres" to address: Name or service not known

2025-09-22 08:47:42,759 - ERROR - Ошибка подключения к БД: could not translate host name "postgres" to address: Name or service not known

2025-09-22 08:47:52,791 - ERROR - Ошибка подключения к БД: could not translate host name "postgres" to address: Name or service not known

2025-09-22 08:48:02,823 - ERROR - Ошибка подключения к БД: could not translate host name "postgres" to address: Name or service not known

2025-09-22 08:48:12,850 - ERROR - Ошибка подключения к БД: could not translate host name "postgres" to address: Name or service not known

2025-09-22 08:48:22,872 - ERROR - Ошибка подключения к БД: could not translate host name "postgres" to address: Name or service not known

2025-09-22 08:48:32,896 - ERROR - Ошибка подключения к БД: could not translate host name "postgres" to address: Name or service not known

2025-09-22 08:48:42,913 - ERROR - Ошибка подключения к БД: could not translate host name "postgres" to address: Name or service not known

2025-09-22 08:48:52,946 - ERROR - Ошибка подключения к БД: could not translate host name "postgres" to address: Name or service not known

2025-09-22 08:49:02,969 - ERROR - Ошибка подключения к БД: could not translate host name "postgres" to address: Name or service not known

2025-09-22 08:49:12,987 - ERROR - Ошибка подключения к БД: could not translate host name "postgres" to address: Name or service not known

2025-09-22 08:49:23,008 - ERROR - Ошибка подключения к БД: could not translate host name "postgres" to address: Name or service not known

2025-09-22 08:49:33,035 - ERROR - Ошибка подключения к БД: could not translate host name "postgres" to address: Name or service not known

2025-09-22 08:49:43,059 - ERROR - Ошибка подключения к БД: could not translate host name "postgres" to address: Name or service not known

2025-09-22 08:49:53,094 - ERROR - Ошибка подключения к БД: could not translate host name "postgres" to address: Name or service not known

2025-09-22 08:50:03,121 - ERROR - Ошибка подключения к БД: could not translate host name "postgres" to address: Name or service not known

2025-09-22 08:50:13,150 - ERROR - Ошибка подключения к БД: could not translate host name "postgres" to address: Name or service not known

2025-09-22 08:50:23,172 - ERROR - Ошибка подключения к БД: could not translate host name "postgres" to address: Name or service not known

2025-09-22 08:50:33,197 - ERROR - Ошибка подключения к БД: could not translate host name "postgres" to address: Name or service not known

2025-09-22 08:50:43,224 - ERROR - Ошибка подключения к БД: could not translate host name "postgres" to address: Name or service not known

2025-09-22 08:50:53,261 - ERROR - Ошибка подключения к БД: could not translate host name "postgres" to address: Name or service not known

2025-09-22 08:51:03,289 - ERROR - Ошибка подключения к БД: could not translate host name "postgres" to address: Name or service not known

2025-09-22 08:51:13,326 - ERROR - Ошибка подключения к БД: could not translate host name "postgres" to address: Name or service not known

2025-09-22 08:51:23,344 - ERROR - Ошибка подключения к БД: could not translate host name "postgres" to address: Name or service not known

2025-09-22 08:51:33,365 - ERROR - Ошибка подключения к БД: could not translate host name "postgres" to address: Name or service not known

2025-09-22 08:51:43,385 - ERROR - Ошибка подключения к БД: could not translate host name "postgres" to address: Name or service not known

2025-09-22 08:51:53,424 - ERROR - Ошибка подключения к БД: could not translate host name "postgres" to address: Name or service not known

2025-09-22 08:52:03,449 - ERROR - Ошибка подключения к БД: could not translate host name "postgres" to address: Name or service not known

2025-09-22 08:52:13,470 - ERROR - Ошибка подключения к БД: could not translate host name "postgres" to address: Name or service not known

2025-09-22 08:52:23,492 - ERROR - Ошибка подключения к БД: could not translate host name "postgres" to address: Name or service not known

2025-09-22 08:52:33,514 - ERROR - Ошибка подключения к БД: could not translate host name "postgres" to address: Name or service not known

2025-09-22 08:52:43,535 - ERROR - Ошибка подключения к БД: could not translate host name "postgres" to address: Name or service not known

2025-09-22 08:52:53,555 - ERROR - Ошибка подключения к БД: could not translate host name "postgres" to address: Name or service not known

2025-09-22 08:53:03,577 - ERROR - Ошибка подключения к БД: could not translate host name "postgres" to address: Name or service not known

2025-09-22 08:53:13,603 - ERROR - Ошибка подключения к БД: could not translate host name "postgres" to address: Name or service not known

2025-09-22 08:53:23,621 - ERROR - Ошибка подключения к БД: could not translate host name "postgres" to address: Name or service not known

2025-09-22 08:53:33,648 - ERROR - Ошибка подключения к БД: could not translate host name "postgres" to address: Name or service not known

2025-09-22 08:53:43,680 - ERROR - Ошибка подключения к БД: could not translate host name "postgres" to address: Name or service not known

2025-09-22 08:53:53,696 - ERROR - Ошибка подключения к БД: could not translate host name "postgres" to address: Name or service not known

2025-09-22 08:54:03,716 - ERROR - Ошибка подключения к БД: could not translate host name "postgres" to address: Name or service not known

2025-09-22 08:54:13,737 - ERROR - Ошибка подключения к БД: could not translate host name "postgres" to address: Name or service not known

2025-09-22 08:54:24,259 - ERROR - Ошибка подключения к БД: could not translate host name "postgres" to address: Name or service not known

2025-09-22 08:54:34,810 - ERROR - Ошибка подключения к БД: could not translate host name "postgres" to address: Name or service not known

2025-09-22 08:54:44,837 - ERROR - Ошибка подключения к БД: could not translate host name "postgres" to address: Name or service not known

2025-09-22 09:11:35,216 - ERROR - Ошибка подключения к БД: could not translate host name "postgres" to address: Name or service not known

2025-09-22 09:11:45,259 - ERROR - Ошибка подключения к БД: could not translate host name "postgres" to address: Name or service not known

2025-09-22 09:11:55,282 - ERROR - Ошибка подключения к БД: could not translate host name "postgres" to address: Name or service not known

2025-09-22 09:12:05,305 - ERROR - Ошибка подключения к БД: could not translate host name "postgres" to address: Name or service not known

2025-09-22 09:12:15,325 - ERROR - Ошибка подключения к БД: could not translate host name "postgres" to address: Name or service not known

2025-09-22 09:12:25,350 - ERROR - Ошибка подключения к БД: could not translate host name "postgres" to address: Name or service not known

2025-09-22 09:12:35,380 - ERROR - Ошибка подключения к БД: could not translate host name "postgres" to address: Name or service not known

2025-09-22 09:12:45,397 - ERROR - Ошибка подключения к БД: could not translate host name "postgres" to address: Name or service not known

2025-09-22 09:12:55,417 - ERROR - Ошибка подключения к БД: could not translate host name "postgres" to address: Name or service not known

2025-09-22 09:13:05,433 - ERROR - Ошибка подключения к БД: could not translate host name "postgres" to address: Name or service not known

2025-09-22 09:13:15,451 - ERROR - Ошибка подключения к БД: could not translate host name "postgres" to address: Name or service not known

2025-09-22 09:13:25,481 - ERROR - Ошибка подключения к БД: could not translate host name "postgres" to address: Name or service not known

2025-09-22 09:13:35,498 - ERROR - Ошибка подключения к БД: could not translate host name "postgres" to address: Name or service not known

2025-09-22 09:13:45,514 - ERROR - Ошибка подключения к БД: could not translate host name "postgres" to address: Name or service not known

2025-09-22 09:13:55,534 - ERROR - Ошибка подключения к БД: could not translate host name "postgres" to address: Name or service not known

2025-09-22 09:14:05,555 - ERROR - Ошибка подключения к БД: could not translate host name "postgres" to address: Name or service not known

2025-09-22 09:14:15,574 - ERROR - Ошибка подключения к БД: could not translate host name "postgres" to address: Name or service not known

2025-09-22 09:14:25,603 - ERROR - Ошибка подключения к БД: could not translate host name "postgres" to address: Name or service not known

2025-09-22 09:14:35,621 - ERROR - Ошибка подключения к БД: could not translate host name "postgres" to address: Name or service not known

2025-09-22 09:14:45,636 - ERROR - Ошибка подключения к БД: could not translate host name "postgres" to address: Name or service not known

2025-09-22 09:14:55,651 - ERROR - Ошибка подключения к БД: could not translate host name "postgres" to address: Name or service not known

2025-09-22 09:15:05,676 - ERROR - Ошибка подключения к БД: could not translate host name "postgres" to address: Name or service not known

2025-09-22 09:15:15,699 - ERROR - Ошибка подключения к БД: could not translate host name "postgres" to address: Name or service not known

2025-09-22 09:15:25,737 - ERROR - Ошибка подключения к БД: could not translate host name "postgres" to address: Name or service not known

2025-09-22 09:15:35,762 - ERROR - Ошибка подключения к БД: could not translate host name "postgres" to address: Name or service not known

2025-09-22 09:15:45,780 - ERROR - Ошибка подключения к БД: could not translate host name "postgres" to address: Name or service not known

2025-09-22 09:15:55,799 - ERROR - Ошибка подключения к БД: could not translate host name "postgres" to address: Name or service not known

2025-09-22 09:16:05,817 - ERROR - Ошибка подключения к БД: could not translate host name "postgres" to address: Name or service not known

2025-09-22 09:16:15,843 - ERROR - Ошибка подключения к БД: could not translate host name "postgres" to address: Name or service not known

2025-09-22 09:16:25,875 - ERROR - Ошибка подключения к БД: could not translate host name "postgres" to address: Name or service not known

2025-09-22 09:16:35,900 - ERROR - Ошибка подключения к БД: could not translate host name "postgres" to address: Name or service not known

2025-09-22 09:16:45,921 - ERROR - Ошибка подключения к БД: could not translate host name "postgres" to address: Name or service not known

2025-09-22 09:16:55,942 - ERROR - Ошибка подключения к БД: could not translate host name "postgres" to address: Name or service not known

2025-09-22 09:17:05,960 - ERROR - Ошибка подключения к БД: could not translate host name "postgres" to address: Name or service not known

2025-09-22 09:17:15,992 - ERROR - Ошибка подключения к БД: could not translate host name "postgres" to address: Name or service not known

2025-09-22 09:17:26,016 - ERROR - Ошибка подключения к БД: could not translate host name "postgres" to address: Name or service not known

2025-09-22 09:17:36,043 - ERROR - Ошибка подключения к БД: could not translate host name "postgres" to address: Name or service not known

2025-09-22 09:17:46,062 - ERROR - Ошибка подключения к БД: could not translate host name "postgres" to address: Name or service not known

2025-09-22 09:17:56,085 - ERROR - Ошибка подключения к БД: could not translate host name "postgres" to address: Name or service not known

2025-09-22 09:18:06,098 - ERROR - Ошибка подключения к БД: could not translate host name "postgres" to address: Name or service not known

2025-09-22 09:18:16,119 - ERROR - Ошибка подключения к БД: could not translate host name "postgres" to address: Name or service not known

2025-09-22 09:18:26,141 - ERROR - Ошибка подключения к БД: could not translate host name "postgres" to address: Name or service not known

2025-09-22 09:18:36,162 - ERROR - Ошибка подключения к БД: could not translate host name "postgres" to address: Name or service not known

2025-09-22 09:18:46,181 - ERROR - Ошибка подключения к БД: could not translate host name "postgres" to address: Name or service not known

2025-09-22 09:18:56,199 - ERROR - Ошибка подключения к БД: could not translate host name "postgres" to address: Name or service not known

2025-09-22 09:19:06,220 - ERROR - Ошибка подключения к БД: could not translate host name "postgres" to address: Name or service not known

2025-09-22 09:19:16,244 - ERROR - Ошибка подключения к БД: could not translate host name "postgres" to address: Name or service not known

2025-09-22 09:19:26,262 - ERROR - Ошибка подключения к БД: could not translate host name "postgres" to address: Name or service not known

2025-09-22 09:19:36,288 - ERROR - Ошибка подключения к БД: could not translate host name "postgres" to address: Name or service not known

2025-09-22 09:19:46,307 - ERROR - Ошибка подключения к БД: could not translate host name "postgres" to address: Name or service not known

2025-09-22 09:19:56,332 - ERROR - Ошибка подключения к БД: could not translate host name "postgres" to address: Name or service not known

2025-09-22 09:20:06,353 - ERROR - Ошибка подключения к БД: could not translate host name "postgres" to address: Name or service not known

2025-09-22 09:20:16,378 - ERROR - Ошибка подключения к БД: could not translate host name "postgres" to address: Name or service not known

2025-09-22 09:20:26,398 - ERROR - Ошибка подключения к БД: could not translate host name "postgres" to address: Name or service not known

2025-09-22 09:20:36,417 - ERROR - Ошибка подключения к БД: could not translate host name "postgres" to address: Name or service not known

2025-09-22 09:20:46,444 - ERROR - Ошибка подключения к БД: could not translate host name "postgres" to address: Name or service not known

2025-09-22 09:20:56,465 - ERROR - Ошибка подключения к БД: could not translate host name "postgres" to address: Name or service not known

2025-09-22 09:21:06,486 - ERROR - Ошибка подключения к БД: could not translate host name "postgres" to address: Name or service not known

2025-09-22 09:21:16,511 - ERROR - Ошибка подключения к БД: could not translate host name "postgres" to address: Name or service not known

2025-09-22 09:21:26,529 - ERROR - Ошибка подключения к БД: could not translate host name "postgres" to address: Name or service not known

2025-09-22 09:21:36,551 - ERROR - Ошибка подключения к БД: could not translate host name "postgres" to address: Name or service not known

2025-09-22 09:21:46,570 - ERROR - Ошибка подключения к БД: could not translate host name "postgres" to address: Name or service not known

2025-09-22 09:21:56,591 - ERROR - Ошибка подключения к БД: could not translate host name "postgres" to address: Name or service not known

2025-09-22 09:22:06,620 - ERROR - Ошибка подключения к БД: could not translate host name "postgres" to address: Name or service not known

2025-09-22 09:22:16,645 - ERROR - Ошибка подключения к БД: could not translate host name "postgres" to address: Name or service not known

2025-09-22 09:22:26,667 - ERROR - Ошибка подключения к БД: could not translate host name "postgres" to address: Name or service not known

2025-09-22 09:22:36,688 - ERROR - Ошибка подключения к БД: could not translate host name "postgres" to address: Name or service not known

2025-09-22 09:22:46,711 - ERROR - Ошибка подключения к БД: could not translate host name "postgres" to address: Name or service not known

2025-09-22 09:22:56,731 - ERROR - Ошибка подключения к БД: could not translate host name "postgres" to address: Name or service not known

2025-09-22 09:23:06,758 - ERROR - Ошибка подключения к БД: could not translate host name "postgres" to address: Name or service not known

2025-09-22 09:23:16,780 - ERROR - Ошибка подключения к БД: could not translate host name "postgres" to address: Name or service not known

2025-09-22 09:23:26,801 - ERROR - Ошибка подключения к БД: could not translate host name "postgres" to address: Name or service not known

2025-09-22 09:23:36,814 - ERROR - Ошибка подключения к БД: could not translate host name "postgres" to address: Name or service not known

2025-09-22 09:23:46,835 - ERROR - Ошибка подключения к БД: could not translate host name "postgres" to address: Name or service not known

2025-09-22 09:23:57,451 - ERROR - Ошибка подключения к БД: could not translate host name "postgres" to address: Name or service not known

2025-09-22 09:26:59,577 - ERROR - Ошибка подключения к БД: could not translate host name "postgres" to address: Name or service not known

2025-09-22 09:27:09,597 - ERROR - Ошибка подключения к БД: could not translate host name "postgres" to address: Name or service not known

2025-09-22 09:27:19,620 - ERROR - Ошибка подключения к БД: could not translate host name "postgres" to address: Name or service not known

2025-09-22 09:56:16,573 - ERROR - Ошибка подключения к БД: could not translate host name "postgres" to address: Name or service not known

2025-09-22 09:56:26,595 - ERROR - Ошибка подключения к БД: could not translate host name "postgres" to address: Name or service not known

2025-09-22 09:56:37,131 - ERROR - Ошибка подключения к БД: could not translate host name "postgres" to address: Name or service not known

2025-09-22 10:14:50,766 - ERROR - Ошибка подключения к БД: could not translate host name "postgres" to address: Name or service not known

2025-09-22 10:15:00,842 - ERROR - Ошибка подключения к БД: could not translate host name "postgres" to address: Name or service not known

2025-09-22 10:15:10,860 - ERROR - Ошибка подключения к БД: could not translate host name "postgres" to address: Name or service not known

2025-09-22 10:15:20,879 - ERROR - Ошибка подключения к БД: could not translate host name "postgres" to address: Name or service not known

2025-09-22 10:15:30,903 - ERROR - Ошибка подключения к БД: could not translate host name "postgres" to address: Name or service not known

2025-09-22 10:15:40,927 - ERROR - Ошибка подключения к БД: could not translate host name "postgres" to address: Name or service not known

2025-09-22 10:15:50,966 - ERROR - Ошибка подключения к БД: could not translate host name "postgres" to address: Name or service not known

2025-09-22 10:16:00,983 - ERROR - Ошибка подключения к БД: could not translate host name "postgres" to address: Name or service not known

2025-09-22 10:16:11,008 - ERROR - Ошибка подключения к БД: could not translate host name "postgres" to address: Name or service not known

2025-09-22 10:16:21,029 - ERROR - Ошибка подключения к БД: could not translate host name "postgres" to address: Name or service not known

2025-09-22 10:16:31,045 - ERROR - Ошибка подключения к БД: could not translate host name "postgres" to address: Name or service not known

2025-09-22 10:16:41,067 - ERROR - Ошибка подключения к БД: could not translate host name "postgres" to address: Name or service not known

2025-09-22 10:16:51,097 - ERROR - Ошибка подключения к БД: could not translate host name "postgres" to address: Name or service not known

2025-09-22 10:17:01,138 - ERROR - Ошибка подключения к БД: could not translate host name "postgres" to address: Name or service not known

2025-09-22 10:17:11,159 - ERROR - Ошибка подключения к БД: could not translate host name "postgres" to address: Name or service not known

2025-09-22 10:17:21,179 - ERROR - Ошибка подключения к БД: could not translate host name "postgres" to address: Name or service not known

2025-09-22 10:17:31,196 - ERROR - Ошибка подключения к БД: could not translate host name "postgres" to address: Name or service not known

2025-09-22 10:17:41,218 - ERROR - Ошибка подключения к БД: could not translate host name "postgres" to address: Name or service not known

2025-09-22 10:17:51,242 - ERROR - Ошибка подключения к БД: could not translate host name "postgres" to address: Name or service not known

2025-09-22 10:18:01,267 - ERROR - Ошибка подключения к БД: could not translate host name "postgres" to address: Name or service not known

2025-09-22 10:18:11,287 - ERROR - Ошибка подключения к БД: could not translate host name "postgres" to address: Name or service not known

2025-09-22 10:18:21,314 - ERROR - Ошибка подключения к БД: could not translate host name "postgres" to address: Name or service not known

2025-09-22 10:18:31,336 - ERROR - Ошибка подключения к БД: could not translate host name "postgres" to address: Name or service not known

2025-09-22 10:18:41,355 - ERROR - Ошибка подключения к БД: could not translate host name "postgres" to address: Name or service not known

2025-09-22 10:18:51,374 - ERROR - Ошибка подключения к БД: could not translate host name "postgres" to address: Name or service not known

2025-09-22 10:19:01,411 - ERROR - Ошибка подключения к БД: could not translate host name "postgres" to address: Name or service not known

2025-09-22 10:19:11,440 - ERROR - Ошибка подключения к БД: could not translate host name "postgres" to address: Name or service not known

2025-09-22 10:19:21,466 - ERROR - Ошибка подключения к БД: could not translate host name "postgres" to address: Name or service not known

2025-09-22 10:19:31,488 - ERROR - Ошибка подключения к БД: could not translate host name "postgres" to address: Name or service not known

2025-09-22 10:19:41,516 - ERROR - Ошибка подключения к БД: could not translate host name "postgres" to address: Name or service not known

2025-09-22 10:19:51,528 - ERROR - Ошибка подключения к БД: could not translate host name "postgres" to address: Name or service not known

2025-09-22 10:20:01,582 - ERROR - Ошибка подключения к БД: could not translate host name "postgres" to address: Name or service not known

2025-09-22 10:20:11,608 - ERROR - Ошибка подключения к БД: could not translate host name "postgres" to address: Name or service not known

2025-09-22 10:20:21,702 - ERROR - Ошибка подключения к БД: could not translate host name "postgres" to address: Name or service not known

2025-09-22 10:20:31,719 - ERROR - Ошибка подключения к БД: could not translate host name "postgres" to address: Name or service not known

2025-09-22 10:20:41,740 - ERROR - Ошибка подключения к БД: could not translate host name "postgres" to address: Name or service not known

2025-09-22 10:20:51,787 - ERROR - Ошибка подключения к БД: could not translate host name "postgres" to address: Name or service not known

2025-09-22 10:21:01,825 - ERROR - Ошибка подключения к БД: could not translate host name "postgres" to address: Name or service not known

2025-09-22 10:21:11,858 - ERROR - Ошибка подключения к БД: could not translate host name "postgres" to address: Name or service not known

2025-09-22 10:21:21,898 - ERROR - Ошибка подключения к БД: could not translate host name "postgres" to address: Name or service not known

2025-09-22 10:21:31,923 - ERROR - Ошибка подключения к БД: could not translate host name "postgres" to address: Name or service not known

2025-09-22 10:21:41,952 - ERROR - Ошибка подключения к БД: could not translate host name "postgres" to address: Name or service not known

2025-09-22 10:21:51,982 - ERROR - Ошибка подключения к БД: could not translate host name "postgres" to address: Name or service not known

2025-09-22 10:22:02,002 - ERROR - Ошибка подключения к БД: could not translate host name "postgres" to address: Name or service not known

2025-09-22 10:22:12,028 - ERROR - Ошибка подключения к БД: could not translate host name "postgres" to address: Name or service not known

2025-09-22 10:22:22,049 - ERROR - Ошибка подключения к БД: could not translate host name "postgres" to address: Name or service not known

2025-09-22 10:22:32,072 - ERROR - Ошибка подключения к БД: could not translate host name "postgres" to address: Name or service not known

2025-09-22 10:22:42,091 - ERROR - Ошибка подключения к БД: could not translate host name "postgres" to address: Name or service not known

2025-09-22 10:22:52,123 - ERROR - Ошибка подключения к БД: could not translate host name "postgres" to address: Name or service not known

2025-09-22 10:23:02,157 - ERROR - Ошибка подключения к БД: could not translate host name "postgres" to address: Name or service not known

2025-09-22 10:23:12,189 - ERROR - Ошибка подключения к БД: could not translate host name "postgres" to address: Name or service not known

2025-09-22 10:23:22,211 - ERROR - Ошибка подключения к БД: could not translate host name "postgres" to address: Name or service not known

2025-09-22 10:23:32,235 - ERROR - Ошибка подключения к БД: could not translate host name "postgres" to address: Name or service not known

2025-09-22 10:23:42,261 - ERROR - Ошибка подключения к БД: could not translate host name "postgres" to address: Name or service not known

2025-09-22 10:23:52,286 - ERROR - Ошибка подключения к БД: could not translate host name "postgres" to address: Name or service not known

2025-09-22 10:24:02,306 - ERROR - Ошибка подключения к БД: could not translate host name "postgres" to address: Name or service not known

2025-09-22 10:24:12,324 - ERROR - Ошибка подключения к БД: could not translate host name "postgres" to address: Name or service not known

2025-09-22 10:24:22,348 - ERROR - Ошибка подключения к БД: could not translate host name "postgres" to address: Name or service not known

2025-09-22 10:24:32,367 - ERROR - Ошибка подключения к БД: could not translate host name "postgres" to address: Name or service not known

2025-09-22 10:24:42,390 - ERROR - Ошибка подключения к БД: could not translate host name "postgres" to address: Name or service not known

2025-09-22 10:24:52,418 - ERROR - Ошибка подключения к БД: could not translate host name "postgres" to address: Name or service not known

2025-09-22 10:25:02,439 - ERROR - Ошибка подключения к БД: could not translate host name "postgres" to address: Name or service not known

2025-09-22 10:25:12,464 - ERROR - Ошибка подключения к БД: could not translate host name "postgres" to address: Name or service not known

2025-09-22 10:25:22,487 - ERROR - Ошибка подключения к БД: could not translate host name "postgres" to address: Name or service not known

2025-09-22 10:25:32,507 - ERROR - Ошибка подключения к БД: could not translate host name "postgres" to address: Name or service not known

2025-09-22 10:25:42,528 - ERROR - Ошибка подключения к БД: could not translate host name "postgres" to address: Name or service not known

2025-09-22 10:25:52,557 - ERROR - Ошибка подключения к БД: could not translate host name "postgres" to address: Name or service not known

2025-09-22 10:26:02,575 - ERROR - Ошибка подключения к БД: could not translate host name "postgres" to address: Name or service not known

2025-09-22 10:26:12,601 - ERROR - Ошибка подключения к БД: could not translate host name "postgres" to address: Name or service not known

2025-09-22 10:26:22,620 - ERROR - Ошибка подключения к БД: could not translate host name "postgres" to address: Name or service not known

2025-09-22 10:26:32,643 - ERROR - Ошибка подключения к БД: could not translate host name "postgres" to address: Name or service not known

2025-09-22 10:26:42,665 - ERROR - Ошибка подключения к БД: could not translate host name "postgres" to address: Name or service not known

2025-09-22 10:26:52,699 - ERROR - Ошибка подключения к БД: could not translate host name "postgres" to address: Name or service not known

2025-09-22 10:27:02,720 - ERROR - Ошибка подключения к БД: could not translate host name "postgres" to address: Name or service not known

2025-09-22 10:27:12,737 - ERROR - Ошибка подключения к БД: could not translate host name "postgres" to address: Name or service not known

2025-09-22 10:27:22,763 - ERROR - Ошибка подключения к БД: could not translate host name "postgres" to address: Name or service not known

2025-09-22 10:27:32,786 - ERROR - Ошибка подключения к БД: could not translate host name "postgres" to address: Name or service not known

2025-09-22 10:27:42,830 - ERROR - Ошибка подключения к БД: could not translate host name "postgres" to address: Name or service not known

2025-09-22 10:27:52,861 - ERROR - Ошибка подключения к БД: could not translate host name "postgres" to address: Name or service not known

2025-09-22 10:28:02,894 - ERROR - Ошибка подключения к БД: could not translate host name "postgres" to address: Name or service not known

2025-09-22 10:28:12,918 - ERROR - Ошибка подключения к БД: could not translate host name "postgres" to address: Name or service not known

2025-09-22 10:28:22,942 - ERROR - Ошибка подключения к БД: could not translate host name "postgres" to address: Name or service not known

2025-09-22 10:28:32,960 - ERROR - Ошибка подключения к БД: could not translate host name "postgres" to address: Name or service not known

2025-09-22 10:28:42,979 - ERROR - Ошибка подключения к БД: could not translate host name "postgres" to address: Name or service not known

2025-09-22 10:28:53,013 - ERROR - Ошибка подключения к БД: could not translate host name "postgres" to address: Name or service not known

2025-09-22 10:29:03,033 - ERROR - Ошибка подключения к БД: could not translate host name "postgres" to address: Name or service not known

2025-09-22 10:29:13,057 - ERROR - Ошибка подключения к БД: could not translate host name "postgres" to address: Name or service not known

2025-09-22 10:29:23,079 - ERROR - Ошибка подключения к БД: could not translate host name "postgres" to address: Name or service not known

2025-09-22 10:29:33,097 - ERROR - Ошибка подключения к БД: could not translate host name "postgres" to address: Name or service not known

2025-09-22 10:29:43,135 - ERROR - Ошибка подключения к БД: could not translate host name "postgres" to address: Name or service not known

2025-09-22 10:29:53,160 - ERROR - Ошибка подключения к БД: could not translate host name "postgres" to address: Name or service not known

2025-09-22 10:30:03,180 - ERROR - Ошибка подключения к БД: could not translate host name "postgres" to address: Name or service not known

2025-09-22 10:30:13,208 - ERROR - Ошибка подключения к БД: could not translate host name "postgres" to address: Name or service not known

2025-09-22 10:30:23,163 - ERROR - Ошибка подключения к БД: could not translate host name "postgres" to address: Name or service not known

2025-09-22 10:30:33,186 - ERROR - Ошибка подключения к БД: could not translate host name "postgres" to address: Name or service not known

2025-09-22 10:30:43,218 - ERROR - Ошибка подключения к БД: could not translate host name "postgres" to address: Name or service not known

2025-09-22 10:30:53,241 - ERROR - Ошибка подключения к БД: could not translate host name "postgres" to address: Name or service not known

2025-09-22 10:31:03,263 - ERROR - Ошибка подключения к БД: could not translate host name "postgres" to address: Name or service not known

2025-09-22 10:31:13,287 - ERROR - Ошибка подключения к БД: could not translate host name "postgres" to address: Name or service not known

2025-09-22 10:31:23,310 - ERROR - Ошибка подключения к БД: could not translate host name "postgres" to address: Name or service not known

2025-09-22 10:31:33,326 - ERROR - Ошибка подключения к БД: could not translate host name "postgres" to address: Name or service not known

2025-09-22 10:31:43,352 - ERROR - Ошибка подключения к БД: could not translate host name "postgres" to address: Name or service not known

2025-09-22 10:31:53,372 - ERROR - Ошибка подключения к БД: could not translate host name "postgres" to address: Name or service not known

2025-09-22 10:32:03,394 - ERROR - Ошибка подключения к БД: could not translate host name "postgres" to address: Name or service not known

2025-09-22 10:32:13,412 - ERROR - Ошибка подключения к БД: could not translate host name "postgres" to address: Name or service not known

2025-09-22 10:32:23,429 - ERROR - Ошибка подключения к БД: could not translate host name "postgres" to address: Name or service not known

2025-09-22 10:32:33,451 - ERROR - Ошибка подключения к БД: could not translate host name "postgres" to address: Name or service not known

2025-09-22 10:32:43,477 - ERROR - Ошибка подключения к БД: could not translate host name "postgres" to address: Name or service not known

2025-09-22 10:32:53,500 - ERROR - Ошибка подключения к БД: could not translate host name "postgres" to address: Name or service not known

2025-09-22 10:33:03,520 - ERROR - Ошибка подключения к БД: could not translate host name "postgres" to address: Name or service not known

2025-09-22 10:33:13,543 - ERROR - Ошибка подключения к БД: could not translate host name "postgres" to address: Name or service not known

2025-09-22 10:33:23,566 - ERROR - Ошибка подключения к БД: could not translate host name "postgres" to address: Name or service not known

2025-09-22 10:33:33,588 - ERROR - Ошибка подключения к БД: could not translate host name "postgres" to address: Name or service not known

2025-09-22 10:33:43,619 - ERROR - Ошибка подключения к БД: could not translate host name "postgres" to address: Name or service not known

2025-09-22 10:33:53,641 - ERROR - Ошибка подключения к БД: could not translate host name "postgres" to address: Name or service not known

2025-09-22 10:34:03,659 - ERROR - Ошибка подключения к БД: could not translate host name "postgres" to address: Name or service not known

2025-09-22 10:34:13,681 - ERROR - Ошибка подключения к БД: could not translate host name "postgres" to address: Name or service not known

2025-09-22 10:34:23,705 - ERROR - Ошибка подключения к БД: could not translate host name "postgres" to address: Name or service not known

2025-09-22 10:34:33,730 - ERROR - Ошибка подключения к БД: could not translate host name "postgres" to address: Name or service not known

2025-09-22 10:34:43,756 - ERROR - Ошибка подключения к БД: could not translate host name "postgres" to address: Name or service not known

2025-09-22 10:34:53,781 - ERROR - Ошибка подключения к БД: could not translate host name "postgres" to address: Name or service not known

2025-09-22 10:35:03,803 - ERROR - Ошибка подключения к БД: could not translate host name "postgres" to address: Name or service not known

2025-09-22 10:35:13,824 - ERROR - Ошибка подключения к БД: could not translate host name "postgres" to address: Name or service not known

2025-09-22 10:35:23,847 - ERROR - Ошибка подключения к БД: could not translate host name "postgres" to address: Name or service not known

2025-09-22 10:35:33,877 - ERROR - Ошибка подключения к БД: could not translate host name "postgres" to address: Name or service not known

2025-09-22 10:35:43,907 - ERROR - Ошибка подключения к БД: could not translate host name "postgres" to address: Name or service not known

2025-09-22 10:35:53,930 - ERROR - Ошибка подключения к БД: could not translate host name "postgres" to address: Name or service not known

2025-09-22 10:36:03,950 - ERROR - Ошибка подключения к БД: could not translate host name "postgres" to address: Name or service not known

2025-09-22 10:36:13,973 - ERROR - Ошибка подключения к БД: could not translate host name "postgres" to address: Name or service not known

2025-09-22 10:36:23,996 - ERROR - Ошибка подключения к БД: could not translate host name "postgres" to address: Name or service not known

2025-09-22 10:36:34,027 - ERROR - Ошибка подключения к БД: could not translate host name "postgres" to address: Name or service not known

2025-09-22 10:36:44,050 - ERROR - Ошибка подключения к БД: could not translate host name "postgres" to address: Name or service not known

2025-09-22 10:36:54,069 - ERROR - Ошибка подключения к БД: could not translate host name "postgres" to address: Name or service not known

2025-09-22 10:37:04,096 - ERROR - Ошибка подключения к БД: could not translate host name "postgres" to address: Name or service not known

2025-09-22 10:37:14,126 - ERROR - Ошибка подключения к БД: could not translate host name "postgres" to address: Name or service not known

2025-09-22 10:37:24,160 - ERROR - Ошибка подключения к БД: could not translate host name "postgres" to address: Name or service not known

2025-09-22 10:37:34,202 - ERROR - Ошибка подключения к БД: could not translate host name "postgres" to address: Name or service not known

2025-09-22 10:37:44,227 - ERROR - Ошибка подключения к БД: could not translate host name "postgres" to address: Name or service not known

2025-09-22 10:37:54,252 - ERROR - Ошибка подключения к БД: could not translate host name "postgres" to address: Name or service not known

2025-09-22 10:38:04,272 - ERROR - Ошибка подключения к БД: could not translate host name "postgres" to address: Name or service not known

2025-09-22 10:38:14,304 - ERROR - Ошибка подключения к БД: could not translate host name "postgres" to address: Name or service not known

2025-09-22 10:38:24,327 - ERROR - Ошибка подключения к БД: could not translate host name "postgres" to address: Name or service not known

2025-09-22 10:38:34,366 - ERROR - Ошибка подключения к БД: could not translate host name "postgres" to address: Name or service not known

2025-09-22 10:38:44,396 - ERROR - Ошибка подключения к БД: could not translate host name "postgres" to address: Name or service not known

2025-09-22 10:38:54,427 - ERROR - Ошибка подключения к БД: could not translate host name "postgres" to address: Name or service not known

2025-09-22 10:39:04,460 - ERROR - Ошибка подключения к БД: could not translate host name "postgres" to address: Name or service not known

2025-09-22 10:39:14,488 - ERROR - Ошибка подключения к БД: could not translate host name "postgres" to address: Name or service not known

2025-09-22 10:39:24,508 - ERROR - Ошибка подключения к БД: could not translate host name "postgres" to address: Name or service not known

2025-09-22 10:39:34,544 - ERROR - Ошибка подключения к БД: could not translate host name "postgres" to address: Name or service not known

2025-09-22 10:39:44,572 - ERROR - Ошибка подключения к БД: could not translate host name "postgres" to address: Name or service not known

2025-09-22 10:39:54,586 - ERROR - Ошибка подключения к БД: could not translate host name "postgres" to address: Name or service not known

2025-09-22 10:40:04,608 - ERROR - Ошибка подключения к БД: could not translate host name "postgres" to address: Name or service not known

2025-09-22 10:40:14,630 - ERROR - Ошибка подключения к БД: could not translate host name "postgres" to address: Name or service not known

2025-09-22 10:40:24,656 - ERROR - Ошибка подключения к БД: could not translate host name "postgres" to address: Name or service not known

2025-09-22 10:40:34,693 - ERROR - Ошибка подключения к БД: could not translate host name "postgres" to address: Name or service not known

2025-09-22 10:40:44,719 - ERROR - Ошибка подключения к БД: could not translate host name "postgres" to address: Name or service not known

2025-09-22 10:40:54,745 - ERROR - Ошибка подключения к БД: could not translate host name "postgres" to address: Name or service not known

2025-09-22 10:41:04,772 - ERROR - Ошибка подключения к БД: could not translate host name "postgres" to address: Name or service not known

2025-09-22 10:41:14,798 - ERROR - Ошибка подключения к БД: could not translate host name "postgres" to address: Name or service not known

2025-09-22 10:41:24,828 - ERROR - Ошибка подключения к БД: could not translate host name "postgres" to address: Name or service not known

2025-09-22 10:41:34,866 - ERROR - Ошибка подключения к БД: could not translate host name "postgres" to address: Name or service not known

2025-09-22 10:41:44,903 - ERROR - Ошибка подключения к БД: could not translate host name "postgres" to address: Name or service not known

2025-09-22 10:41:54,927 - ERROR - Ошибка подключения к БД: could not translate host name "postgres" to address: Name or service not known

2025-09-22 10:42:04,951 - ERROR - Ошибка подключения к БД: could not translate host name "postgres" to address: Name or service not known

2025-09-22 10:42:14,975 - ERROR - Ошибка подключения к БД: could not translate host name "postgres" to address: Name or service not known

2025-09-22 10:42:25,002 - ERROR - Ошибка подключения к БД: could not translate host name "postgres" to address: Name or service not known

2025-09-22 10:42:35,028 - ERROR - Ошибка подключения к БД: could not translate host name "postgres" to address: Name or service not known

2025-09-22 10:42:45,064 - ERROR - Ошибка подключения к БД: could not translate host name "postgres" to address: Name or service not known

2025-09-22 10:42:55,082 - ERROR - Ошибка подключения к БД: could not translate host name "postgres" to address: Name or service not known

2025-09-22 10:43:05,103 - ERROR - Ошибка подключения к БД: could not translate host name "postgres" to address: Name or service not known

2025-09-22 10:43:15,130 - ERROR - Ошибка подключения к БД: could not translate host name "postgres" to address: Name or service not known

2025-09-22 10:43:25,164 - ERROR - Ошибка подключения к БД: could not translate host name "postgres" to address: Name or service not known

2025-09-22 10:43:35,189 - ERROR - Ошибка подключения к БД: could not translate host name "postgres" to address: Name or service not known

2025-09-22 10:43:45,209 - ERROR - Ошибка подключения к БД: could not translate host name "postgres" to address: Name or service not known

2025-09-22 10:43:55,239 - ERROR - Ошибка подключения к БД: could not translate host name "postgres" to address: Name or service not known

2025-09-22 10:44:05,270 - ERROR - Ошибка подключения к БД: could not translate host name "postgres" to address: Name or service not known

2025-09-22 10:44:15,300 - ERROR - Ошибка подключения к БД: could not translate host name "postgres" to address: Name or service not known

2025-09-22 10:44:25,326 - ERROR - Ошибка подключения к БД: could not translate host name "postgres" to address: Name or service not known

2025-09-22 10:44:35,349 - ERROR - Ошибка подключения к БД: could not translate host name "postgres" to address: Name or service not known

2025-09-22 10:44:45,381 - ERROR - Ошибка подключения к БД: could not translate host name "postgres" to address: Name or service not known

2025-09-22 10:44:55,410 - ERROR - Ошибка подключения к БД: could not translate host name "postgres" to address: Name or service not known

2025-09-22 10:45:05,437 - ERROR - Ошибка подключения к БД: could not translate host name "postgres" to address: Name or service not known

2025-09-22 10:45:15,469 - ERROR - Ошибка подключения к БД: could not translate host name "postgres" to address: Name or service not known

2025-09-22 10:45:25,499 - ERROR - Ошибка подключения к БД: could not translate host name "postgres" to address: Name or service not known

2025-09-22 10:45:35,519 - ERROR - Ошибка подключения к БД: could not translate host name "postgres" to address: Name or service not known

2025-09-22 10:45:45,542 - ERROR - Ошибка подключения к БД: could not translate host name "postgres" to address: Name or service not known

2025-09-22 10:45:55,570 - ERROR - Ошибка подключения к БД: could not translate host name "postgres" to address: Name or service not known

2025-09-22 10:46:05,602 - ERROR - Ошибка подключения к БД: could not translate host name "postgres" to address: Name or service not known

2025-09-22 10:46:15,633 - ERROR - Ошибка подключения к БД: could not translate host name "postgres" to address: Name or service not known

2025-09-22 10:46:25,657 - ERROR - Ошибка подключения к БД: could not translate host name "postgres" to address: Name or service not known

2025-09-22 10:46:35,683 - ERROR - Ошибка подключения к БД: could not translate host name "postgres" to address: Name or service not known

2025-09-22 10:46:45,713 - ERROR - Ошибка подключения к БД: could not translate host name "postgres" to address: Name or service not known

2025-09-22 10:46:55,727 - ERROR - Ошибка подключения к БД: could not translate host name "postgres" to address: Name or service not known

2025-09-22 10:47:05,754 - ERROR - Ошибка подключения к БД: could not translate host name "postgres" to address: Name or service not known

2025-09-22 10:47:15,777 - ERROR - Ошибка подключения к БД: could not translate host name "postgres" to address: Name or service not known

2025-09-22 10:47:25,799 - ERROR - Ошибка подключения к БД: could not translate host name "postgres" to address: Name or service not known

2025-09-22 10:47:35,817 - ERROR - Ошибка подключения к БД: could not translate host name "postgres" to address: Name or service not known

2025-09-22 10:47:45,840 - ERROR - Ошибка подключения к БД: could not translate host name "postgres" to address: Name or service not known

2025-09-22 10:47:55,855 - ERROR - Ошибка подключения к БД: could not translate host name "postgres" to address: Name or service not known

2025-09-22 10:48:05,881 - ERROR - Ошибка подключения к БД: could not translate host name "postgres" to address: Name or service not known

2025-09-22 10:48:15,905 - ERROR - Ошибка подключения к БД: could not translate host name "postgres" to address: Name or service not known

2025-09-22 10:48:25,928 - ERROR - Ошибка подключения к БД: could not translate host name "postgres" to address: Name or service not known

2025-09-22 10:48:35,946 - ERROR - Ошибка подключения к БД: could not translate host name "postgres" to address: Name or service not known

2025-09-22 10:48:45,986 - ERROR - Ошибка подключения к БД: could not translate host name "postgres" to address: Name or service not known

2025-09-22 10:48:56,010 - ERROR - Ошибка подключения к БД: could not translate host name "postgres" to address: Name or service not known

2025-09-22 10:49:06,035 - ERROR - Ошибка подключения к БД: could not translate host name "postgres" to address: Name or service not known

2025-09-22 10:49:16,054 - ERROR - Ошибка подключения к БД: could not translate host name "postgres" to address: Name or service not known

2025-09-22 10:49:26,077 - ERROR - Ошибка подключения к БД: could not translate host name "postgres" to address: Name or service not known

2025-09-22 10:49:36,090 - ERROR - Ошибка подключения к БД: could not translate host name "postgres" to address: Name or service not known

2025-09-22 10:49:46,118 - ERROR - Ошибка подключения к БД: could not translate host name "postgres" to address: Name or service not known

2025-09-22 10:49:56,138 - ERROR - Ошибка подключения к БД: could not translate host name "postgres" to address: Name or service not known

2025-09-22 10:50:06,158 - ERROR - Ошибка подключения к БД: could not translate host name "postgres" to address: Name or service not known

2025-09-22 10:50:16,185 - ERROR - Ошибка подключения к БД: could not translate host name "postgres" to address: Name or service not known

2025-09-22 10:50:26,206 - ERROR - Ошибка подключения к БД: could not translate host name "postgres" to address: Name or service not known

2025-09-22 10:50:36,229 - ERROR - Ошибка подключения к БД: could not translate host name "postgres" to address: Name or service not known

2025-09-22 10:50:46,263 - ERROR - Ошибка подключения к БД: could not translate host name "postgres" to address: Name or service not known

2025-09-22 10:50:56,284 - ERROR - Ошибка подключения к БД: could not translate host name "postgres" to address: Name or service not known

2025-09-22 10:51:06,308 - ERROR - Ошибка подключения к БД: could not translate host name "postgres" to address: Name or service not known

2025-09-22 10:51:16,327 - ERROR - Ошибка подключения к БД: could not translate host name "postgres" to address: Name or service not known

2025-09-22 10:51:26,345 - ERROR - Ошибка подключения к БД: could not translate host name "postgres" to address: Name or service not known

2025-09-22 10:51:36,373 - ERROR - Ошибка подключения к БД: could not translate host name "postgres" to address: Name or service not known

2025-09-22 10:51:46,399 - ERROR - Ошибка подключения к БД: could not translate host name "postgres" to address: Name or service not known

2025-09-22 10:51:56,420 - ERROR - Ошибка подключения к БД: could not translate host name "postgres" to address: Name or service not known

2025-09-22 10:52:06,442 - ERROR - Ошибка подключения к БД: could not translate host name "postgres" to address: Name or service not known

2025-09-22 10:52:16,465 - ERROR - Ошибка подключения к БД: could not translate host name "postgres" to address: Name or service not known

2025-09-22 10:52:26,487 - ERROR - Ошибка подключения к БД: could not translate host name "postgres" to address: Name or service not known

2025-09-22 10:52:36,516 - ERROR - Ошибка подключения к БД: could not translate host name "postgres" to address: Name or service not known

2025-09-22 10:52:46,538 - ERROR - Ошибка подключения к БД: could not translate host name "postgres" to address: Name or service not known

2025-09-22 10:52:56,557 - ERROR - Ошибка подключения к БД: could not translate host name "postgres" to address: Name or service not known

2025-09-22 10:53:06,581 - ERROR - Ошибка подключения к БД: could not translate host name "postgres" to address: Name or service not known

2025-09-22 10:53:16,600 - ERROR - Ошибка подключения к БД: could not translate host name "postgres" to address: Name or service not known

2025-09-22 10:53:26,622 - ERROR - Ошибка подключения к БД: could not translate host name "postgres" to address: Name or service not known

2025-09-22 10:53:36,650 - ERROR - Ошибка подключения к БД: could not translate host name "postgres" to address: Name or service not known

2025-09-22 10:53:46,673 - ERROR - Ошибка подключения к БД: could not translate host name "postgres" to address: Name or service not known

2025-09-22 10:53:56,706 - ERROR - Ошибка подключения к БД: could not translate host name "postgres" to address: Name or service not known

2025-09-22 10:54:06,743 - ERROR - Ошибка подключения к БД: could not translate host name "postgres" to address: Name or service not known

2025-09-22 10:54:16,763 - ERROR - Ошибка подключения к БД: could not translate host name "postgres" to address: Name or service not known

2025-09-22 10:54:26,790 - ERROR - Ошибка подключения к БД: could not translate host name "postgres" to address: Name or service not known

2025-09-22 10:54:36,841 - ERROR - Ошибка подключения к БД: could not translate host name "postgres" to address: Name or service not known

2025-09-22 10:54:46,863 - ERROR - Ошибка подключения к БД: could not translate host name "postgres" to address: Name or service not known

2025-09-22 10:54:56,881 - ERROR - Ошибка подключения к БД: could not translate host name "postgres" to address: Name or service not known

2025-09-22 10:55:06,907 - ERROR - Ошибка подключения к БД: could not translate host name "postgres" to address: Name or service not known

2025-09-22 10:55:16,926 - ERROR - Ошибка подключения к БД: could not translate host name "postgres" to address: Name or service not known

2025-09-22 10:55:26,955 - ERROR - Ошибка подключения к БД: could not translate host name "postgres" to address: Name or service not known

2025-09-22 10:55:36,993 - ERROR - Ошибка подключения к БД: could not translate host name "postgres" to address: Name or service not known

2025-09-22 10:55:47,023 - ERROR - Ошибка подключения к БД: could not translate host name "postgres" to address: Name or service not known

2025-09-22 10:55:57,033 - ERROR - Ошибка подключения к БД: could not translate host name "postgres" to address: Name or service not known

2025-09-22 10:56:07,053 - ERROR - Ошибка подключения к БД: could not translate host name "postgres" to address: Name or service not known

2025-09-22 10:56:17,068 - ERROR - Ошибка подключения к БД: could not translate host name "postgres" to address: Name or service not known

2025-09-22 10:56:27,086 - ERROR - Ошибка подключения к БД: could not translate host name "postgres" to address: Name or service not known

2025-09-22 10:56:37,111 - ERROR - Ошибка подключения к БД: could not translate host name "postgres" to address: Name or service not known

2025-09-22 10:56:47,137 - ERROR - Ошибка подключения к БД: could not translate host name "postgres" to address: Name or service not known

2025-09-22 10:56:57,214 - ERROR - Ошибка подключения к БД: could not translate host name "postgres" to address: Name or service not known

2025-09-22 10:57:07,237 - ERROR - Ошибка подключения к БД: could not translate host name "postgres" to address: Name or service not known

2025-09-22 10:57:17,260 - ERROR - Ошибка подключения к БД: could not translate host name "postgres" to address: Name or service not known

2025-09-22 10:57:27,286 - ERROR - Ошибка подключения к БД: could not translate host name "postgres" to address: Name or service not known

2025-09-22 10:57:37,307 - ERROR - Ошибка подключения к БД: could not translate host name "postgres" to address: Name or service not known

2025-09-22 10:57:47,325 - ERROR - Ошибка подключения к БД: could not translate host name "postgres" to address: Name or service not known

2025-09-22 10:57:57,347 - ERROR - Ошибка подключения к БД: could not translate host name "postgres" to address: Name or service not known

2025-09-22 10:58:07,367 - ERROR - Ошибка подключения к БД: could not translate host name "postgres" to address: Name or service not known

2025-09-22 10:58:17,386 - ERROR - Ошибка подключения к БД: could not translate host name "postgres" to address: Name or service not known

2025-09-22 10:58:27,406 - ERROR - Ошибка подключения к БД: could not translate host name "postgres" to address: Name or service not known

2025-09-22 10:58:37,423 - ERROR - Ошибка подключения к БД: could not translate host name "postgres" to address: Name or service not known

2025-09-22 10:58:47,442 - ERROR - Ошибка подключения к БД: could not translate host name "postgres" to address: Name or service not known

2025-09-22 10:58:57,467 - ERROR - Ошибка подключения к БД: could not translate host name "postgres" to address: Name or service not known

2025-09-22 10:59:07,490 - ERROR - Ошибка подключения к БД: could not translate host name "postgres" to address: Name or service not known

2025-09-22 10:59:17,502 - ERROR - Ошибка подключения к БД: could not translate host name "postgres" to address: Name or service not known

2025-09-22 10:59:27,538 - ERROR - Ошибка подключения к БД: could not translate host name "postgres" to address: Name or service not known

2025-09-22 10:59:37,560 - ERROR - Ошибка подключения к БД: could not translate host name "postgres" to address: Name or service not known

2025-09-22 10:59:47,579 - ERROR - Ошибка подключения к БД: could not translate host name "postgres" to address: Name or service not known

2025-09-22 10:59:57,608 - ERROR - Ошибка подключения к БД: could not translate host name "postgres" to address: Name or service not known

2025-09-22 11:00:07,625 - ERROR - Ошибка подключения к БД: could not translate host name "postgres" to address: Name or service not known

2025-09-22 11:00:17,638 - ERROR - Ошибка подключения к БД: could not translate host name "postgres" to address: Name or service not known

2025-09-22 11:00:27,661 - ERROR - Ошибка подключения к БД: could not translate host name "postgres" to address: Name or service not known

2025-09-22 11:00:37,686 - ERROR - Ошибка подключения к БД: could not translate host name "postgres" to address: Name or service not known

2025-09-22 11:00:47,706 - ERROR - Ошибка подключения к БД: could not translate host name "postgres" to address: Name or service not known

2025-09-22 11:00:57,726 - ERROR - Ошибка подключения к БД: could not translate host name "postgres" to address: Name or service not known

2025-09-22 11:01:07,755 - ERROR - Ошибка подключения к БД: could not translate host name "postgres" to address: Name or service not known

2025-09-22 11:01:17,776 - ERROR - Ошибка подключения к БД: could not translate host name "postgres" to address: Name or service not known

2025-09-22 11:01:27,803 - ERROR - Ошибка подключения к БД: could not translate host name "postgres" to address: Name or service not known

2025-09-22 11:01:37,825 - ERROR - Ошибка подключения к БД: could not translate host name "postgres" to address: Name or service not known

2025-09-22 11:01:47,846 - ERROR - Ошибка подключения к БД: could not translate host name "postgres" to address: Name or service not known

2025-09-22 11:01:57,867 - ERROR - Ошибка подключения к БД: could not translate host name "postgres" to address: Name or service not known

2025-09-22 11:02:07,894 - ERROR - Ошибка подключения к БД: could not translate host name "postgres" to address: Name or service not known

2025-09-22 11:02:17,914 - ERROR - Ошибка подключения к БД: could not translate host name "postgres" to address: Name or service not known

2025-09-22 11:02:27,950 - ERROR - Ошибка подключения к БД: could not translate host name "postgres" to address: Name or service not known

2025-09-22 11:02:37,976 - ERROR - Ошибка подключения к БД: could not translate host name "postgres" to address: Name or service not known

2025-09-22 11:02:47,999 - ERROR - Ошибка подключения к БД: could not translate host name "postgres" to address: Name or service not known

2025-09-22 11:02:58,020 - ERROR - Ошибка подключения к БД: could not translate host name "postgres" to address: Name or service not known

2025-09-22 11:03:08,039 - ERROR - Ошибка подключения к БД: could not translate host name "postgres" to address: Name or service not known

2025-09-22 11:03:18,068 - ERROR - Ошибка подключения к БД: could not translate host name "postgres" to address: Name or service not known

2025-09-22 11:03:28,093 - ERROR - Ошибка подключения к БД: could not translate host name "postgres" to address: Name or service not known

2025-09-22 11:03:38,114 - ERROR - Ошибка подключения к БД: could not translate host name "postgres" to address: Name or service not known

2025-09-22 11:03:48,133 - ERROR - Ошибка подключения к БД: could not translate host name "postgres" to address: Name or service not known

2025-09-22 11:03:58,168 - ERROR - Ошибка подключения к БД: could not translate host name "postgres" to address: Name or service not known

2025-09-22 11:04:08,189 - ERROR - Ошибка подключения к БД: could not translate host name "postgres" to address: Name or service not known

2025-09-22 11:04:18,218 - ERROR - Ошибка подключения к БД: could not translate host name "postgres" to address: Name or service not known

2025-09-22 11:04:28,241 - ERROR - Ошибка подключения к БД: could not translate host name "postgres" to address: Name or service not known

2025-09-22 11:04:38,263 - ERROR - Ошибка подключения к БД: could not translate host name "postgres" to address: Name or service not known

2025-09-22 11:04:48,287 - ERROR - Ошибка подключения к БД: could not translate host name "postgres" to address: Name or service not known

2025-09-22 11:04:58,310 - ERROR - Ошибка подключения к БД: could not translate host name "postgres" to address: Name or service not known

2025-09-22 11:05:08,347 - ERROR - Ошибка подключения к БД: could not translate host name "postgres" to address: Name or service not known

2025-09-22 11:05:18,382 - ERROR - Ошибка подключения к БД: could not translate host name "postgres" to address: Name or service not known

2025-09-22 11:05:28,403 - ERROR - Ошибка подключения к БД: could not translate host name "postgres" to address: Name or service not known

2025-09-22 11:05:38,427 - ERROR - Ошибка подключения к БД: could not translate host name "postgres" to address: Name or service not known

2025-09-22 11:05:48,450 - ERROR - Ошибка подключения к БД: could not translate host name "postgres" to address: Name or service not known

2025-09-22 11:05:58,472 - ERROR - Ошибка подключения к БД: could not translate host name "postgres" to address: Name or service not known

2025-09-22 11:06:08,491 - ERROR - Ошибка подключения к БД: could not translate host name "postgres" to address: Name or service not known

2025-09-22 11:06:18,531 - ERROR - Ошибка подключения к БД: could not translate host name "postgres" to address: Name or service not known

2025-09-22 11:06:28,558 - ERROR - Ошибка подключения к БД: could not translate host name "postgres" to address: Name or service not known

2025-09-22 11:06:38,581 - ERROR - Ошибка подключения к БД: could not translate host name "postgres" to address: Name or service not known

2025-09-22 11:06:48,594 - ERROR - Ошибка подключения к БД: could not translate host name "postgres" to address: Name or service not known

2025-09-22 11:06:58,614 - ERROR - Ошибка подключения к БД: could not translate host name "postgres" to address: Name or service not known

2025-09-22 11:07:08,639 - ERROR - Ошибка подключения к БД: could not translate host name "postgres" to address: Name or service not known

2025-09-22 11:07:18,666 - ERROR - Ошибка подключения к БД: could not translate host name "postgres" to address: Name or service not known

2025-09-22 11:07:28,674 - ERROR - Ошибка подключения к БД: could not translate host name "postgres" to address: Name or service not known

2025-09-22 11:07:38,693 - ERROR - Ошибка подключения к БД: could not translate host name "postgres" to address: Name or service not known

2025-09-22 11:07:48,712 - ERROR - Ошибка подключения к БД: could not translate host name "postgres" to address: Name or service not known

2025-09-22 11:07:58,732 - ERROR - Ошибка подключения к БД: could not translate host name "postgres" to address: Name or service not known

2025-09-22 11:08:08,763 - ERROR - Ошибка подключения к БД: could not translate host name "postgres" to address: Name or service not known

2025-09-22 11:08:18,801 - ERROR - Ошибка подключения к БД: could not translate host name "postgres" to address: Name or service not known

2025-09-22 11:08:28,823 - ERROR - Ошибка подключения к БД: could not translate host name "postgres" to address: Name or service not known

2025-09-22 11:08:38,843 - ERROR - Ошибка подключения к БД: could not translate host name "postgres" to address: Name or service not known

2025-09-22 11:08:48,865 - ERROR - Ошибка подключения к БД: could not translate host name "postgres" to address: Name or service not known

2025-09-22 11:08:58,892 - ERROR - Ошибка подключения к БД: could not translate host name "postgres" to address: Name or service not known

2025-09-22 11:09:08,928 - ERROR - Ошибка подключения к БД: could not translate host name "postgres" to address: Name or service not known

2025-09-22 11:09:19,471 - ERROR - Ошибка подключения к БД: could not translate host name "postgres" to address: Name or service not known

2025-09-22 11:09:29,514 - ERROR - Ошибка подключения к БД: could not translate host name "postgres" to address: Name or service not known

2025-09-22 11:09:39,536 - ERROR - Ошибка подключения к БД: could not translate host name "postgres" to address: Name or service not known

2025-09-22 11:09:49,559 - ERROR - Ошибка подключения к БД: could not translate host name "postgres" to address: Name or service not known

2025-09-22 11:09:59,581 - ERROR - Ошибка подключения к БД: could not translate host name "postgres" to address: Name or service not known

2025-09-22 11:10:09,606 - ERROR - Ошибка подключения к БД: could not translate host name "postgres" to address: Name or service not known

2025-09-22 11:10:19,644 - ERROR - Ошибка подключения к БД: could not translate host name "postgres" to address: Name or service not known

2025-09-22 11:10:29,675 - ERROR - Ошибка подключения к БД: could not translate host name "postgres" to address: Name or service not known

2025-09-22 11:10:39,701 - ERROR - Ошибка подключения к БД: could not translate host name "postgres" to address: Name or service not known

2025-09-22 11:10:49,724 - ERROR - Ошибка подключения к БД: could not translate host name "postgres" to address: Name or service not known

2025-09-22 11:10:59,749 - ERROR - Ошибка подключения к БД: could not translate host name "postgres" to address: Name or service not known

2025-09-22 11:11:09,784 - ERROR - Ошибка подключения к БД: could not translate host name "postgres" to address: Name or service not known

2025-09-22 11:11:19,808 - ERROR - Ошибка подключения к БД: could not translate host name "postgres" to address: Name or service not known

2025-09-22 11:11:29,831 - ERROR - Ошибка подключения к БД: could not translate host name "postgres" to address: Name or service not known

2025-09-22 11:11:40,360 - ERROR - Ошибка подключения к БД: could not translate host name "postgres" to address: Name or service not known

2025-09-22 11:26:50,784 - ERROR - Ошибка подключения к БД: could not translate host name "postgres" to address: Name or service not known

2025-09-22 11:27:00,810 - ERROR - Ошибка подключения к БД: could not translate host name "postgres" to address: Name or service not known

2025-09-22 11:27:10,833 - ERROR - Ошибка подключения к БД: could not translate host name "postgres" to address: Name or service not known

2025-09-22 11:28:17,656 - ERROR - Ошибка подключения к БД: could not translate host name "postgres" to address: Name or service not known

2025-09-22 11:28:27,698 - ERROR - Ошибка подключения к БД: could not translate host name "postgres" to address: Name or service not known

2025-09-22 11:28:37,723 - ERROR - Ошибка подключения к БД: could not translate host name "postgres" to address: Name or service not known

2025-09-22 11:28:47,739 - ERROR - Ошибка подключения к БД: could not translate host name "postgres" to address: Name or service not known

2025-09-22 11:28:57,766 - ERROR - Ошибка подключения к БД: could not translate host name "postgres" to address: Name or service not known

2025-09-22 11:29:07,810 - ERROR - Ошибка подключения к БД: could not translate host name "postgres" to address: Name or service not known

2025-09-22 11:29:17,826 - ERROR - Ошибка подключения к БД: could not translate host name "postgres" to address: Name or service not known

2025-09-22 11:29:27,845 - ERROR - Ошибка подключения к БД: could not translate host name "postgres" to address: Name or service not known

2025-09-22 11:29:37,866 - ERROR - Ошибка подключения к БД: could not translate host name "postgres" to address: Name or service not known

2025-09-22 11:29:47,893 - ERROR - Ошибка подключения к БД: could not translate host name "postgres" to address: Name or service not known

2025-09-22 11:29:57,926 - ERROR - Ошибка подключения к БД: could not translate host name "postgres" to address: Name or service not known

2025-09-22 11:30:07,949 - ERROR - Ошибка подключения к БД: could not translate host name "postgres" to address: Name or service not known

2025-09-22 11:30:17,968 - ERROR - Ошибка подключения к БД: could not translate host name "postgres" to address: Name or service not known

2025-09-22 11:30:27,991 - ERROR - Ошибка подключения к БД: could not translate host name "postgres" to address: Name or service not known

2025-09-22 11:30:38,010 - ERROR - Ошибка подключения к БД: could not translate host name "postgres" to address: Name or service not known

2025-09-22 11:30:48,033 - ERROR - Ошибка подключения к БД: could not translate host name "postgres" to address: Name or service not known

2025-09-22 11:30:58,066 - ERROR - Ошибка подключения к БД: could not translate host name "postgres" to address: Name or service not known

2025-09-22 11:31:08,103 - ERROR - Ошибка подключения к БД: could not translate host name "postgres" to address: Name or service not known

2025-09-22 11:31:18,128 - ERROR - Ошибка подключения к БД: could not translate host name "postgres" to address: Name or service not known

2025-09-22 11:31:28,147 - ERROR - Ошибка подключения к БД: could not translate host name "postgres" to address: Name or service not known

2025-09-22 11:31:38,176 - ERROR - Ошибка подключения к БД: could not translate host name "postgres" to address: Name or service not known

2025-09-22 11:31:48,194 - ERROR - Ошибка подключения к БД: could not translate host name "postgres" to address: Name or service not known

2025-09-22 11:31:58,224 - ERROR - Ошибка подключения к БД: could not translate host name "postgres" to address: Name or service not known

2025-09-22 11:32:08,234 - ERROR - Ошибка подключения к БД: could not translate host name "postgres" to address: Name or service not known

2025-09-22 11:32:18,259 - ERROR - Ошибка подключения к БД: could not translate host name "postgres" to address: Name or service not known

2025-09-22 11:32:28,283 - ERROR - Ошибка подключения к БД: could not translate host name "postgres" to address: Name or service not known

2025-09-22 11:32:38,307 - ERROR - Ошибка подключения к БД: could not translate host name "postgres" to address: Name or service not known

2025-09-22 11:32:48,328 - ERROR - Ошибка подключения к БД: could not translate host name "postgres" to address: Name or service not known

2025-09-22 11:32:58,353 - ERROR - Ошибка подключения к БД: could not translate host name "postgres" to address: Name or service not known

2025-09-22 11:33:08,375 - ERROR - Ошибка подключения к БД: could not translate host name "postgres" to address: Name or service not known

2025-09-22 11:33:18,399 - ERROR - Ошибка подключения к БД: could not translate host name "postgres" to address: Name or service not known

2025-09-22 11:33:28,425 - ERROR - Ошибка подключения к БД: could not translate host name "postgres" to address: Name or service not known

2025-09-22 11:33:38,447 - ERROR - Ошибка подключения к БД: could not translate host name "postgres" to address: Name or service not known

2025-09-22 11:33:48,470 - ERROR - Ошибка подключения к БД: could not translate host name "postgres" to address: Name or service not known

2025-09-22 11:33:58,495 - ERROR - Ошибка подключения к БД: could not translate host name "postgres" to address: Name or service not known

2025-09-22 11:34:08,519 - ERROR - Ошибка подключения к БД: could not translate host name "postgres" to address: Name or service not known

2025-09-22 11:34:18,541 - ERROR - Ошибка подключения к БД: could not translate host name "postgres" to address: Name or service not known

2025-09-22 11:34:28,565 - ERROR - Ошибка подключения к БД: could not translate host name "postgres" to address: Name or service not known

2025-09-22 11:34:38,590 - ERROR - Ошибка подключения к БД: could not translate host name "postgres" to address: Name or service not known

2025-09-22 11:34:48,616 - ERROR - Ошибка подключения к БД: could not translate host name "postgres" to address: Name or service not known

2025-09-22 11:34:58,644 - ERROR - Ошибка подключения к БД: could not translate host name "postgres" to address: Name or service not known

2025-09-22 11:35:08,658 - ERROR - Ошибка подключения к БД: could not translate host name "postgres" to address: Name or service not known

2025-09-22 11:35:18,680 - ERROR - Ошибка подключения к БД: could not translate host name "postgres" to address: Name or service not known

2025-09-22 11:35:28,703 - ERROR - Ошибка подключения к БД: could not translate host name "postgres" to address: Name or service not known

2025-09-22 11:35:38,727 - ERROR - Ошибка подключения к БД: could not translate host name "postgres" to address: Name or service not known

2025-09-22 11:35:48,746 - ERROR - Ошибка подключения к БД: could not translate host name "postgres" to address: Name or service not known

2025-09-22 11:35:58,775 - ERROR - Ошибка подключения к БД: could not translate host name "postgres" to address: Name or service not known

2025-09-22 11:36:08,798 - ERROR - Ошибка подключения к БД: could not translate host name "postgres" to address: Name or service not known

2025-09-22 11:36:18,817 - ERROR - Ошибка подключения к БД: could not translate host name "postgres" to address: Name or service not known

2025-09-22 11:36:28,842 - ERROR - Ошибка подключения к БД: could not translate host name "postgres" to address: Name or service not known

2025-09-22 11:36:38,861 - ERROR - Ошибка подключения к БД: could not translate host name "postgres" to address: Name or service not known

2025-09-22 11:36:48,892 - ERROR - Ошибка подключения к БД: could not translate host name "postgres" to address: Name or service not known

2025-09-22 11:36:58,916 - ERROR - Ошибка подключения к БД: could not translate host name "postgres" to address: Name or service not known

2025-09-22 11:37:08,933 - ERROR - Ошибка подключения к БД: could not translate host name "postgres" to address: Name or service not known

2025-09-22 11:37:18,958 - ERROR - Ошибка подключения к БД: could not translate host name "postgres" to address: Name or service not known

2025-09-22 11:37:28,975 - ERROR - Ошибка подключения к БД: could not translate host name "postgres" to address: Name or service not known

2025-09-22 11:37:38,996 - ERROR - Ошибка подключения к БД: could not translate host name "postgres" to address: Name or service not known

2025-09-22 11:37:49,028 - ERROR - Ошибка подключения к БД: could not translate host name "postgres" to address: Name or service not known

2025-09-22 11:37:59,047 - ERROR - Ошибка подключения к БД: could not translate host name "postgres" to address: Name or service not known

2025-09-22 11:38:09,066 - ERROR - Ошибка подключения к БД: could not translate host name "postgres" to address: Name or service not known

2025-09-22 11:38:19,087 - ERROR - Ошибка подключения к БД: could not translate host name "postgres" to address: Name or service not known

2025-09-22 11:38:29,113 - ERROR - Ошибка подключения к БД: could not translate host name "postgres" to address: Name or service not known

2025-09-22 11:38:39,134 - ERROR - Ошибка подключения к БД: could not translate host name "postgres" to address: Name or service not known

2025-09-22 11:38:49,155 - ERROR - Ошибка подключения к БД: could not translate host name "postgres" to address: Name or service not known

2025-09-22 11:38:59,173 - ERROR - Ошибка подключения к БД: could not translate host name "postgres" to address: Name or service not known

2025-09-22 11:39:09,194 - ERROR - Ошибка подключения к БД: could not translate host name "postgres" to address: Name or service not known

2025-09-22 11:39:19,212 - ERROR - Ошибка подключения к БД: could not translate host name "postgres" to address: Name or service not known

2025-09-22 11:39:29,235 - ERROR - Ошибка подключения к БД: could not translate host name "postgres" to address: Name or service not known

2025-09-22 11:39:39,252 - ERROR - Ошибка подключения к БД: could not translate host name "postgres" to address: Name or service not known

2025-09-22 11:39:49,289 - ERROR - Ошибка подключения к БД: could not translate host name "postgres" to address: Name or service not known

2025-09-22 11:39:59,301 - ERROR - Ошибка подключения к БД: could not translate host name "postgres" to address: Name or service not known

2025-09-22 11:40:09,320 - ERROR - Ошибка подключения к БД: could not translate host name "postgres" to address: Name or service not known

2025-09-22 11:40:19,339 - ERROR - Ошибка подключения к БД: could not translate host name "postgres" to address: Name or service not known

2025-09-22 11:40:29,362 - ERROR - Ошибка подключения к БД: could not translate host name "postgres" to address: Name or service not known

2025-09-22 11:40:39,381 - ERROR - Ошибка подключения к БД: could not translate host name "postgres" to address: Name or service not known

2025-09-22 11:40:49,397 - ERROR - Ошибка подключения к БД: could not translate host name "postgres" to address: Name or service not known

2025-09-22 11:40:59,418 - ERROR - Ошибка подключения к БД: could not translate host name "postgres" to address: Name or service not known

2025-09-22 11:41:09,439 - ERROR - Ошибка подключения к БД: could not translate host name "postgres" to address: Name or service not known

2025-09-22 11:41:19,451 - ERROR - Ошибка подключения к БД: could not translate host name "postgres" to address: Name or service not known

2025-09-22 11:41:29,475 - ERROR - Ошибка подключения к БД: could not translate host name "postgres" to address: Name or service not known

2025-09-22 11:41:39,499 - ERROR - Ошибка подключения к БД: could not translate host name "postgres" to address: Name or service not known

2025-09-22 11:41:49,522 - ERROR - Ошибка подключения к БД: could not translate host name "postgres" to address: Name or service not known

2025-09-22 11:41:59,541 - ERROR - Ошибка подключения к БД: could not translate host name "postgres" to address: Name or service not known

2025-09-22 11:42:10,087 - ERROR - Ошибка подключения к БД: could not translate host name "postgres" to address: Name or service not known

2025-09-22 11:42:20,107 - ERROR - Ошибка подключения к БД: could not translate host name "postgres" to address: Name or service not known

2025-09-22 11:42:30,124 - ERROR - Ошибка подключения к БД: could not translate host name "postgres" to address: Name or service not known

2025-09-22 11:42:40,664 - ERROR - Ошибка подключения к БД: could not translate host name "postgres" to address: Name or service not known

2025-09-22 11:57:51,456 - ERROR - Ошибка подключения к БД: could not translate host name "postgres" to address: Name or service not known

2025-09-22 11:58:01,973 - ERROR - Ошибка подключения к БД: could not translate host name "postgres" to address: Name or service not known

2025-09-22 11:58:12,002 - ERROR - Ошибка подключения к БД: could not translate host name "postgres" to address: Name or service not known

2025-09-22 12:13:21,932 - ERROR - Ошибка подключения к БД: could not translate host name "postgres" to address: Name or service not known

2025-09-22 12:13:31,977 - ERROR - Ошибка подключения к БД: could not translate host name "postgres" to address: Name or service not known

2025-09-22 12:13:42,001 - ERROR - Ошибка подключения к БД: could not translate host name "postgres" to address: Name or service not known

2025-09-22 12:18:49,732 - ERROR - Ошибка подключения к БД: could not translate host name "postgres" to address: Name or service not known

2025-09-22 12:18:59,773 - ERROR - Ошибка подключения к БД: could not translate host name "postgres" to address: Name or service not known

2025-09-22 12:19:09,806 - ERROR - Ошибка подключения к БД: could not translate host name "postgres" to address: Name or service not known

2025-09-22 12:19:19,831 - ERROR - Ошибка подключения к БД: could not translate host name "postgres" to address: Name or service not known

2025-09-22 12:19:29,859 - ERROR - Ошибка подключения к БД: could not translate host name "postgres" to address: Name or service not known

2025-09-22 12:19:40,387 - ERROR - Ошибка подключения к БД: could not translate host name "postgres" to address: Name or service not known

2025-09-22 12:19:50,935 - ERROR - Ошибка подключения к БД: could not translate host name "postgres" to address: Name or service not known

2025-09-22 12:20:00,961 - ERROR - Ошибка подключения к БД: could not translate host name "postgres" to address: Name or service not known

2025-09-22 12:20:10,980 - ERROR - Ошибка подключения к БД: could not translate host name "postgres" to address: Name or service not known

2025-09-22 12:35:20,892 - ERROR - Ошибка подключения к БД: could not translate host name "postgres" to address: Name or service not known

2025-09-22 12:35:30,923 - ERROR - Ошибка подключения к БД: could not translate host name "postgres" to address: Name or service not known

2025-09-22 12:35:40,950 - ERROR - Ошибка подключения к БД: could not translate host name "postgres" to address: Name or service not known

2025-09-22 13:09:31,877 - ERROR - Ошибка подключения к БД: could not translate host name "postgres" to address: Name or service not known

2025-09-22 13:09:41,899 - ERROR - Ошибка подключения к БД: could not translate host name "postgres" to address: Name or service not known

2025-09-22 13:09:51,921 - ERROR - Ошибка подключения к БД: could not translate host name "postgres" to address: Name or service not known

2025-09-22 13:10:53,819 - ERROR - Ошибка подключения к БД: could not translate host name "postgres" to address: Name or service not known

2025-09-22 13:11:03,848 - ERROR - Ошибка подключения к БД: could not translate host name "postgres" to address: Name or service not known

2025-09-22 13:11:13,870 - ERROR - Ошибка подключения к БД: could not translate host name "postgres" to address: Name or service not known

2025-09-22 13:11:23,894 - ERROR - Ошибка подключения к БД: could not translate host name "postgres" to address: Name or service not known

2025-09-22 13:11:33,916 - ERROR - Ошибка подключения к БД: could not translate host name "postgres" to address: Name or service not known

2025-09-22 13:11:43,938 - ERROR - Ошибка подключения к БД: could not translate host name "postgres" to address: Name or service not known

2025-09-22 13:12:46,701 - ERROR - Ошибка подключения к БД: could not translate host name "postgres" to address: Name or service not known

2025-09-22 13:12:56,729 - ERROR - Ошибка подключения к БД: could not translate host name "postgres" to address: Name or service not known

2025-09-22 13:13:06,753 - ERROR - Ошибка подключения к БД: could not translate host name "postgres" to address: Name or service not known

2025-09-22 13:13:34,189 - ERROR - Ошибка подключения к БД: could not translate host name "postgres" to address: Name or service not known

2025-09-22 13:13:44,206 - ERROR - Ошибка подключения к БД: could not translate host name "postgres" to address: Name or service not known

2025-09-22 13:13:54,231 - ERROR - Ошибка подключения к БД: could not translate host name "postgres" to address: Name or service not known

2025-09-22 13:14:04,393 - ERROR - Ошибка подключения к БД: could not translate host name "postgres" to address: Name or service not known

2025-09-22 13:14:14,495 - ERROR - Ошибка подключения к БД: could not translate host name "postgres" to address: Name or service not known

2025-09-22 13:14:24,630 - ERROR - Ошибка подключения к БД: could not translate host name "postgres" to address: Name or service not known

2025-09-22 13:14:34,593 - ERROR - Ошибка подключения к БД: could not translate host name "postgres" to address: Name or service not known

2025-09-22 13:14:44,624 - ERROR - Ошибка подключения к БД: could not translate host name "postgres" to address: Name or service not known

2025-09-22 13:14:54,658 - ERROR - Ошибка подключения к БД: could not translate host name "postgres" to address: Name or service not known

2025-09-22 13:15:04,683 - ERROR - Ошибка подключения к БД: could not translate host name "postgres" to address: Name or service not known

2025-09-22 13:15:14,705 - ERROR - Ошибка подключения к БД: could not translate host name "postgres" to address: Name or service not known

2025-09-22 13:15:24,727 - ERROR - Ошибка подключения к БД: could not translate host name "postgres" to address: Name or service not known

2025-09-22 13:15:34,760 - ERROR - Ошибка подключения к БД: could not translate host name "postgres" to address: Name or service not known

2025-09-22 13:15:44,793 - ERROR - Ошибка подключения к БД: could not translate host name "postgres" to address: Name or service not known

2025-09-22 13:15:54,814 - ERROR - Ошибка подключения к БД: could not translate host name "postgres" to address: Name or service not known

2025-09-22 13:16:04,843 - ERROR - Ошибка подключения к БД: could not translate host name "postgres" to address: Name or service not known

2025-09-22 13:16:14,867 - ERROR - Ошибка подключения к БД: could not translate host name "postgres" to address: Name or service not known

2025-09-22 13:16:24,890 - ERROR - Ошибка подключения к БД: could not translate host name "postgres" to address: Name or service not known

2025-09-22 13:16:34,920 - ERROR - Ошибка подключения к БД: could not translate host name "postgres" to address: Name or service not known

2025-09-22 13:16:44,956 - ERROR - Ошибка подключения к БД: could not translate host name "postgres" to address: Name or service not known

2025-09-22 13:16:54,979 - ERROR - Ошибка подключения к БД: could not translate host name "postgres" to address: Name or service not known

2025-09-22 13:17:05,009 - ERROR - Ошибка подключения к БД: could not translate host name "postgres" to address: Name or service not known

2025-09-22 13:17:15,024 - ERROR - Ошибка подключения к БД: could not translate host name "postgres" to address: Name or service not known

2025-09-22 13:17:25,048 - ERROR - Ошибка подключения к БД: could not translate host name "postgres" to address: Name or service not known

2025-09-22 13:17:35,080 - ERROR - Ошибка подключения к БД: could not translate host name "postgres" to address: Name or service not known

2025-09-22 13:17:45,106 - ERROR - Ошибка подключения к БД: could not translate host name "postgres" to address: Name or service not known

2025-09-22 13:17:55,130 - ERROR - Ошибка подключения к БД: could not translate host name "postgres" to address: Name or service not known

2025-09-22 13:18:05,158 - ERROR - Ошибка подключения к БД: could not translate host name "postgres" to address: Name or service not known

2025-09-22 13:18:15,180 - ERROR - Ошибка подключения к БД: could not translate host name "postgres" to address: Name or service not known

2025-09-22 13:18:25,203 - ERROR - Ошибка подключения к БД: could not translate host name "postgres" to address: Name or service not known

2025-09-22 13:18:35,228 - ERROR - Ошибка подключения к БД: could not translate host name "postgres" to address: Name or service not known

2025-09-22 13:18:45,249 - ERROR - Ошибка подключения к БД: could not translate host name "postgres" to address: Name or service not known

2025-09-22 13:18:55,271 - ERROR - Ошибка подключения к БД: could not translate host name "postgres" to address: Name or service not known

2025-09-22 13:19:05,316 - ERROR - Ошибка подключения к БД: could not translate host name "postgres" to address: Name or service not known

2025-09-22 13:19:15,349 - ERROR - Ошибка подключения к БД: could not translate host name "postgres" to address: Name or service not known

2025-09-22 13:19:25,374 - ERROR - Ошибка подключения к БД: could not translate host name "postgres" to address: Name or service not known

2025-09-22 13:19:35,408 - ERROR - Ошибка подключения к БД: could not translate host name "postgres" to address: Name or service not known

2025-09-22 13:19:45,429 - ERROR - Ошибка подключения к БД: could not translate host name "postgres" to address: Name or service not known

2025-09-22 13:19:55,452 - ERROR - Ошибка подключения к БД: could not translate host name "postgres" to address: Name or service not known

2025-09-22 13:20:05,492 - ERROR - Ошибка подключения к БД: could not translate host name "postgres" to address: Name or service not known

2025-09-22 13:20:15,506 - ERROR - Ошибка подключения к БД: could not translate host name "postgres" to address: Name or service not known

2025-09-22 13:20:25,535 - ERROR - Ошибка подключения к БД: could not translate host name "postgres" to address: Name or service not known

2025-09-22 13:20:35,568 - ERROR - Ошибка подключения к БД: could not translate host name "postgres" to address: Name or service not known

2025-09-22 13:20:45,591 - ERROR - Ошибка подключения к БД: could not translate host name "postgres" to address: Name or service not known

2025-09-22 13:20:55,617 - ERROR - Ошибка подключения к БД: could not translate host name "postgres" to address: Name or service not known

2025-09-22 13:21:05,639 - ERROR - Ошибка подключения к БД: could not translate host name "postgres" to address: Name or service not known

2025-09-22 13:21:15,649 - ERROR - Ошибка подключения к БД: could not translate host name "postgres" to address: Name or service not known

2025-09-22 13:21:25,677 - ERROR - Ошибка подключения к БД: could not translate host name "postgres" to address: Name or service not known

2025-09-22 13:21:35,718 - ERROR - Ошибка подключения к БД: could not translate host name "postgres" to address: Name or service not known

2025-09-22 13:21:45,762 - ERROR - Ошибка подключения к БД: could not translate host name "postgres" to address: Name or service not known

2025-09-22 13:21:55,777 - ERROR - Ошибка подключения к БД: could not translate host name "postgres" to address: Name or service not known

2025-09-22 13:22:05,801 - ERROR - Ошибка подключения к БД: could not translate host name "postgres" to address: Name or service not known

2025-09-22 13:22:15,820 - ERROR - Ошибка подключения к БД: could not translate host name "postgres" to address: Name or service not known

2025-09-22 13:22:25,842 - ERROR - Ошибка подключения к БД: could not translate host name "postgres" to address: Name or service not known

2025-09-22 13:22:35,877 - ERROR - Ошибка подключения к БД: could not translate host name "postgres" to address: Name or service not known

2025-09-22 13:22:45,906 - ERROR - Ошибка подключения к БД: could not translate host name "postgres" to address: Name or service not known

2025-09-22 13:22:55,929 - ERROR - Ошибка подключения к БД: could not translate host name "postgres" to address: Name or service not known

2025-09-22 13:23:05,948 - ERROR - Ошибка подключения к БД: could not translate host name "postgres" to address: Name or service not known

2025-09-22 13:23:15,973 - ERROR - Ошибка подключения к БД: could not translate host name "postgres" to address: Name or service not known

2025-09-22 13:23:25,995 - ERROR - Ошибка подключения к БД: could not translate host name "postgres" to address: Name or service not known

2025-09-22 13:23:36,021 - ERROR - Ошибка подключения к БД: could not translate host name "postgres" to address: Name or service not known

2025-09-22 13:23:46,043 - ERROR - Ошибка подключения к БД: could not translate host name "postgres" to address: Name or service not known

2025-09-22 13:23:56,067 - ERROR - Ошибка подключения к БД: could not translate host name "postgres" to address: Name or service not known

2025-09-22 13:24:06,092 - ERROR - Ошибка подключения к БД: could not translate host name "postgres" to address: Name or service not known

2025-09-22 13:24:16,114 - ERROR - Ошибка подключения к БД: could not translate host name "postgres" to address: Name or service not known

2025-09-22 13:24:26,146 - ERROR - Ошибка подключения к БД: could not translate host name "postgres" to address: Name or service not known

2025-09-22 13:24:36,170 - ERROR - Ошибка подключения к БД: could not translate host name "postgres" to address: Name or service not known

2025-09-22 13:24:46,191 - ERROR - Ошибка подключения к БД: could not translate host name "postgres" to address: Name or service not known

2025-09-22 13:24:56,214 - ERROR - Ошибка подключения к БД: could not translate host name "postgres" to address: Name or service not known

2025-09-22 13:25:06,235 - ERROR - Ошибка подключения к БД: could not translate host name "postgres" to address: Name or service not known

2025-09-22 13:25:16,262 - ERROR - Ошибка подключения к БД: could not translate host name "postgres" to address: Name or service not known

2025-09-22 13:25:26,296 - ERROR - Ошибка подключения к БД: could not translate host name "postgres" to address: Name or service not known

2025-09-22 13:25:36,315 - ERROR - Ошибка подключения к БД: could not translate host name "postgres" to address: Name or service not known

2025-09-22 13:25:46,343 - ERROR - Ошибка подключения к БД: could not translate host name "postgres" to address: Name or service not known

2025-09-22 13:25:56,362 - ERROR - Ошибка подключения к БД: could not translate host name "postgres" to address: Name or service not known

2025-09-22 13:26:06,383 - ERROR - Ошибка подключения к БД: could not translate host name "postgres" to address: Name or service not known

2025-09-22 13:26:16,402 - ERROR - Ошибка подключения к БД: could not translate host name "postgres" to address: Name or service not known

2025-09-22 13:26:26,418 - ERROR - Ошибка подключения к БД: could not translate host name "postgres" to address: Name or service not known

2025-09-22 13:26:36,442 - ERROR - Ошибка подключения к БД: could not translate host name "postgres" to address: Name or service not known

2025-09-22 13:26:46,464 - ERROR - Ошибка подключения к БД: could not translate host name "postgres" to address: Name or service not known

2025-09-22 13:26:56,487 - ERROR - Ошибка подключения к БД: could not translate host name "postgres" to address: Name or service not known

2025-09-22 13:27:06,510 - ERROR - Ошибка подключения к БД: could not translate host name "postgres" to address: Name or service not known

2025-09-22 13:27:16,542 - ERROR - Ошибка подключения к БД: could not translate host name "postgres" to address: Name or service not known

2025-09-22 13:27:26,559 - ERROR - Ошибка подключения к БД: could not translate host name "postgres" to address: Name or service not known

2025-09-22 13:27:36,579 - ERROR - Ошибка подключения к БД: could not translate host name "postgres" to address: Name or service not known

2025-09-22 13:27:46,607 - ERROR - Ошибка подключения к БД: could not translate host name "postgres" to address: Name or service not known

2025-09-22 13:27:56,633 - ERROR - Ошибка подключения к БД: could not translate host name "postgres" to address: Name or service not known

2025-09-22 13:28:06,657 - ERROR - Ошибка подключения к БД: could not translate host name "postgres" to address: Name or service not known

2025-09-22 13:28:16,679 - ERROR - Ошибка подключения к БД: could not translate host name "postgres" to address: Name or service not known

2025-09-22 13:28:26,710 - ERROR - Ошибка подключения к БД: could not translate host name "postgres" to address: Name or service not known

2025-09-22 13:28:36,733 - ERROR - Ошибка подключения к БД: could not translate host name "postgres" to address: Name or service not known

2025-09-22 13:28:46,761 - ERROR - Ошибка подключения к БД: could not translate host name "postgres" to address: Name or service not known

2025-09-22 13:28:56,799 - ERROR - Ошибка подключения к БД: could not translate host name "postgres" to address: Name or service not known

2025-09-22 13:29:06,999 - ERROR - Ошибка подключения к БД: could not translate host name "postgres" to address: Name or service not known

2025-09-22 13:29:17,073 - ERROR - Ошибка подключения к БД: could not translate host name "postgres" to address: Name or service not known

2025-09-22 14:44:18,741 - ERROR - Ошибка подключения к БД: could not translate host name "postgres" to address: Name or service not known

2025-09-22 14:44:28,833 - ERROR - Ошибка подключения к БД: could not translate host name "postgres" to address: Name or service not known

2025-09-22 14:44:38,858 - ERROR - Ошибка подключения к БД: could not translate host name "postgres" to address: Name or service not known

2025-09-22 14:44:48,886 - ERROR - Ошибка подключения к БД: could not translate host name "postgres" to address: Name or service not known

2025-09-22 14:44:58,921 - ERROR - Ошибка подключения к БД: could not translate host name "postgres" to address: Name or service not known

2025-09-22 14:45:08,954 - ERROR - Ошибка подключения к БД: could not translate host name "postgres" to address: Name or service not known

2025-09-22 14:45:18,987 - ERROR - Ошибка подключения к БД: could not translate host name "postgres" to address: Name or service not known

2025-09-22 14:45:29,009 - ERROR - Ошибка подключения к БД: could not translate host name "postgres" to address: Name or service not known

2025-09-22 14:45:39,030 - ERROR - Ошибка подключения к БД: could not translate host name "postgres" to address: Name or service not known

2025-09-22 14:45:49,053 - ERROR - Ошибка подключения к БД: could not translate host name "postgres" to address: Name or service not known

2025-09-22 14:45:59,074 - ERROR - Ошибка подключения к БД: could not translate host name "postgres" to address: Name or service not known

2025-09-22 14:46:09,116 - ERROR - Ошибка подключения к БД: could not translate host name "postgres" to address: Name or service not known

2025-09-22 14:46:19,134 - ERROR - Ошибка подключения к БД: could not translate host name "postgres" to address: Name or service not known

2025-09-22 14:46:29,161 - ERROR - Ошибка подключения к БД: could not translate host name "postgres" to address: Name or service not known

2025-09-22 14:46:39,183 - ERROR - Ошибка подключения к БД: could not translate host name "postgres" to address: Name or service not known

2025-09-22 14:46:49,208 - ERROR - Ошибка подключения к БД: could not translate host name "postgres" to address: Name or service not known

2025-09-22 14:46:59,235 - ERROR - Ошибка подключения к БД: could not translate host name "postgres" to address: Name or service not known

2025-09-22 14:47:09,262 - ERROR - Ошибка подключения к БД: could not translate host name "postgres" to address: Name or service not known

2025-09-22 14:47:19,286 - ERROR - Ошибка подключения к БД: could not translate host name "postgres" to address: Name or service not known

2025-09-22 14:47:29,307 - ERROR - Ошибка подключения к БД: could not translate host name "postgres" to address: Name or service not known

2025-09-22 14:47:39,332 - ERROR - Ошибка подключения к БД: could not translate host name "postgres" to address: Name or service not known

2025-09-22 14:47:49,353 - ERROR - Ошибка подключения к БД: could not translate host name "postgres" to address: Name or service not known

2025-09-22 14:47:59,378 - ERROR - Ошибка подключения к БД: could not translate host name "postgres" to address: Name or service not known

2025-09-22 14:48:09,406 - ERROR - Ошибка подключения к БД: could not translate host name "postgres" to address: Name or service not known

2025-09-22 14:48:19,425 - ERROR - Ошибка подключения к БД: could not translate host name "postgres" to address: Name or service not known

2025-09-22 14:48:29,449 - ERROR - Ошибка подключения к БД: could not translate host name "postgres" to address: Name or service not known

2025-09-22 14:48:39,471 - ERROR - Ошибка подключения к БД: could not translate host name "postgres" to address: Name or service not known

2025-09-22 14:48:49,489 - ERROR - Ошибка подключения к БД: could not translate host name "postgres" to address: Name or service not known

2025-09-22 14:48:59,520 - ERROR - Ошибка подключения к БД: could not translate host name "postgres" to address: Name or service not known

2025-09-22 14:49:09,536 - ERROR - Ошибка подключения к БД: could not translate host name "postgres" to address: Name or service not known

2025-09-22 14:49:19,553 - ERROR - Ошибка подключения к БД: could not translate host name "postgres" to address: Name or service not known

2025-09-22 14:49:29,585 - ERROR - Ошибка подключения к БД: could not translate host name "postgres" to address: Name or service not known

2025-09-22 14:49:39,604 - ERROR - Ошибка подключения к БД: could not translate host name "postgres" to address: Name or service not known

2025-09-22 14:49:49,626 - ERROR - Ошибка подключения к БД: could not translate host name "postgres" to address: Name or service not known

2025-09-22 14:49:59,677 - ERROR - Ошибка подключения к БД: could not translate host name "postgres" to address: Name or service not known

2025-09-22 14:50:09,709 - ERROR - Ошибка подключения к БД: could not translate host name "postgres" to address: Name or service not known

2025-09-22 14:50:19,747 - ERROR - Ошибка подключения к БД: could not translate host name "postgres" to address: Name or service not known

2025-09-22 14:50:29,773 - ERROR - Ошибка подключения к БД: could not translate host name "postgres" to address: Name or service not known

2025-09-22 14:50:39,794 - ERROR - Ошибка подключения к БД: could not translate host name "postgres" to address: Name or service not known

2025-09-22 14:50:49,818 - ERROR - Ошибка подключения к БД: could not translate host name "postgres" to address: Name or service not known

2025-09-22 14:50:59,852 - ERROR - Ошибка подключения к БД: could not translate host name "postgres" to address: Name or service not known

2025-09-22 14:51:09,900 - ERROR - Ошибка подключения к БД: could not translate host name "postgres" to address: Name or service not known

2025-09-22 14:51:19,927 - ERROR - Ошибка подключения к БД: could not translate host name "postgres" to address: Name or service not known

2025-09-22 14:51:29,952 - ERROR - Ошибка подключения к БД: could not translate host name "postgres" to address: Name or service not known

2025-09-22 14:51:39,975 - ERROR - Ошибка подключения к БД: could not translate host name "postgres" to address: Name or service not known

2025-09-22 14:51:50,009 - ERROR - Ошибка подключения к БД: could not translate host name "postgres" to address: Name or service not known

2025-09-22 14:52:00,045 - ERROR - Ошибка подключения к БД: could not translate host name "postgres" to address: Name or service not known

2025-09-22 14:52:10,064 - ERROR - Ошибка подключения к БД: could not translate host name "postgres" to address: Name or service not known

2025-09-22 14:52:20,087 - ERROR - Ошибка подключения к БД: could not translate host name "postgres" to address: Name or service not known

2025-09-22 14:52:30,111 - ERROR - Ошибка подключения к БД: could not translate host name "postgres" to address: Name or service not known

2025-09-22 14:52:40,128 - ERROR - Ошибка подключения к БД: could not translate host name "postgres" to address: Name or service not known

2025-09-22 14:52:50,163 - ERROR - Ошибка подключения к БД: could not translate host name "postgres" to address: Name or service not known

2025-09-22 14:53:00,204 - ERROR - Ошибка подключения к БД: could not translate host name "postgres" to address: Name or service not known

2025-09-22 14:53:10,226 - ERROR - Ошибка подключения к БД: could not translate host name "postgres" to address: Name or service not known

2025-09-22 14:53:20,257 - ERROR - Ошибка подключения к БД: could not translate host name "postgres" to address: Name or service not known

2025-09-22 14:53:30,281 - ERROR - Ошибка подключения к БД: could not translate host name "postgres" to address: Name or service not known

2025-09-22 14:53:40,299 - ERROR - Ошибка подключения к БД: could not translate host name "postgres" to address: Name or service not known

2025-09-22 14:53:50,326 - ERROR - Ошибка подключения к БД: could not translate host name "postgres" to address: Name or service not known

2025-09-22 14:54:00,357 - ERROR - Ошибка подключения к БД: could not translate host name "postgres" to address: Name or service not known

2025-09-22 14:54:10,378 - ERROR - Ошибка подключения к БД: could not translate host name "postgres" to address: Name or service not known

2025-09-22 14:54:20,396 - ERROR - Ошибка подключения к БД: could not translate host name "postgres" to address: Name or service not known

2025-09-22 14:54:30,419 - ERROR - Ошибка подключения к БД: could not translate host name "postgres" to address: Name or service not known

2025-09-22 14:54:40,442 - ERROR - Ошибка подключения к БД: could not translate host name "postgres" to address: Name or service not known

2025-09-22 14:54:50,479 - ERROR - Ошибка подключения к БД: could not translate host name "postgres" to address: Name or service not known

2025-09-22 14:55:00,503 - ERROR - Ошибка подключения к БД: could not translate host name "postgres" to address: Name or service not known

2025-09-22 14:55:10,526 - ERROR - Ошибка подключения к БД: could not translate host name "postgres" to address: Name or service not known

2025-09-22 14:55:20,545 - ERROR - Ошибка подключения к БД: could not translate host name "postgres" to address: Name or service not known

2025-09-22 14:55:30,562 - ERROR - Ошибка подключения к БД: could not translate host name "postgres" to address: Name or service not known

2025-09-22 14:55:40,578 - ERROR - Ошибка подключения к БД: could not translate host name "postgres" to address: Name or service not known

2025-09-22 14:55:50,599 - ERROR - Ошибка подключения к БД: could not translate host name "postgres" to address: Name or service not known

2025-09-22 14:56:00,633 - ERROR - Ошибка подключения к БД: could not translate host name "postgres" to address: Name or service not known

2025-09-22 14:56:10,692 - ERROR - Ошибка подключения к БД: could not translate host name "postgres" to address: Name or service not known

2025-09-22 14:56:20,717 - ERROR - Ошибка подключения к БД: could not translate host name "postgres" to address: Name or service not known

2025-09-22 14:56:30,734 - ERROR - Ошибка подключения к БД: could not translate host name "postgres" to address: Name or service not known

2025-09-22 14:56:40,753 - ERROR - Ошибка подключения к БД: could not translate host name "postgres" to address: Name or service not known

2025-09-22 14:56:50,775 - ERROR - Ошибка подключения к БД: could not translate host name "postgres" to address: Name or service not known

2025-09-22 14:57:00,791 - ERROR - Ошибка подключения к БД: could not translate host name "postgres" to address: Name or service not known

2025-09-22 14:57:10,815 - ERROR - Ошибка подключения к БД: could not translate host name "postgres" to address: Name or service not known

2025-09-22 14:57:20,828 - ERROR - Ошибка подключения к БД: could not translate host name "postgres" to address: Name or service not known

2025-09-22 14:57:30,845 - ERROR - Ошибка подключения к БД: could not translate host name "postgres" to address: Name or service not known

2025-09-22 14:57:40,867 - ERROR - Ошибка подключения к БД: could not translate host name "postgres" to address: Name or service not known

2025-09-22 14:57:50,893 - ERROR - Ошибка подключения к БД: could not translate host name "postgres" to address: Name or service not known

2025-09-22 14:58:00,910 - ERROR - Ошибка подключения к БД: could not translate host name "postgres" to address: Name or service not known

2025-09-22 14:58:10,932 - ERROR - Ошибка подключения к БД: could not translate host name "postgres" to address: Name or service not known

2025-09-22 14:58:20,954 - ERROR - Ошибка подключения к БД: could not translate host name "postgres" to address: Name or service not known

2025-09-22 14:58:30,972 - ERROR - Ошибка подключения к БД: could not translate host name "postgres" to address: Name or service not known

2025-09-22 14:58:40,992 - ERROR - Ошибка подключения к БД: could not translate host name "postgres" to address: Name or service not known

2025-09-22 14:58:51,016 - ERROR - Ошибка подключения к БД: could not translate host name "postgres" to address: Name or service not known

2025-09-22 14:59:01,033 - ERROR - Ошибка подключения к БД: could not translate host name "postgres" to address: Name or service not known

2025-09-22 14:59:11,053 - ERROR - Ошибка подключения к БД: could not translate host name "postgres" to address: Name or service not known

2025-09-22 14:59:21,072 - ERROR - Ошибка подключения к БД: could not translate host name "postgres" to address: Name or service not known

2025-09-22 14:59:31,097 - ERROR - Ошибка подключения к БД: could not translate host name "postgres" to address: Name or service not known

2025-09-22 14:59:41,117 - ERROR - Ошибка подключения к БД: could not translate host name "postgres" to address: Name or service not known

2025-09-22 14:59:51,142 - ERROR - Ошибка подключения к БД: could not translate host name "postgres" to address: Name or service not known

2025-09-22 15:00:01,162 - ERROR - Ошибка подключения к БД: could not translate host name "postgres" to address: Name or service not known

2025-09-22 15:00:11,187 - ERROR - Ошибка подключения к БД: could not translate host name "postgres" to address: Name or service not known

2025-09-22 15:00:21,207 - ERROR - Ошибка подключения к БД: could not translate host name "postgres" to address: Name or service not known

2025-09-22 15:00:31,227 - ERROR - Ошибка подключения к БД: could not translate host name "postgres" to address: Name or service not known

2025-09-22 15:00:41,261 - ERROR - Ошибка подключения к БД: could not translate host name "postgres" to address: Name or service not known

2025-09-22 15:00:51,294 - ERROR - Ошибка подключения к БД: could not translate host name "postgres" to address: Name or service not known

2025-09-22 15:01:01,317 - ERROR - Ошибка подключения к БД: could not translate host name "postgres" to address: Name or service not known

2025-09-22 15:01:11,342 - ERROR - Ошибка подключения к БД: could not translate host name "postgres" to address: Name or service not known

2025-09-22 15:01:21,364 - ERROR - Ошибка подключения к БД: could not translate host name "postgres" to address: Name or service not known

2025-09-22 15:01:31,393 - ERROR - Ошибка подключения к БД: could not translate host name "postgres" to address: Name or service not known

2025-09-22 15:01:41,419 - ERROR - Ошибка подключения к БД: could not translate host name "postgres" to address: Name or service not known

2025-09-22 15:01:51,450 - ERROR - Ошибка подключения к БД: could not translate host name "postgres" to address: Name or service not known

2025-09-22 15:02:01,471 - ERROR - Ошибка подключения к БД: could not translate host name "postgres" to address: Name or service not known

2025-09-22 15:02:11,501 - ERROR - Ошибка подключения к БД: could not translate host name "postgres" to address: Name or service not known

2025-09-22 15:02:21,514 - ERROR - Ошибка подключения к БД: could not translate host name "postgres" to address: Name or service not known

2025-09-22 15:02:31,543 - ERROR - Ошибка подключения к БД: could not translate host name "postgres" to address: Name or service not known

2025-09-22 15:02:41,563 - ERROR - Ошибка подключения к БД: could not translate host name "postgres" to address: Name or service not known

2025-09-22 15:02:51,582 - ERROR - Ошибка подключения к БД: could not translate host name "postgres" to address: Name or service not known

2025-09-22 15:03:01,619 - ERROR - Ошибка подключения к БД: could not translate host name "postgres" to address: Name or service not known

2025-09-22 15:03:11,645 - ERROR - Ошибка подключения к БД: could not translate host name "postgres" to address: Name or service not known

2025-09-22 15:03:21,666 - ERROR - Ошибка подключения к БД: could not translate host name "postgres" to address: Name or service not known

2025-09-22 15:03:31,687 - ERROR - Ошибка подключения к БД: could not translate host name "postgres" to address: Name or service not known

2025-09-22 15:03:41,718 - ERROR - Ошибка подключения к БД: could not translate host name "postgres" to address: Name or service not known

2025-09-22 15:03:51,751 - ERROR - Ошибка подключения к БД: could not translate host name "postgres" to address: Name or service not known

2025-09-22 15:04:01,776 - ERROR - Ошибка подключения к БД: could not translate host name "postgres" to address: Name or service not known

2025-09-22 15:04:11,799 - ERROR - Ошибка подключения к БД: could not translate host name "postgres" to address: Name or service not known

2025-09-22 15:04:21,824 - ERROR - Ошибка подключения к БД: could not translate host name "postgres" to address: Name or service not known

2025-09-22 15:04:31,842 - ERROR - Ошибка подключения к БД: could not translate host name "postgres" to address: Name or service not known

2025-09-22 15:04:41,878 - ERROR - Ошибка подключения к БД: could not translate host name "postgres" to address: Name or service not known

2025-09-22 15:04:51,902 - ERROR - Ошибка подключения к БД: could not translate host name "postgres" to address: Name or service not known

2025-09-22 15:05:01,925 - ERROR - Ошибка подключения к БД: could not translate host name "postgres" to address: Name or service not known

2025-09-22 15:05:11,949 - ERROR - Ошибка подключения к БД: could not translate host name "postgres" to address: Name or service not known

2025-09-22 15:05:21,971 - ERROR - Ошибка подключения к БД: could not translate host name "postgres" to address: Name or service not known

2025-09-22 15:05:32,000 - ERROR - Ошибка подключения к БД: could not translate host name "postgres" to address: Name or service not known

2025-09-22 15:05:42,041 - ERROR - Ошибка подключения к БД: could not translate host name "postgres" to address: Name or service not known

2025-09-22 15:05:52,071 - ERROR - Ошибка подключения к БД: could not translate host name "postgres" to address: Name or service not known

2025-09-22 15:06:02,094 - ERROR - Ошибка подключения к БД: could not translate host name "postgres" to address: Name or service not known

2025-09-22 15:06:12,114 - ERROR - Ошибка подключения к БД: could not translate host name "postgres" to address: Name or service not known

2025-09-22 15:06:22,131 - ERROR - Ошибка подключения к БД: could not translate host name "postgres" to address: Name or service not known

2025-09-22 15:06:32,152 - ERROR - Ошибка подключения к БД: could not translate host name "postgres" to address: Name or service not known

2025-09-22 15:06:42,175 - ERROR - Ошибка подключения к БД: could not translate host name "postgres" to address: Name or service not known

2025-09-22 15:06:52,185 - ERROR - Ошибка подключения к БД: could not translate host name "postgres" to address: Name or service not known

2025-09-22 15:07:02,211 - ERROR - Ошибка подключения к БД: could not translate host name "postgres" to address: Name or service not known

2025-09-22 15:07:12,235 - ERROR - Ошибка подключения к БД: could not translate host name "postgres" to address: Name or service not known

2025-09-22 15:07:22,258 - ERROR - Ошибка подключения к БД: could not translate host name "postgres" to address: Name or service not known

2025-09-22 15:07:32,289 - ERROR - Ошибка подключения к БД: could not translate host name "postgres" to address: Name or service not known

2025-09-22 15:07:42,308 - ERROR - Ошибка подключения к БД: could not translate host name "postgres" to address: Name or service not known

2025-09-22 15:07:52,314 - ERROR - Ошибка подключения к БД: could not translate host name "postgres" to address: Name or service not known

2025-09-22 15:08:02,332 - ERROR - Ошибка подключения к БД: could not translate host name "postgres" to address: Name or service not known

2025-09-22 15:08:12,359 - ERROR - Ошибка подключения к БД: could not translate host name "postgres" to address: Name or service not known

2025-09-22 15:08:22,372 - ERROR - Ошибка подключения к БД: could not translate host name "postgres" to address: Name or service not known

2025-09-22 15:08:32,416 - ERROR - Ошибка подключения к БД: could not translate host name "postgres" to address: Name or service not known

2025-09-22 15:08:42,433 - ERROR - Ошибка подключения к БД: could not translate host name "postgres" to address: Name or service not known

2025-09-22 15:08:52,451 - ERROR - Ошибка подключения к БД: could not translate host name "postgres" to address: Name or service not known

2025-09-22 15:09:02,468 - ERROR - Ошибка подключения к БД: could not translate host name "postgres" to address: Name or service not known

2025-09-22 15:09:12,500 - ERROR - Ошибка подключения к БД: could not translate host name "postgres" to address: Name or service not known

2025-09-22 15:09:22,519 - ERROR - Ошибка подключения к БД: could not translate host name "postgres" to address: Name or service not known

2025-09-22 15:09:32,536 - ERROR - Ошибка подключения к БД: could not translate host name "postgres" to address: Name or service not known

2025-09-22 15:09:42,572 - ERROR - Ошибка подключения к БД: could not translate host name "postgres" to address: Name or service not known

2025-09-22 15:09:52,605 - ERROR - Ошибка подключения к БД: could not translate host name "postgres" to address: Name or service not known

2025-09-22 15:10:02,632 - ERROR - Ошибка подключения к БД: could not translate host name "postgres" to address: Name or service not known

2025-09-22 15:10:12,667 - ERROR - Ошибка подключения к БД: could not translate host name "postgres" to address: Name or service not known

2025-09-22 15:10:22,690 - ERROR - Ошибка подключения к БД: could not translate host name "postgres" to address: Name or service not known

2025-09-22 15:10:32,746 - ERROR - Ошибка подключения к БД: could not translate host name "postgres" to address: Name or service not known

2025-09-22 15:10:42,773 - ERROR - Ошибка подключения к БД: could not translate host name "postgres" to address: Name or service not known

2025-09-22 15:10:52,793 - ERROR - Ошибка подключения к БД: could not translate host name "postgres" to address: Name or service not known

2025-09-22 15:11:02,814 - ERROR - Ошибка подключения к БД: could not translate host name "postgres" to address: Name or service not known

2025-09-22 15:11:12,840 - ERROR - Ошибка подключения к БД: could not translate host name "postgres" to address: Name or service not known

2025-09-22 15:11:22,858 - ERROR - Ошибка подключения к БД: could not translate host name "postgres" to address: Name or service not known

2025-09-22 15:11:32,887 - ERROR - Ошибка подключения к БД: could not translate host name "postgres" to address: Name or service not known

2025-09-22 15:11:42,926 - ERROR - Ошибка подключения к БД: could not translate host name "postgres" to address: Name or service not known

2025-09-22 15:11:52,949 - ERROR - Ошибка подключения к БД: could not translate host name "postgres" to address: Name or service not known

2025-09-22 15:12:02,972 - ERROR - Ошибка подключения к БД: could not translate host name "postgres" to address: Name or service not known

2025-09-22 15:12:12,998 - ERROR - Ошибка подключения к БД: could not translate host name "postgres" to address: Name or service not known

2025-09-22 15:12:23,042 - ERROR - Ошибка подключения к БД: could not translate host name "postgres" to address: Name or service not known

2025-09-22 15:12:33,074 - ERROR - Ошибка подключения к БД: could not translate host name "postgres" to address: Name or service not known

2025-09-22 15:12:43,106 - ERROR - Ошибка подключения к БД: could not translate host name "postgres" to address: Name or service not known

2025-09-22 15:12:53,128 - ERROR - Ошибка подключения к БД: could not translate host name "postgres" to address: Name or service not known

2025-09-22 15:13:03,147 - ERROR - Ошибка подключения к БД: could not translate host name "postgres" to address: Name or service not known

2025-09-22 15:13:13,174 - ERROR - Ошибка подключения к БД: could not translate host name "postgres" to address: Name or service not known

2025-09-22 15:13:23,201 - ERROR - Ошибка подключения к БД: could not translate host name "postgres" to address: Name or service not known

2025-09-22 15:13:33,225 - ERROR - Ошибка подключения к БД: could not translate host name "postgres" to address: Name or service not known

2025-09-22 15:13:43,257 - ERROR - Ошибка подключения к БД: could not translate host name "postgres" to address: Name or service not known

2025-09-22 15:13:53,277 - ERROR - Ошибка подключения к БД: could not translate host name "postgres" to address: Name or service not known

2025-09-22 15:14:03,298 - ERROR - Ошибка подключения к БД: could not translate host name "postgres" to address: Name or service not known

2025-09-22 15:14:13,327 - ERROR - Ошибка подключения к БД: could not translate host name "postgres" to address: Name or service not known

2025-09-22 15:14:23,350 - ERROR - Ошибка подключения к БД: could not translate host name "postgres" to address: Name or service not known

2025-09-22 15:14:33,383 - ERROR - Ошибка подключения к БД: could not translate host name "postgres" to address: Name or service not known

2025-09-22 15:14:43,413 - ERROR - Ошибка подключения к БД: could not translate host name "postgres" to address: Name or service not known

2025-09-22 15:14:53,438 - ERROR - Ошибка подключения к БД: could not translate host name "postgres" to address: Name or service not known

2025-09-22 15:15:03,464 - ERROR - Ошибка подключения к БД: could not translate host name "postgres" to address: Name or service not known

2025-09-22 15:15:13,484 - ERROR - Ошибка подключения к БД: could not translate host name "postgres" to address: Name or service not known

2025-09-22 15:15:23,503 - ERROR - Ошибка подключения к БД: could not translate host name "postgres" to address: Name or service not known

2025-09-22 15:15:33,522 - ERROR - Ошибка подключения к БД: could not translate host name "postgres" to address: Name or service not known

2025-09-22 15:15:43,544 - ERROR - Ошибка подключения к БД: could not translate host name "postgres" to address: Name or service not known

2025-09-22 15:15:53,566 - ERROR - Ошибка подключения к БД: could not translate host name "postgres" to address: Name or service not known

2025-09-22 15:16:03,588 - ERROR - Ошибка подключения к БД: could not translate host name "postgres" to address: Name or service not known

2025-09-22 15:16:13,615 - ERROR - Ошибка подключения к БД: could not translate host name "postgres" to address: Name or service not known

2025-09-22 15:16:23,637 - ERROR - Ошибка подключения к БД: could not translate host name "postgres" to address: Name or service not known

2025-09-22 15:16:33,661 - ERROR - Ошибка подключения к БД: could not translate host name "postgres" to address: Name or service not known

2025-09-22 15:16:43,684 - ERROR - Ошибка подключения к БД: could not translate host name "postgres" to address: Name or service not known

2025-09-22 15:16:53,704 - ERROR - Ошибка подключения к БД: could not translate host name "postgres" to address: Name or service not known

2025-09-22 15:17:03,725 - ERROR - Ошибка подключения к БД: could not translate host name "postgres" to address: Name or service not known

2025-09-22 15:17:13,748 - ERROR - Ошибка подключения к БД: could not translate host name "postgres" to address: Name or service not known

2025-09-22 15:17:23,767 - ERROR - Ошибка подключения к БД: could not translate host name "postgres" to address: Name or service not known

2025-09-22 15:17:33,791 - ERROR - Ошибка подключения к БД: could not translate host name "postgres" to address: Name or service not known

2025-09-22 15:17:43,810 - ERROR - Ошибка подключения к БД: could not translate host name "postgres" to address: Name or service not known

2025-09-22 15:17:53,821 - ERROR - Ошибка подключения к БД: could not translate host name "postgres" to address: Name or service not known

2025-09-22 15:18:03,848 - ERROR - Ошибка подключения к БД: could not translate host name "postgres" to address: Name or service not known

2025-09-22 15:18:13,873 - ERROR - Ошибка подключения к БД: could not translate host name "postgres" to address: Name or service not known

2025-09-22 15:18:23,909 - ERROR - Ошибка подключения к БД: could not translate host name "postgres" to address: Name or service not known

2025-09-22 15:18:33,947 - ERROR - Ошибка подключения к БД: could not translate host name "postgres" to address: Name or service not known

2025-09-22 15:18:43,975 - ERROR - Ошибка подключения к БД: could not translate host name "postgres" to address: Name or service not known

2025-09-22 15:18:54,000 - ERROR - Ошибка подключения к БД: could not translate host name "postgres" to address: Name or service not known

2025-09-22 15:19:04,024 - ERROR - Ошибка подключения к БД: could not translate host name "postgres" to address: Name or service not known

2025-09-22 15:19:14,049 - ERROR - Ошибка подключения к БД: could not translate host name "postgres" to address: Name or service not known

2025-09-22 15:19:24,086 - ERROR - Ошибка подключения к БД: could not translate host name "postgres" to address: Name or service not known

2025-09-22 15:19:34,112 - ERROR - Ошибка подключения к БД: could not translate host name "postgres" to address: Name or service not known

2025-09-22 15:19:44,129 - ERROR - Ошибка подключения к БД: could not translate host name "postgres" to address: Name or service not known

2025-09-22 15:19:54,149 - ERROR - Ошибка подключения к БД: could not translate host name "postgres" to address: Name or service not known

2025-09-22 15:20:04,174 - ERROR - Ошибка подключения к БД: could not translate host name "postgres" to address: Name or service not known

2025-09-22 15:20:14,204 - ERROR - Ошибка подключения к БД: could not translate host name "postgres" to address: Name or service not known

2025-09-22 15:20:24,234 - ERROR - Ошибка подключения к БД: could not translate host name "postgres" to address: Name or service not known

2025-09-22 15:20:34,274 - ERROR - Ошибка подключения к БД: could not translate host name "postgres" to address: Name or service not known

2025-09-22 15:20:44,295 - ERROR - Ошибка подключения к БД: could not translate host name "postgres" to address: Name or service not known

2025-09-22 15:20:54,316 - ERROR - Ошибка подключения к БД: could not translate host name "postgres" to address: Name or service not known

2025-09-22 15:21:04,347 - ERROR - Ошибка подключения к БД: could not translate host name "postgres" to address: Name or service not known

2025-09-22 15:21:14,366 - ERROR - Ошибка подключения к БД: could not translate host name "postgres" to address: Name or service not known

2025-09-22 15:21:24,385 - ERROR - Ошибка подключения к БД: could not translate host name "postgres" to address: Name or service not known

2025-09-22 15:21:34,415 - ERROR - Ошибка подключения к БД: could not translate host name "postgres" to address: Name or service not known

2025-09-22 15:21:44,436 - ERROR - Ошибка подключения к БД: could not translate host name "postgres" to address: Name or service not known

2025-09-22 15:21:54,457 - ERROR - Ошибка подключения к БД: could not translate host name "postgres" to address: Name or service not known

2025-09-22 15:22:04,485 - ERROR - Ошибка подключения к БД: could not translate host name "postgres" to address: Name or service not known

2025-09-22 15:22:14,514 - ERROR - Ошибка подключения к БД: could not translate host name "postgres" to address: Name or service not known

2025-09-22 15:22:24,545 - ERROR - Ошибка подключения к БД: could not translate host name "postgres" to address: Name or service not known

2025-09-22 15:22:34,579 - ERROR - Ошибка подключения к БД: could not translate host name "postgres" to address: Name or service not known

2025-09-22 15:22:44,607 - ERROR - Ошибка подключения к БД: could not translate host name "postgres" to address: Name or service not known

2025-09-22 15:22:54,630 - ERROR - Ошибка подключения к БД: could not translate host name "postgres" to address: Name or service not known

2025-09-22 15:23:04,652 - ERROR - Ошибка подключения к БД: could not translate host name "postgres" to address: Name or service not known

2025-09-22 15:23:14,684 - ERROR - Ошибка подключения к БД: could not translate host name "postgres" to address: Name or service not known

2025-09-22 15:23:24,654 - ERROR - Ошибка подключения к БД: could not translate host name "postgres" to address: Name or service not known

2025-09-22 15:23:34,678 - ERROR - Ошибка подключения к БД: could not translate host name "postgres" to address: Name or service not known

2025-09-22 15:23:44,698 - ERROR - Ошибка подключения к БД: could not translate host name "postgres" to address: Name or service not known

2025-09-22 15:23:54,723 - ERROR - Ошибка подключения к БД: could not translate host name "postgres" to address: Name or service not known

2025-09-22 15:24:04,746 - ERROR - Ошибка подключения к БД: could not translate host name "postgres" to address: Name or service not known

2025-09-22 15:24:14,776 - ERROR - Ошибка подключения к БД: could not translate host name "postgres" to address: Name or service not known

2025-09-22 15:24:24,794 - ERROR - Ошибка подключения к БД: could not translate host name "postgres" to address: Name or service not known

2025-09-22 15:24:34,815 - ERROR - Ошибка подключения к БД: could not translate host name "postgres" to address: Name or service not known

2025-09-22 15:24:44,840 - ERROR - Ошибка подключения к БД: could not translate host name "postgres" to address: Name or service not known

2025-09-22 15:24:54,863 - ERROR - Ошибка подключения к БД: could not translate host name "postgres" to address: Name or service not known

2025-09-22 15:25:04,887 - ERROR - Ошибка подключения к БД: could not translate host name "postgres" to address: Name or service not known

2025-09-22 15:25:14,902 - ERROR - Ошибка подключения к БД: could not translate host name "postgres" to address: Name or service not known

2025-09-22 15:25:24,925 - ERROR - Ошибка подключения к БД: could not translate host name "postgres" to address: Name or service not known

2025-09-22 15:25:34,948 - ERROR - Ошибка подключения к БД: could not translate host name "postgres" to address: Name or service not known

2025-09-22 15:25:44,968 - ERROR - Ошибка подключения к БД: could not translate host name "postgres" to address: Name or service not known

2025-09-22 15:25:54,991 - ERROR - Ошибка подключения к БД: could not translate host name "postgres" to address: Name or service not known

2025-09-22 15:26:05,014 - ERROR - Ошибка подключения к БД: could not translate host name "postgres" to address: Name or service not known

2025-09-22 15:26:15,044 - ERROR - Ошибка подключения к БД: could not translate host name "postgres" to address: Name or service not known

2025-09-22 15:26:25,056 - ERROR - Ошибка подключения к БД: could not translate host name "postgres" to address: Name or service not known

2025-09-22 15:26:35,078 - ERROR - Ошибка подключения к БД: could not translate host name "postgres" to address: Name or service not known

2025-09-22 15:26:45,099 - ERROR - Ошибка подключения к БД: could not translate host name "postgres" to address: Name or service not known

2025-09-22 15:26:55,120 - ERROR - Ошибка подключения к БД: could not translate host name "postgres" to address: Name or service not known

2025-09-22 15:27:05,138 - ERROR - Ошибка подключения к БД: could not translate host name "postgres" to address: Name or service not known

2025-09-22 15:27:15,167 - ERROR - Ошибка подключения к БД: could not translate host name "postgres" to address: Name or service not known

2025-09-22 15:27:25,179 - ERROR - Ошибка подключения к БД: could not translate host name "postgres" to address: Name or service not known

2025-09-22 15:27:35,204 - ERROR - Ошибка подключения к БД: could not translate host name "postgres" to address: Name or service not known

2025-09-22 15:27:45,225 - ERROR - Ошибка подключения к БД: could not translate host name "postgres" to address: Name or service not known

2025-09-22 15:27:55,247 - ERROR - Ошибка подключения к БД: could not translate host name "postgres" to address: Name or service not known

2025-09-22 15:28:05,275 - ERROR - Ошибка подключения к БД: could not translate host name "postgres" to address: Name or service not known

2025-09-22 15:28:15,299 - ERROR - Ошибка подключения к БД: could not translate host name "postgres" to address: Name or service not known

2025-09-22 15:28:25,325 - ERROR - Ошибка подключения к БД: could not translate host name "postgres" to address: Name or service not known

2025-09-22 15:28:35,347 - ERROR - Ошибка подключения к БД: could not translate host name "postgres" to address: Name or service not known

2025-09-22 15:28:45,375 - ERROR - Ошибка подключения к БД: could not translate host name "postgres" to address: Name or service not known

2025-09-22 15:28:55,398 - ERROR - Ошибка подключения к БД: could not translate host name "postgres" to address: Name or service not known

2025-09-22 15:29:05,425 - ERROR - Ошибка подключения к БД: could not translate host name "postgres" to address: Name or service not known

2025-09-22 15:29:15,449 - ERROR - Ошибка подключения к БД: could not translate host name "postgres" to address: Name or service not known

2025-09-22 15:29:25,473 - ERROR - Ошибка подключения к БД: could not translate host name "postgres" to address: Name or service not known

2025-09-22 15:29:35,496 - ERROR - Ошибка подключения к БД: could not translate host name "postgres" to address: Name or service not known

2025-09-22 15:29:45,518 - ERROR - Ошибка подключения к БД: could not translate host name "postgres" to address: Name or service not known

2025-09-22 15:29:55,551 - ERROR - Ошибка подключения к БД: could not translate host name "postgres" to address: Name or service not known

2025-09-22 15:30:05,574 - ERROR - Ошибка подключения к БД: could not translate host name "postgres" to address: Name or service not known

2025-09-22 15:30:15,605 - ERROR - Ошибка подключения к БД: could not translate host name "postgres" to address: Name or service not known

2025-09-22 15:30:25,626 - ERROR - Ошибка подключения к БД: could not translate host name "postgres" to address: Name or service not known

2025-09-22 15:30:35,650 - ERROR - Ошибка подключения к БД: could not translate host name "postgres" to address: Name or service not known

2025-09-22 15:30:45,674 - ERROR - Ошибка подключения к БД: could not translate host name "postgres" to address: Name or service not known

2025-09-22 15:30:55,697 - ERROR - Ошибка подключения к БД: could not translate host name "postgres" to address: Name or service not known

2025-09-22 15:31:05,727 - ERROR - Ошибка подключения к БД: could not translate host name "postgres" to address: Name or service not known

2025-09-22 15:31:15,749 - ERROR - Ошибка подключения к БД: could not translate host name "postgres" to address: Name or service not known

2025-09-22 15:31:25,772 - ERROR - Ошибка подключения к БД: could not translate host name "postgres" to address: Name or service not known

2025-09-22 15:31:35,794 - ERROR - Ошибка подключения к БД: could not translate host name "postgres" to address: Name or service not known

2025-09-22 15:31:45,819 - ERROR - Ошибка подключения к БД: could not translate host name "postgres" to address: Name or service not known

2025-09-22 15:31:55,839 - ERROR - Ошибка подключения к БД: could not translate host name "postgres" to address: Name or service not known

2025-09-22 15:32:05,871 - ERROR - Ошибка подключения к БД: could not translate host name "postgres" to address: Name or service not known

2025-09-22 15:32:15,896 - ERROR - Ошибка подключения к БД: could not translate host name "postgres" to address: Name or service not known

2025-09-22 15:32:25,912 - ERROR - Ошибка подключения к БД: could not translate host name "postgres" to address: Name or service not known

2025-09-22 15:32:35,936 - ERROR - Ошибка подключения к БД: could not translate host name "postgres" to address: Name or service not known

2025-09-22 15:32:45,958 - ERROR - Ошибка подключения к БД: could not translate host name "postgres" to address: Name or service not known

2025-09-22 15:32:55,981 - ERROR - Ошибка подключения к БД: could not translate host name "postgres" to address: Name or service not known

2025-09-22 15:33:06,013 - ERROR - Ошибка подключения к БД: could not translate host name "postgres" to address: Name or service not known

2025-09-22 15:33:16,037 - ERROR - Ошибка подключения к БД: could not translate host name "postgres" to address: Name or service not known

2025-09-22 15:33:26,061 - ERROR - Ошибка подключения к БД: could not translate host name "postgres" to address: Name or service not known

2025-09-22 15:33:36,086 - ERROR - Ошибка подключения к БД: could not translate host name "postgres" to address: Name or service not known

2025-09-22 15:33:46,106 - ERROR - Ошибка подключения к БД: could not translate host name "postgres" to address: Name or service not known

2025-09-22 15:33:56,138 - ERROR - Ошибка подключения к БД: could not translate host name "postgres" to address: Name or service not known

2025-09-22 15:34:06,160 - ERROR - Ошибка подключения к БД: could not translate host name "postgres" to address: Name or service not known

2025-09-22 15:34:16,201 - ERROR - Ошибка подключения к БД: could not translate host name "postgres" to address: Name or service not known

2025-09-22 15:34:26,221 - ERROR - Ошибка подключения к БД: could not translate host name "postgres" to address: Name or service not known

2025-09-22 15:34:36,245 - ERROR - Ошибка подключения к БД: could not translate host name "postgres" to address: Name or service not known

2025-09-22 15:34:46,267 - ERROR - Ошибка подключения к БД: could not translate host name "postgres" to address: Name or service not known

2025-09-22 15:34:56,296 - ERROR - Ошибка подключения к БД: could not translate host name "postgres" to address: Name or service not known

2025-09-22 15:35:06,320 - ERROR - Ошибка подключения к БД: could not translate host name "postgres" to address: Name or service not known

2025-09-22 15:35:16,347 - ERROR - Ошибка подключения к БД: could not translate host name "postgres" to address: Name or service not known

2025-09-22 15:35:26,369 - ERROR - Ошибка подключения к БД: could not translate host name "postgres" to address: Name or service not known

2025-09-22 15:35:36,392 - ERROR - Ошибка подключения к БД: could not translate host name "postgres" to address: Name or service not known

2025-09-22 15:35:46,411 - ERROR - Ошибка подключения к БД: could not translate host name "postgres" to address: Name or service not known

2025-09-22 15:35:56,443 - ERROR - Ошибка подключения к БД: could not translate host name "postgres" to address: Name or service not known

2025-09-22 15:36:06,465 - ERROR - Ошибка подключения к БД: could not translate host name "postgres" to address: Name or service not known

2025-09-22 15:36:16,488 - ERROR - Ошибка подключения к БД: could not translate host name "postgres" to address: Name or service not known

2025-09-22 15:36:26,508 - ERROR - Ошибка подключения к БД: could not translate host name "postgres" to address: Name or service not known

2025-09-22 15:36:36,530 - ERROR - Ошибка подключения к БД: could not translate host name "postgres" to address: Name or service not known

2025-09-22 15:36:46,554 - ERROR - Ошибка подключения к БД: could not translate host name "postgres" to address: Name or service not known

2025-09-22 15:36:56,578 - ERROR - Ошибка подключения к БД: could not translate host name "postgres" to address: Name or service not known

2025-09-22 15:37:06,601 - ERROR - Ошибка подключения к БД: could not translate host name "postgres" to address: Name or service not known

2025-09-22 15:37:16,627 - ERROR - Ошибка подключения к БД: could not translate host name "postgres" to address: Name or service not known

2025-09-22 15:37:26,648 - ERROR - Ошибка подключения к БД: could not translate host name "postgres" to address: Name or service not known

2025-09-22 15:37:36,670 - ERROR - Ошибка подключения к БД: could not translate host name "postgres" to address: Name or service not known

2025-09-22 15:37:46,694 - ERROR - Ошибка подключения к БД: could not translate host name "postgres" to address: Name or service not known

2025-09-22 15:37:56,722 - ERROR - Ошибка подключения к БД: could not translate host name "postgres" to address: Name or service not known

2025-09-22 15:38:06,744 - ERROR - Ошибка подключения к БД: could not translate host name "postgres" to address: Name or service not known

2025-09-22 15:38:16,771 - ERROR - Ошибка подключения к БД: could not translate host name "postgres" to address: Name or service not known

2025-09-22 15:38:26,848 - ERROR - Ошибка подключения к БД: could not translate host name "postgres" to address: Name or service not known

2025-09-22 15:38:36,884 - ERROR - Ошибка подключения к БД: could not translate host name "postgres" to address: Name or service not known

2025-09-22 15:38:46,906 - ERROR - Ошибка подключения к БД: could not translate host name "postgres" to address: Name or service not known

2025-09-22 15:38:56,941 - ERROR - Ошибка подключения к БД: could not translate host name "postgres" to address: Name or service not known

2025-09-22 15:39:06,966 - ERROR - Ошибка подключения к БД: could not translate host name "postgres" to address: Name or service not known

2025-09-22 15:39:16,990 - ERROR - Ошибка подключения к БД: could not translate host name "postgres" to address: Name or service not known

2025-09-22 15:39:27,029 - ERROR - Ошибка подключения к БД: could not translate host name "postgres" to address: Name or service not known

2025-09-22 15:39:37,051 - ERROR - Ошибка подключения к БД: could not translate host name "postgres" to address: Name or service not known

2025-09-22 15:39:47,079 - ERROR - Ошибка подключения к БД: could not translate host name "postgres" to address: Name or service not known

2025-09-22 15:39:57,116 - ERROR - Ошибка подключения к БД: could not translate host name "postgres" to address: Name or service not known

2025-09-22 15:40:07,144 - ERROR - Ошибка подключения к БД: could not translate host name "postgres" to address: Name or service not known

2025-09-22 15:40:17,172 - ERROR - Ошибка подключения к БД: could not translate host name "postgres" to address: Name or service not known

2025-09-22 15:40:27,199 - ERROR - Ошибка подключения к БД: could not translate host name "postgres" to address: Name or service not known

2025-09-22 15:40:37,224 - ERROR - Ошибка подключения к БД: could not translate host name "postgres" to address: Name or service not known

2025-09-22 15:40:47,248 - ERROR - Ошибка подключения к БД: could not translate host name "postgres" to address: Name or service not known

2025-09-22 15:40:57,277 - ERROR - Ошибка подключения к БД: could not translate host name "postgres" to address: Name or service not known

2025-09-22 15:41:07,300 - ERROR - Ошибка подключения к БД: could not translate host name "postgres" to address: Name or service not known

2025-09-22 15:41:17,324 - ERROR - Ошибка подключения к БД: could not translate host name "postgres" to address: Name or service not known

2025-09-22 15:41:27,345 - ERROR - Ошибка подключения к БД: could not translate host name "postgres" to address: Name or service not known

2025-09-22 15:41:37,383 - ERROR - Ошибка подключения к БД: could not translate host name "postgres" to address: Name or service not known

2025-09-22 15:41:47,396 - ERROR - Ошибка подключения к БД: could not translate host name "postgres" to address: Name or service not known

2025-09-22 15:41:57,427 - ERROR - Ошибка подключения к БД: could not translate host name "postgres" to address: Name or service not known

2025-09-22 15:42:07,450 - ERROR - Ошибка подключения к БД: could not translate host name "postgres" to address: Name or service not known

2025-09-22 15:42:17,471 - ERROR - Ошибка подключения к БД: could not translate host name "postgres" to address: Name or service not known

2025-09-22 15:42:27,493 - ERROR - Ошибка подключения к БД: could not translate host name "postgres" to address: Name or service not known

2025-09-22 15:42:37,519 - ERROR - Ошибка подключения к БД: could not translate host name "postgres" to address: Name or service not known

2025-09-22 15:42:47,540 - ERROR - Ошибка подключения к БД: could not translate host name "postgres" to address: Name or service not known

2025-09-22 15:42:57,570 - ERROR - Ошибка подключения к БД: could not translate host name "postgres" to address: Name or service not known

2025-09-22 15:43:07,595 - ERROR - Ошибка подключения к БД: could not translate host name "postgres" to address: Name or service not known

2025-09-22 15:43:17,619 - ERROR - Ошибка подключения к БД: could not translate host name "postgres" to address: Name or service not known

2025-09-22 15:43:27,642 - ERROR - Ошибка подключения к БД: could not translate host name "postgres" to address: Name or service not known

2025-09-22 15:43:37,666 - ERROR - Ошибка подключения к БД: could not translate host name "postgres" to address: Name or service not known

2025-09-22 15:43:47,694 - ERROR - Ошибка подключения к БД: could not translate host name "postgres" to address: Name or service not known

2025-09-22 15:43:57,718 - ERROR - Ошибка подключения к БД: could not translate host name "postgres" to address: Name or service not known

2025-09-22 15:44:07,741 - ERROR - Ошибка подключения к БД: could not translate host name "postgres" to address: Name or service not known

2025-09-22 15:44:17,761 - ERROR - Ошибка подключения к БД: could not translate host name "postgres" to address: Name or service not known

2025-09-22 15:44:27,785 - ERROR - Ошибка подключения к БД: could not translate host name "postgres" to address: Name or service not known

2025-09-22 15:44:37,809 - ERROR - Ошибка подключения к БД: could not translate host name "postgres" to address: Name or service not known

2025-09-22 15:44:47,841 - ERROR - Ошибка подключения к БД: could not translate host name "postgres" to address: Name or service not known

2025-09-22 15:44:57,868 - ERROR - Ошибка подключения к БД: could not translate host name "postgres" to address: Name or service not known

2025-09-22 15:45:07,886 - ERROR - Ошибка подключения к БД: could not translate host name "postgres" to address: Name or service not known

2025-09-22 15:45:17,908 - ERROR - Ошибка подключения к БД: could not translate host name "postgres" to address: Name or service not known

2025-09-22 15:45:27,933 - ERROR - Ошибка подключения к БД: could not translate host name "postgres" to address: Name or service not known

2025-09-22 15:45:37,955 - ERROR - Ошибка подключения к БД: could not translate host name "postgres" to address: Name or service not known

2025-09-22 15:45:47,988 - ERROR - Ошибка подключения к БД: could not translate host name "postgres" to address: Name or service not known

2025-09-22 15:45:58,007 - ERROR - Ошибка подключения к БД: could not translate host name "postgres" to address: Name or service not known

2025-09-22 15:46:08,030 - ERROR - Ошибка подключения к БД: could not translate host name "postgres" to address: Name or service not known

2025-09-22 15:46:18,051 - ERROR - Ошибка подключения к БД: could not translate host name "postgres" to address: Name or service not known

2025-09-22 15:46:28,094 - ERROR - Ошибка подключения к БД: could not translate host name "postgres" to address: Name or service not known

2025-09-22 15:46:38,112 - ERROR - Ошибка подключения к БД: could not translate host name "postgres" to address: Name or service not known

2025-09-22 15:46:48,150 - ERROR - Ошибка подключения к БД: could not translate host name "postgres" to address: Name or service not known

2025-09-22 15:46:58,173 - ERROR - Ошибка подключения к БД: could not translate host name "postgres" to address: Name or service not known

2025-09-22 15:47:08,196 - ERROR - Ошибка подключения к БД: could not translate host name "postgres" to address: Name or service not known

2025-09-22 15:47:18,220 - ERROR - Ошибка подключения к БД: could not translate host name "postgres" to address: Name or service not known

2025-09-22 15:47:28,243 - ERROR - Ошибка подключения к БД: could not translate host name "postgres" to address: Name or service not known

2025-09-22 15:47:38,274 - ERROR - Ошибка подключения к БД: could not translate host name "postgres" to address: Name or service not known

2025-09-22 15:47:48,303 - ERROR - Ошибка подключения к БД: could not translate host name "postgres" to address: Name or service not known

2025-09-22 15:47:58,326 - ERROR - Ошибка подключения к БД: could not translate host name "postgres" to address: Name or service not known

2025-09-22 15:48:08,350 - ERROR - Ошибка подключения к БД: could not translate host name "postgres" to address: Name or service not known

2025-09-22 15:48:18,366 - ERROR - Ошибка подключения к БД: could not translate host name "postgres" to address: Name or service not known

2025-09-22 15:48:28,389 - ERROR - Ошибка подключения к БД: could not translate host name "postgres" to address: Name or service not known

2025-09-22 15:48:38,402 - ERROR - Ошибка подключения к БД: could not translate host name "postgres" to address: Name or service not known

2025-09-22 15:48:48,432 - ERROR - Ошибка подключения к БД: could not translate host name "postgres" to address: Name or service not known

2025-09-22 15:48:58,455 - ERROR - Ошибка подключения к БД: could not translate host name "postgres" to address: Name or service not known

2025-09-22 15:49:08,474 - ERROR - Ошибка подключения к БД: could not translate host name "postgres" to address: Name or service not known

2025-09-22 15:49:18,498 - ERROR - Ошибка подключения к БД: could not translate host name "postgres" to address: Name or service not known

2025-09-22 15:49:28,516 - ERROR - Ошибка подключения к БД: could not translate host name "postgres" to address: Name or service not known

2025-09-22 15:49:38,544 - ERROR - Ошибка подключения к БД: could not translate host name "postgres" to address: Name or service not known

2025-09-22 15:49:48,568 - ERROR - Ошибка подключения к БД: could not translate host name "postgres" to address: Name or service not known

2025-09-22 15:49:58,585 - ERROR - Ошибка подключения к БД: could not translate host name "postgres" to address: Name or service not known

2025-09-22 15:50:08,608 - ERROR - Ошибка подключения к БД: could not translate host name "postgres" to address: Name or service not known

2025-09-22 15:50:18,630 - ERROR - Ошибка подключения к БД: could not translate host name "postgres" to address: Name or service not known

2025-09-22 15:50:28,652 - ERROR - Ошибка подключения к БД: could not translate host name "postgres" to address: Name or service not known

2025-09-22 15:50:38,677 - ERROR - Ошибка подключения к БД: could not translate host name "postgres" to address: Name or service not known

2025-09-22 15:50:48,703 - ERROR - Ошибка подключения к БД: could not translate host name "postgres" to address: Name or service not known

2025-09-22 15:50:58,726 - ERROR - Ошибка подключения к БД: could not translate host name "postgres" to address: Name or service not known

2025-09-22 15:51:08,749 - ERROR - Ошибка подключения к БД: could not translate host name "postgres" to address: Name or service not known

2025-09-22 15:51:18,772 - ERROR - Ошибка подключения к БД: could not translate host name "postgres" to address: Name or service not known

2025-09-22 15:51:28,799 - ERROR - Ошибка подключения к БД: could not translate host name "postgres" to address: Name or service not known

2025-09-22 15:51:38,817 - ERROR - Ошибка подключения к БД: could not translate host name "postgres" to address: Name or service not known

2025-09-22 15:51:48,840 - ERROR - Ошибка подключения к БД: could not translate host name "postgres" to address: Name or service not known

2025-09-22 15:51:58,861 - ERROR - Ошибка подключения к БД: could not translate host name "postgres" to address: Name or service not known

2025-09-22 15:52:08,884 - ERROR - Ошибка подключения к БД: could not translate host name "postgres" to address: Name or service not known

2025-09-22 15:52:18,912 - ERROR - Ошибка подключения к БД: could not translate host name "postgres" to address: Name or service not known

2025-09-22 15:52:28,938 - ERROR - Ошибка подключения к БД: could not translate host name "postgres" to address: Name or service not known

2025-09-22 15:52:38,970 - ERROR - Ошибка подключения к БД: could not translate host name "postgres" to address: Name or service not known

2025-09-22 15:52:48,993 - ERROR - Ошибка подключения к БД: could not translate host name "postgres" to address: Name or service not known

2025-09-22 15:52:59,023 - ERROR - Ошибка подключения к БД: could not translate host name "postgres" to address: Name or service not known

2025-09-22 15:53:09,053 - ERROR - Ошибка подключения к БД: could not translate host name "postgres" to address: Name or service not known

2025-09-22 15:53:19,081 - ERROR - Ошибка подключения к БД: could not translate host name "postgres" to address: Name or service not known

2025-09-22 15:53:29,110 - ERROR - Ошибка подключения к БД: could not translate host name "postgres" to address: Name or service not known

2025-09-22 15:53:39,151 - ERROR - Ошибка подключения к БД: could not translate host name "postgres" to address: Name or service not known

2025-09-22 15:53:49,175 - ERROR - Ошибка подключения к БД: could not translate host name "postgres" to address: Name or service not known

2025-09-22 15:53:59,204 - ERROR - Ошибка подключения к БД: could not translate host name "postgres" to address: Name or service not known

2025-09-22 15:54:09,232 - ERROR - Ошибка подключения к БД: could not translate host name "postgres" to address: Name or service not known

2025-09-22 15:54:19,260 - ERROR - Ошибка подключения к БД: could not translate host name "postgres" to address: Name or service not known

2025-09-22 15:54:29,270 - ERROR - Ошибка подключения к БД: could not translate host name "postgres" to address: Name or service not known

2025-09-22 15:54:39,301 - ERROR - Ошибка подключения к БД: could not translate host name "postgres" to address: Name or service not known

2025-09-22 15:54:49,330 - ERROR - Ошибка подключения к БД: could not translate host name "postgres" to address: Name or service not known

2025-09-22 15:54:59,353 - ERROR - Ошибка подключения к БД: could not translate host name "postgres" to address: Name or service not known

2025-09-22 15:55:09,376 - ERROR - Ошибка подключения к БД: could not translate host name "postgres" to address: Name or service not known

2025-09-22 15:55:19,397 - ERROR - Ошибка подключения к БД: could not translate host name "postgres" to address: Name or service not known

2025-09-22 15:55:29,421 - ERROR - Ошибка подключения к БД: could not translate host name "postgres" to address: Name or service not known

2025-09-22 15:55:39,441 - ERROR - Ошибка подключения к БД: could not translate host name "postgres" to address: Name or service not known

2025-09-22 15:55:49,463 - ERROR - Ошибка подключения к БД: could not translate host name "postgres" to address: Name or service not known

2025-09-22 15:55:59,480 - ERROR - Ошибка подключения к БД: could not translate host name "postgres" to address: Name or service not known

2025-09-22 15:56:09,502 - ERROR - Ошибка подключения к БД: could not translate host name "postgres" to address: Name or service not known

2025-09-22 15:56:19,526 - ERROR - Ошибка подключения к БД: could not translate host name "postgres" to address: Name or service not known

2025-09-22 15:56:29,596 - ERROR - Ошибка подключения к БД: could not translate host name "postgres" to address: Name or service not known

2025-09-22 15:56:39,629 - ERROR - Ошибка подключения к БД: could not translate host name "postgres" to address: Name or service not known

2025-09-22 15:56:49,742 - ERROR - Ошибка подключения к БД: could not translate host name "postgres" to address: Name or service not known

2025-09-22 15:56:59,775 - ERROR - Ошибка подключения к БД: could not translate host name "postgres" to address: Name or service not known

2025-09-22 15:57:09,799 - ERROR - Ошибка подключения к БД: could not translate host name "postgres" to address: Name or service not known

2025-09-22 15:57:19,823 - ERROR - Ошибка подключения к БД: could not translate host name "postgres" to address: Name or service not known

2025-09-22 15:57:29,849 - ERROR - Ошибка подключения к БД: could not translate host name "postgres" to address: Name or service not known

2025-09-22 15:57:39,867 - ERROR - Ошибка подключения к БД: could not translate host name "postgres" to address: Name or service not known

2025-09-22 15:57:49,900 - ERROR - Ошибка подключения к БД: could not translate host name "postgres" to address: Name or service not known

2025-09-22 15:57:59,932 - ERROR - Ошибка подключения к БД: could not translate host name "postgres" to address: Name or service not known

2025-09-22 15:58:09,950 - ERROR - Ошибка подключения к БД: could not translate host name "postgres" to address: Name or service not known

2025-09-22 15:58:19,972 - ERROR - Ошибка подключения к БД: could not translate host name "postgres" to address: Name or service not known

2025-09-22 15:58:29,989 - ERROR - Ошибка подключения к БД: could not translate host name "postgres" to address: Name or service not known

2025-09-22 15:58:40,012 - ERROR - Ошибка подключения к БД: could not translate host name "postgres" to address: Name or service not known

2025-09-22 15:58:50,032 - ERROR - Ошибка подключения к БД: could not translate host name "postgres" to address: Name or service not known

2025-09-22 15:59:00,056 - ERROR - Ошибка подключения к БД: could not translate host name "postgres" to address: Name or service not known

2025-09-22 15:59:10,078 - ERROR - Ошибка подключения к БД: could not translate host name "postgres" to address: Name or service not known

2025-09-22 15:59:20,098 - ERROR - Ошибка подключения к БД: could not translate host name "postgres" to address: Name or service not known

2025-09-22 15:59:30,128 - ERROR - Ошибка подключения к БД: could not translate host name "postgres" to address: Name or service not known

2025-09-22 15:59:40,156 - ERROR - Ошибка подключения к БД: could not translate host name "postgres" to address: Name or service not known

2025-09-22 15:59:50,178 - ERROR - Ошибка подключения к БД: could not translate host name "postgres" to address: Name or service not known

2025-09-22 16:00:00,201 - ERROR - Ошибка подключения к БД: could not translate host name "postgres" to address: Name or service not known

2025-09-22 16:00:10,218 - ERROR - Ошибка подключения к БД: could not translate host name "postgres" to address: Name or service not known

2025-09-22 16:00:20,235 - ERROR - Ошибка подключения к БД: could not translate host name "postgres" to address: Name or service not known

2025-09-22 16:00:30,263 - ERROR - Ошибка подключения к БД: could not translate host name "postgres" to address: Name or service not known

2025-09-22 16:00:40,296 - ERROR - Ошибка подключения к БД: could not translate host name "postgres" to address: Name or service not known

2025-09-22 16:00:50,316 - ERROR - Ошибка подключения к БД: could not translate host name "postgres" to address: Name or service not known

2025-09-22 16:01:00,332 - ERROR - Ошибка подключения к БД: could not translate host name "postgres" to address: Name or service not known

2025-09-22 16:01:10,358 - ERROR - Ошибка подключения к БД: could not translate host name "postgres" to address: Name or service not known

2025-09-22 16:01:20,398 - ERROR - Ошибка подключения к БД: could not translate host name "postgres" to address: Name or service not known

2025-09-22 16:01:30,430 - ERROR - Ошибка подключения к БД: could not translate host name "postgres" to address: Name or service not known

2025-09-22 16:01:40,448 - ERROR - Ошибка подключения к БД: could not translate host name "postgres" to address: Name or service not known

2025-09-22 16:01:50,464 - ERROR - Ошибка подключения к БД: could not translate host name "postgres" to address: Name or service not known

2025-09-22 16:02:00,482 - ERROR - Ошибка подключения к БД: could not translate host name "postgres" to address: Name or service not known

2025-09-22 16:02:10,500 - ERROR - Ошибка подключения к БД: could not translate host name "postgres" to address: Name or service not known

2025-09-22 16:02:20,525 - ERROR - Ошибка подключения к БД: could not translate host name "postgres" to address: Name or service not known

2025-09-22 16:02:30,543 - ERROR - Ошибка подключения к БД: could not translate host name "postgres" to address: Name or service not known

2025-09-22 16:02:40,558 - ERROR - Ошибка подключения к БД: could not translate host name "postgres" to address: Name or service not known

2025-09-22 16:02:50,576 - ERROR - Ошибка подключения к БД: could not translate host name "postgres" to address: Name or service not known

2025-09-22 16:03:00,594 - ERROR - Ошибка подключения к БД: could not translate host name "postgres" to address: Name or service not known

2025-09-22 16:03:10,612 - ERROR - Ошибка подключения к БД: could not translate host name "postgres" to address: Name or service not known

2025-09-22 16:03:20,629 - ERROR - Ошибка подключения к БД: could not translate host name "postgres" to address: Name or service not known

2025-09-22 16:03:30,658 - ERROR - Ошибка подключения к БД: could not translate host name "postgres" to address: Name or service not known

2025-09-22 16:03:40,676 - ERROR - Ошибка подключения к БД: could not translate host name "postgres" to address: Name or service not known

2025-09-22 16:03:50,690 - ERROR - Ошибка подключения к БД: could not translate host name "postgres" to address: Name or service not known

2025-09-22 16:04:00,709 - ERROR - Ошибка подключения к БД: could not translate host name "postgres" to address: Name or service not known

2025-09-22 16:04:10,727 - ERROR - Ошибка подключения к БД: could not translate host name "postgres" to address: Name or service not known

2025-09-22 16:04:20,751 - ERROR - Ошибка подключения к БД: could not translate host name "postgres" to address: Name or service not known

2025-09-22 16:04:30,767 - ERROR - Ошибка подключения к БД: could not translate host name "postgres" to address: Name or service not known

2025-09-22 16:04:40,783 - ERROR - Ошибка подключения к БД: could not translate host name "postgres" to address: Name or service not known

2025-09-22 16:04:50,801 - ERROR - Ошибка подключения к БД: could not translate host name "postgres" to address: Name or service not known

2025-09-22 16:05:00,820 - ERROR - Ошибка подключения к БД: could not translate host name "postgres" to address: Name or service not known

2025-09-22 16:05:10,839 - ERROR - Ошибка подключения к БД: could not translate host name "postgres" to address: Name or service not known

2025-09-22 16:05:20,868 - ERROR - Ошибка подключения к БД: could not translate host name "postgres" to address: Name or service not known

2025-09-22 16:05:30,884 - ERROR - Ошибка подключения к БД: could not translate host name "postgres" to address: Name or service not known

2025-09-22 16:05:40,902 - ERROR - Ошибка подключения к БД: could not translate host name "postgres" to address: Name or service not known

2025-09-22 16:05:50,922 - ERROR - Ошибка подключения к БД: could not translate host name "postgres" to address: Name or service not known

2025-09-22 16:06:00,941 - ERROR - Ошибка подключения к БД: could not translate host name "postgres" to address: Name or service not known

2025-09-22 16:06:10,961 - ERROR - Ошибка подключения к БД: could not translate host name "postgres" to address: Name or service not known

2025-09-22 16:06:20,986 - ERROR - Ошибка подключения к БД: could not translate host name "postgres" to address: Name or service not known

2025-09-22 16:06:31,006 - ERROR - Ошибка подключения к БД: could not translate host name "postgres" to address: Name or service not known

2025-09-22 16:06:41,027 - ERROR - Ошибка подключения к БД: could not translate host name "postgres" to address: Name or service not known

2025-09-22 16:06:51,048 - ERROR - Ошибка подключения к БД: could not translate host name "postgres" to address: Name or service not known

2025-09-22 16:07:01,070 - ERROR - Ошибка подключения к БД: could not translate host name "postgres" to address: Name or service not known

2025-09-22 16:07:11,104 - ERROR - Ошибка подключения к БД: could not translate host name "postgres" to address: Name or service not known

2025-09-22 16:07:21,131 - ERROR - Ошибка подключения к БД: could not translate host name "postgres" to address: Name or service not known

2025-09-22 16:07:31,158 - ERROR - Ошибка подключения к БД: could not translate host name "postgres" to address: Name or service not known

2025-09-22 16:07:41,179 - ERROR - Ошибка подключения к БД: could not translate host name "postgres" to address: Name or service not known

2025-09-22 16:07:51,205 - ERROR - Ошибка подключения к БД: could not translate host name "postgres" to address: Name or service not known

2025-09-22 16:08:01,227 - ERROR - Ошибка подключения к БД: could not translate host name "postgres" to address: Name or service not known

2025-09-22 16:08:11,259 - ERROR - Ошибка подключения к БД: could not translate host name "postgres" to address: Name or service not known

2025-09-22 16:08:21,297 - ERROR - Ошибка подключения к БД: could not translate host name "postgres" to address: Name or service not known

2025-09-22 16:08:31,328 - ERROR - Ошибка подключения к БД: could not translate host name "postgres" to address: Name or service not known

2025-09-22 16:08:41,350 - ERROR - Ошибка подключения к БД: could not translate host name "postgres" to address: Name or service not known

2025-09-22 16:08:51,374 - ERROR - Ошибка подключения к БД: could not translate host name "postgres" to address: Name or service not known

2025-09-22 16:09:01,395 - ERROR - Ошибка подключения к БД: could not translate host name "postgres" to address: Name or service not known

2025-09-22 16:09:11,418 - ERROR - Ошибка подключения к БД: could not translate host name "postgres" to address: Name or service not known

2025-09-22 16:09:21,442 - ERROR - Ошибка подключения к БД: could not translate host name "postgres" to address: Name or service not known

2025-09-22 16:09:31,465 - ERROR - Ошибка подключения к БД: could not translate host name "postgres" to address: Name or service not known

2025-09-22 16:09:41,488 - ERROR - Ошибка подключения к БД: could not translate host name "postgres" to address: Name or service not known

2025-09-22 16:09:51,510 - ERROR - Ошибка подключения к БД: could not translate host name "postgres" to address: Name or service not known

2025-09-22 16:10:01,540 - ERROR - Ошибка подключения к БД: could not translate host name "postgres" to address: Name or service not known

2025-09-22 16:10:11,574 - ERROR - Ошибка подключения к БД: could not translate host name "postgres" to address: Name or service not known

2025-09-22 16:10:21,600 - ERROR - Ошибка подключения к БД: could not translate host name "postgres" to address: Name or service not known

2025-09-22 16:10:31,620 - ERROR - Ошибка подключения к БД: could not translate host name "postgres" to address: Name or service not known

2025-09-22 16:10:41,647 - ERROR - Ошибка подключения к БД: could not translate host name "postgres" to address: Name or service not known

2025-09-22 16:10:51,673 - ERROR - Ошибка подключения к БД: could not translate host name "postgres" to address: Name or service not known

2025-09-22 16:11:01,695 - ERROR - Ошибка подключения к БД: could not translate host name "postgres" to address: Name or service not known

2025-09-22 16:11:11,728 - ERROR - Ошибка подключения к БД: could not translate host name "postgres" to address: Name or service not known

2025-09-22 16:11:21,752 - ERROR - Ошибка подключения к БД: could not translate host name "postgres" to address: Name or service not known

2025-09-22 16:11:31,771 - ERROR - Ошибка подключения к БД: could not translate host name "postgres" to address: Name or service not known

2025-09-22 16:11:41,796 - ERROR - Ошибка подключения к БД: could not translate host name "postgres" to address: Name or service not known

2025-09-22 16:11:51,818 - ERROR - Ошибка подключения к БД: could not translate host name "postgres" to address: Name or service not known

2025-09-22 16:12:01,845 - ERROR - Ошибка подключения к БД: could not translate host name "postgres" to address: Name or service not known

2025-09-22 16:12:11,872 - ERROR - Ошибка подключения к БД: could not translate host name "postgres" to address: Name or service not known

2025-09-22 16:12:21,889 - ERROR - Ошибка подключения к БД: could not translate host name "postgres" to address: Name or service not known

2025-09-22 16:12:31,908 - ERROR - Ошибка подключения к БД: could not translate host name "postgres" to address: Name or service not known

2025-09-22 16:12:41,925 - ERROR - Ошибка подключения к БД: could not translate host name "postgres" to address: Name or service not known

2025-09-22 16:12:51,946 - ERROR - Ошибка подключения к БД: could not translate host name "postgres" to address: Name or service not known

2025-09-22 16:13:01,971 - ERROR - Ошибка подключения к БД: could not translate host name "postgres" to address: Name or service not known

2025-09-22 16:13:11,991 - ERROR - Ошибка подключения к БД: could not translate host name "postgres" to address: Name or service not known

2025-09-22 16:13:22,042 - ERROR - Ошибка подключения к БД: could not translate host name "postgres" to address: Name or service not known

2025-09-22 16:13:32,065 - ERROR - Ошибка подключения к БД: could not translate host name "postgres" to address: Name or service not known

2025-09-22 16:13:42,084 - ERROR - Ошибка подключения к БД: could not translate host name "postgres" to address: Name or service not known

2025-09-22 16:13:52,102 - ERROR - Ошибка подключения к БД: could not translate host name "postgres" to address: Name or service not known

2025-09-22 16:14:02,148 - ERROR - Ошибка подключения к БД: could not translate host name "postgres" to address: Name or service not known

2025-09-22 16:14:12,174 - ERROR - Ошибка подключения к БД: could not translate host name "postgres" to address: Name or service not known

2025-09-22 16:14:22,197 - ERROR - Ошибка подключения к БД: could not translate host name "postgres" to address: Name or service not known

2025-09-22 16:14:32,224 - ERROR - Ошибка подключения к БД: could not translate host name "postgres" to address: Name or service not known

2025-09-22 16:14:42,253 - ERROR - Ошибка подключения к БД: could not translate host name "postgres" to address: Name or service not known

2025-09-22 16:14:52,275 - ERROR - Ошибка подключения к БД: could not translate host name "postgres" to address: Name or service not known

2025-09-22 16:15:02,310 - ERROR - Ошибка подключения к БД: could not translate host name "postgres" to address: Name or service not known

2025-09-22 16:15:12,342 - ERROR - Ошибка подключения к БД: could not translate host name "postgres" to address: Name or service not known

2025-09-22 16:15:22,376 - ERROR - Ошибка подключения к БД: could not translate host name "postgres" to address: Name or service not known

2025-09-22 16:15:32,425 - ERROR - Ошибка подключения к БД: could not translate host name "postgres" to address: Name or service not known

2025-09-22 16:15:42,450 - ERROR - Ошибка подключения к БД: could not translate host name "postgres" to address: Name or service not known

2025-09-22 16:15:52,482 - ERROR - Ошибка подключения к БД: could not translate host name "postgres" to address: Name or service not known

2025-09-22 16:16:02,518 - ERROR - Ошибка подключения к БД: could not translate host name "postgres" to address: Name or service not known

2025-09-22 16:16:12,542 - ERROR - Ошибка подключения к БД: could not translate host name "postgres" to address: Name or service not known

2025-09-22 16:16:22,570 - ERROR - Ошибка подключения к БД: could not translate host name "postgres" to address: Name or service not known

2025-09-22 16:16:32,591 - ERROR - Ошибка подключения к БД: could not translate host name "postgres" to address: Name or service not known

2025-09-22 16:16:42,600 - ERROR - Ошибка подключения к БД: could not translate host name "postgres" to address: Name or service not known

2025-09-22 16:16:52,623 - ERROR - Ошибка подключения к БД: could not translate host name "postgres" to address: Name or service not known

2025-09-22 16:17:02,650 - ERROR - Ошибка подключения к БД: could not translate host name "postgres" to address: Name or service not known

2025-09-22 16:17:12,667 - ERROR - Ошибка подключения к БД: could not translate host name "postgres" to address: Name or service not known

2025-09-22 16:17:22,689 - ERROR - Ошибка подключения к БД: could not translate host name "postgres" to address: Name or service not known

2025-09-22 16:17:32,710 - ERROR - Ошибка подключения к БД: could not translate host name "postgres" to address: Name or service not known

2025-09-22 16:17:42,730 - ERROR - Ошибка подключения к БД: could not translate host name "postgres" to address: Name or service not known

2025-09-22 16:17:52,759 - ERROR - Ошибка подключения к БД: could not translate host name "postgres" to address: Name or service not known

2025-09-22 16:18:02,789 - ERROR - Ошибка подключения к БД: could not translate host name "postgres" to address: Name or service not known

2025-09-22 16:18:12,809 - ERROR - Ошибка подключения к БД: could not translate host name "postgres" to address: Name or service not known

2025-09-22 16:18:22,855 - ERROR - Ошибка подключения к БД: could not translate host name "postgres" to address: Name or service not known

2025-09-22 16:18:32,874 - ERROR - Ошибка подключения к БД: could not translate host name "postgres" to address: Name or service not known

2025-09-22 16:18:42,892 - ERROR - Ошибка подключения к БД: could not translate host name "postgres" to address: Name or service not known

2025-09-22 16:18:52,910 - ERROR - Ошибка подключения к БД: could not translate host name "postgres" to address: Name or service not known

2025-09-22 16:19:02,932 - ERROR - Ошибка подключения к БД: could not translate host name "postgres" to address: Name or service not known

2025-09-22 16:19:12,952 - ERROR - Ошибка подключения к БД: could not translate host name "postgres" to address: Name or service not known

2025-09-22 16:19:22,970 - ERROR - Ошибка подключения к БД: could not translate host name "postgres" to address: Name or service not known

2025-09-22 16:19:32,989 - ERROR - Ошибка подключения к БД: could not translate host name "postgres" to address: Name or service not known

2025-09-22 16:19:43,013 - ERROR - Ошибка подключения к БД: could not translate host name "postgres" to address: Name or service not known

2025-09-22 16:19:53,059 - ERROR - Ошибка подключения к БД: could not translate host name "postgres" to address: Name or service not known

2025-09-22 16:20:03,082 - ERROR - Ошибка подключения к БД: could not translate host name "postgres" to address: Name or service not known

2025-09-22 16:20:13,110 - ERROR - Ошибка подключения к БД: could not translate host name "postgres" to address: Name or service not known

2025-09-22 16:20:23,134 - ERROR - Ошибка подключения к БД: could not translate host name "postgres" to address: Name or service not known

2025-09-22 16:20:33,157 - ERROR - Ошибка подключения к БД: could not translate host name "postgres" to address: Name or service not known

2025-09-22 16:20:43,182 - ERROR - Ошибка подключения к БД: could not translate host name "postgres" to address: Name or service not known

2025-09-22 16:20:53,205 - ERROR - Ошибка подключения к БД: could not translate host name "postgres" to address: Name or service not known

2025-09-22 16:21:03,228 - ERROR - Ошибка подключения к БД: could not translate host name "postgres" to address: Name or service not known

2025-09-22 16:21:13,253 - ERROR - Ошибка подключения к БД: could not translate host name "postgres" to address: Name or service not known

2025-09-22 16:21:23,275 - ERROR - Ошибка подключения к БД: could not translate host name "postgres" to address: Name or service not known

2025-09-22 16:21:33,302 - ERROR - Ошибка подключения к БД: could not translate host name "postgres" to address: Name or service not known

2025-09-22 16:21:43,319 - ERROR - Ошибка подключения к БД: could not translate host name "postgres" to address: Name or service not known

2025-09-22 16:21:53,348 - ERROR - Ошибка подключения к БД: could not translate host name "postgres" to address: Name or service not known

2025-09-22 16:22:03,374 - ERROR - Ошибка подключения к БД: could not translate host name "postgres" to address: Name or service not known

2025-09-22 16:22:13,396 - ERROR - Ошибка подключения к БД: could not translate host name "postgres" to address: Name or service not known

2025-09-22 16:22:23,419 - ERROR - Ошибка подключения к БД: could not translate host name "postgres" to address: Name or service not known

2025-09-22 16:22:33,442 - ERROR - Ошибка подключения к БД: could not translate host name "postgres" to address: Name or service not known

2025-09-22 16:22:43,471 - ERROR - Ошибка подключения к БД: could not translate host name "postgres" to address: Name or service not known

2025-09-22 16:22:53,502 - ERROR - Ошибка подключения к БД: could not translate host name "postgres" to address: Name or service not known

2025-09-22 16:23:03,529 - ERROR - Ошибка подключения к БД: could not translate host name "postgres" to address: Name or service not known

2025-09-22 16:23:13,553 - ERROR - Ошибка подключения к БД: could not translate host name "postgres" to address: Name or service not known

2025-09-22 16:23:23,603 - ERROR - Ошибка подключения к БД: could not translate host name "postgres" to address: Name or service not known

2025-09-22 16:23:33,628 - ERROR - Ошибка подключения к БД: could not translate host name "postgres" to address: Name or service not known

2025-09-22 16:23:43,650 - ERROR - Ошибка подключения к БД: could not translate host name "postgres" to address: Name or service not known

2025-09-22 16:23:53,693 - ERROR - Ошибка подключения к БД: could not translate host name "postgres" to address: Name or service not known

2025-09-22 16:24:03,718 - ERROR - Ошибка подключения к БД: could not translate host name "postgres" to address: Name or service not known

2025-09-22 16:24:13,741 - ERROR - Ошибка подключения к БД: could not translate host name "postgres" to address: Name or service not known

2025-09-22 16:24:23,763 - ERROR - Ошибка подключения к БД: could not translate host name "postgres" to address: Name or service not known

2025-09-22 16:24:33,784 - ERROR - Ошибка подключения к БД: could not translate host name "postgres" to address: Name or service not known

2025-09-22 16:24:43,817 - ERROR - Ошибка подключения к БД: could not translate host name "postgres" to address: Name or service not known

2025-09-22 16:24:53,843 - ERROR - Ошибка подключения к БД: could not translate host name "postgres" to address: Name or service not known

2025-09-22 16:25:03,866 - ERROR - Ошибка подключения к БД: could not translate host name "postgres" to address: Name or service not known

2025-09-22 16:25:13,888 - ERROR - Ошибка подключения к БД: could not translate host name "postgres" to address: Name or service not known

2025-09-22 16:25:23,912 - ERROR - Ошибка подключения к БД: could not translate host name "postgres" to address: Name or service not known

2025-09-22 16:25:33,929 - ERROR - Ошибка подключения к БД: could not translate host name "postgres" to address: Name or service not known

2025-09-22 16:25:43,951 - ERROR - Ошибка подключения к БД: could not translate host name "postgres" to address: Name or service not known

2025-09-22 16:25:53,968 - ERROR - Ошибка подключения к БД: could not translate host name "postgres" to address: Name or service not known

2025-09-22 16:26:03,994 - ERROR - Ошибка подключения к БД: could not translate host name "postgres" to address: Name or service not known

2025-09-22 16:26:14,018 - ERROR - Ошибка подключения к БД: could not translate host name "postgres" to address: Name or service not known

2025-09-22 16:26:24,042 - ERROR - Ошибка подключения к БД: could not translate host name "postgres" to address: Name or service not known

2025-09-22 16:26:34,061 - ERROR - Ошибка подключения к БД: could not translate host name "postgres" to address: Name or service not known

2025-09-22 16:26:44,077 - ERROR - Ошибка подключения к БД: could not translate host name "postgres" to address: Name or service not known

2025-09-22 16:26:54,100 - ERROR - Ошибка подключения к БД: could not translate host name "postgres" to address: Name or service not known

2025-09-22 16:27:04,123 - ERROR - Ошибка подключения к БД: could not translate host name "postgres" to address: Name or service not known

2025-09-22 16:27:14,144 - ERROR - Ошибка подключения к БД: could not translate host name "postgres" to address: Name or service not known

2025-09-22 16:27:24,168 - ERROR - Ошибка подключения к БД: could not translate host name "postgres" to address: Name or service not known

2025-09-22 16:27:34,187 - ERROR - Ошибка подключения к БД: could not translate host name "postgres" to address: Name or service not known

2025-09-22 16:27:44,215 - ERROR - Ошибка подключения к БД: could not translate host name "postgres" to address: Name or service not known

2025-09-22 16:27:54,233 - ERROR - Ошибка подключения к БД: could not translate host name "postgres" to address: Name or service not known

2025-09-22 16:28:04,252 - ERROR - Ошибка подключения к БД: could not translate host name "postgres" to address: Name or service not known

2025-09-22 16:28:14,271 - ERROR - Ошибка подключения к БД: could not translate host name "postgres" to address: Name or service not known

2025-09-22 16:28:24,291 - ERROR - Ошибка подключения к БД: could not translate host name "postgres" to address: Name or service not known

2025-09-22 16:28:34,321 - ERROR - Ошибка подключения к БД: could not translate host name "postgres" to address: Name or service not known

2025-09-22 16:28:44,344 - ERROR - Ошибка подключения к БД: could not translate host name "postgres" to address: Name or service not known

2025-09-22 16:28:54,367 - ERROR - Ошибка подключения к БД: could not translate host name "postgres" to address: Name or service not known

2025-09-22 16:29:04,393 - ERROR - Ошибка подключения к БД: could not translate host name "postgres" to address: Name or service not known

2025-09-22 16:29:14,414 - ERROR - Ошибка подключения к БД: could not translate host name "postgres" to address: Name or service not known

2025-09-22 16:29:24,434 - ERROR - Ошибка подключения к БД: could not translate host name "postgres" to address: Name or service not known

2025-09-22 16:29:35,305 - ERROR - Ошибка подключения к БД: could not translate host name "postgres" to address: Name or service not known

2025-09-22 16:29:45,866 - ERROR - Ошибка подключения к БД: could not translate host name "postgres" to address: Name or service not known

2025-09-22 16:47:47,020 - ERROR - Ошибка подключения к БД: could not translate host name "postgres" to address: Name or service not known

2025-09-22 16:47:57,610 - ERROR - Ошибка подключения к БД: could not translate host name "postgres" to address: Name or service not known

2025-09-22 16:48:08,186 - ERROR - Ошибка подключения к БД: could not translate host name "postgres" to address: Name or service not known

2025-09-22 17:18:19,656 - ERROR - Ошибка подключения к БД: could not translate host name "postgres" to address: Name or service not known

2025-09-22 17:18:29,679 - ERROR - Ошибка подключения к БД: could not translate host name "postgres" to address: Name or service not known

2025-09-22 17:18:39,768 - ERROR - Ошибка подключения к БД: could not translate host name "postgres" to address: Name or service not known

2025-09-22 17:24:52,823 - ERROR - Ошибка подключения к БД: could not translate host name "postgres" to address: Name or service not known

2025-09-22 17:25:02,847 - ERROR - Ошибка подключения к БД: could not translate host name "postgres" to address: Name or service not known

2025-09-22 17:25:12,868 - ERROR - Ошибка подключения к БД: could not translate host name "postgres" to address: Name or service not known

2025-09-22 17:25:22,909 - ERROR - Ошибка подключения к БД: could not translate host name "postgres" to address: Name or service not known

2025-09-22 17:25:32,928 - ERROR - Ошибка подключения к БД: could not translate host name "postgres" to address: Name or service not known

2025-09-22 17:25:42,953 - ERROR - Ошибка подключения к БД: could not translate host name "postgres" to address: Name or service not known

2025-09-22 17:25:52,973 - ERROR - Ошибка подключения к БД: could not translate host name "postgres" to address: Name or service not known

2025-09-22 17:26:02,990 - ERROR - Ошибка подключения к БД: could not translate host name "postgres" to address: Name or service not known

2025-09-22 17:26:13,010 - ERROR - Ошибка подключения к БД: could not translate host name "postgres" to address: Name or service not known

2025-09-22 17:26:23,024 - ERROR - Ошибка подключения к БД: could not translate host name "postgres" to address: Name or service not known

2025-09-22 17:26:34,485 - ERROR - Ошибка подключения к БД: could not translate host name "postgres" to address: Name or service not known

2025-09-22 17:26:44,509 - ERROR - Ошибка подключения к БД: could not translate host name "postgres" to address: Name or service not known

2025-09-22 17:41:55,268 - ERROR - Ошибка подключения к БД: could not translate host name "postgres" to address: Name or service not known

2025-09-22 17:42:05,828 - ERROR - Ошибка подключения к БД: could not translate host name "postgres" to address: Name or service not known

2025-09-22 17:57:16,518 - ERROR - Ошибка подключения к БД: could not translate host name "postgres" to address: Name or service not known

2025-09-22 17:57:26,542 - ERROR - Ошибка подключения к БД: could not translate host name "postgres" to address: Name or service not known

2025-09-22 17:57:37,134 - ERROR - Ошибка подключения к БД: could not translate host name "postgres" to address: Name or service not known

2025-09-22 18:12:47,902 - ERROR - Ошибка подключения к БД: could not translate host name "postgres" to address: Name or service not known

2025-09-22 18:12:57,929 - ERROR - Ошибка подключения к БД: could not translate host name "postgres" to address: Name or service not known

2025-09-22 18:13:08,471 - ERROR - Ошибка подключения к БД: could not translate host name "postgres" to address: Name or service not known

2025-09-22 18:30:05,658 - ERROR - Ошибка подключения к БД: could not translate host name "postgres" to address: Name or service not known

2025-09-22 18:30:16,192 - ERROR - Ошибка подключения к БД: could not translate host name "postgres" to address: Name or service not known

2025-09-22 18:30:26,223 - ERROR - Ошибка подключения к БД: could not translate host name "postgres" to address: Name or service not known

2025-09-22 18:45:36,094 - ERROR - Ошибка подключения к БД: could not translate host name "postgres" to address: Name or service not known

2025-09-22 18:45:46,733 - ERROR - Ошибка подключения к БД: could not translate host name "postgres" to address: Name or service not known

2025-09-22 18:45:56,755 - ERROR - Ошибка подключения к БД: could not translate host name "postgres" to address: Name or service not known

2025-09-22 19:01:06,684 - ERROR - Ошибка подключения к БД: could not translate host name "postgres" to address: Name or service not known

2025-09-22 19:01:17,236 - ERROR - Ошибка подключения к БД: could not translate host name "postgres" to address: Name or service not known

2025-09-22 19:01:27,265 - ERROR - Ошибка подключения к БД: could not translate host name "postgres" to address: Name or service not known

2025-09-22 19:27:33,072 - ERROR - Ошибка подключения к БД: could not translate host name "postgres" to address: Name or service not known

2025-09-22 19:27:43,099 - ERROR - Ошибка подключения к БД: could not translate host name "postgres" to address: Name or service not known

2025-09-22 19:27:53,122 - ERROR - Ошибка подключения к БД: could not translate host name "postgres" to address: Name or service not known

2025-09-22 19:43:04,498 - ERROR - Ошибка подключения к БД: could not translate host name "postgres" to address: Name or service not known

2025-09-22 19:43:14,525 - ERROR - Ошибка подключения к БД: could not translate host name "postgres" to address: Name or service not known

2025-09-22 19:43:25,164 - ERROR - Ошибка подключения к БД: could not translate host name "postgres" to address: Name or service not known

2025-09-22 19:58:35,025 - ERROR - Ошибка подключения к БД: could not translate host name "postgres" to address: Name or service not known

2025-09-22 19:58:45,046 - ERROR - Ошибка подключения к БД: could not translate host name "postgres" to address: Name or service not known

2025-09-22 19:58:55,580 - ERROR - Ошибка подключения к БД: could not translate host name "postgres" to address: Name or service not known

2025-09-22 20:14:05,510 - ERROR - Ошибка подключения к БД: could not translate host name "postgres" to address: Name or service not known

2025-09-22 20:14:16,128 - ERROR - Ошибка подключения к БД: could not translate host name "postgres" to address: Name or service not known

2025-09-22 20:14:26,153 - ERROR - Ошибка подключения к БД: could not translate host name "postgres" to address: Name or service not known

2025-09-22 20:29:36,546 - ERROR - Ошибка подключения к БД: could not translate host name "postgres" to address: Name or service not known

2025-09-22 20:29:46,571 - ERROR - Ошибка подключения к БД: could not translate host name "postgres" to address: Name or service not known

2025-09-22 20:29:56,592 - ERROR - Ошибка подключения к БД: could not translate host name "postgres" to address: Name or service not known

2025-09-22 21:00:07,670 - ERROR - Ошибка подключения к БД: could not translate host name "postgres" to address: Name or service not known

2025-09-22 21:00:17,700 - ERROR - Ошибка подключения к БД: could not translate host name "postgres" to address: Name or service not known

2025-09-22 21:00:28,232 - ERROR - Ошибка подключения к БД: could not translate host name "postgres" to address: Name or service not known

2025-09-22 21:15:38,111 - ERROR - Ошибка подключения к БД: could not translate host name "postgres" to address: Name or service not known

2025-09-22 21:15:48,137 - ERROR - Ошибка подключения к БД: could not translate host name "postgres" to address: Name or service not known

2025-09-22 21:15:58,702 - ERROR - Ошибка подключения к БД: could not translate host name "postgres" to address: Name or service not known

2025-09-22 21:31:08,598 - ERROR - Ошибка подключения к БД: could not translate host name "postgres" to address: Name or service not known

2025-09-22 21:31:19,139 - ERROR - Ошибка подключения к БД: could not translate host name "postgres" to address: Name or service not known

2025-09-22 21:31:29,160 - ERROR - Ошибка подключения к БД: could not translate host name "postgres" to address: Name or service not known

2025-09-22 21:46:05,206 - ERROR - Ошибка подключения к БД: could not translate host name "postgres" to address: Name or service not known

2025-09-22 21:46:15,751 - ERROR - Ошибка подключения к БД: could not translate host name "postgres" to address: Name or service not known

2025-09-22 21:46:25,778 - ERROR - Ошибка подключения к БД: could not translate host name "postgres" to address: Name or service not known

2025-09-22 22:01:36,462 - ERROR - Ошибка подключения к БД: could not translate host name "postgres" to address: Name or service not known

2025-09-22 22:01:47,104 - ERROR - Ошибка подключения к БД: could not translate host name "postgres" to address: Name or service not known

2025-09-22 22:16:57,852 - ERROR - Ошибка подключения к БД: could not translate host name "postgres" to address: Name or service not known

2025-09-22 22:17:08,397 - ERROR - Ошибка подключения к БД: could not translate host name "postgres" to address: Name or service not known

2025-09-22 22:17:18,421 - ERROR - Ошибка подключения к БД: could not translate host name "postgres" to address: Name or service not known

2025-09-22 22:47:30,350 - ERROR - Ошибка подключения к БД: could not translate host name "postgres" to address: Name or service not known

2025-09-22 22:47:40,369 - ERROR - Ошибка подключения к БД: could not translate host name "postgres" to address: Name or service not known

2025-09-22 22:47:50,962 - ERROR - Ошибка подключения к БД: could not translate host name "postgres" to address: Name or service not known

2025-09-22 23:03:00,841 - ERROR - Ошибка подключения к БД: could not translate host name "postgres" to address: Name or service not known

2025-09-22 23:03:10,856 - ERROR - Ошибка подключения к БД: could not translate host name "postgres" to address: Name or service not known

2025-09-22 23:03:21,383 - ERROR - Ошибка подключения к БД: could not translate host name "postgres" to address: Name or service not known

2025-09-22 23:18:32,150 - ERROR - Ошибка подключения к БД: could not translate host name "postgres" to address: Name or service not known

2025-09-22 23:18:42,176 - ERROR - Ошибка подключения к БД: could not translate host name "postgres" to address: Name or service not known

2025-09-22 23:18:52,762 - ERROR - Ошибка подключения к БД: could not translate host name "postgres" to address: Name or service not known

2025-09-22 23:34:03,559 - ERROR - Ошибка подключения к БД: could not translate host name "postgres" to address: Name or service not known

2025-09-22 23:34:14,086 - ERROR - Ошибка подключения к БД: could not translate host name "postgres" to address: Name or service not known

2025-09-22 23:34:24,117 - ERROR - Ошибка подключения к БД: could not translate host name "postgres" to address: Name or service not known

2025-09-22 23:49:33,990 - ERROR - Ошибка подключения к БД: could not translate host name "postgres" to address: Name or service not known

2025-09-22 23:49:44,582 - ERROR - Ошибка подключения к БД: could not translate host name "postgres" to address: Name or service not known

2025-09-22 23:49:54,601 - ERROR - Ошибка подключения к БД: could not translate host name "postgres" to address: Name or service not known

2025-09-22 23:58:00,924 - ERROR - Ошибка подключения к БД: could not translate host name "postgres" to address: Name or service not known

2025-09-22 23:58:10,948 - ERROR - Ошибка подключения к БД: could not translate host name "postgres" to address: Name or service not known

2025-09-22 23:58:20,954 - ERROR - Ошибка подключения к БД: could not translate host name "postgres" to address: Name or service not known

2025-09-23 00:13:31,326 - ERROR - Ошибка подключения к БД: could not translate host name "postgres" to address: Name or service not known

2025-09-23 00:13:41,342 - ERROR - Ошибка подключения к БД: could not translate host name "postgres" to address: Name or service not known

2025-09-23 00:13:51,367 - ERROR - Ошибка подключения к БД: could not translate host name "postgres" to address: Name or service not known

2025-09-23 00:28:01,664 - ERROR - Ошибка подключения к БД: could not translate host name "postgres" to address: Name or service not known

2025-09-23 00:28:11,685 - ERROR - Ошибка подключения к БД: could not translate host name "postgres" to address: Name or service not known

2025-09-23 00:28:22,220 - ERROR - Ошибка подключения к БД: could not translate host name "postgres" to address: Name or service not known

2025-09-23 00:47:47,526 - ERROR - Ошибка подключения к БД: could not translate host name "postgres" to address: Name or service not known

2025-09-23 00:47:58,115 - ERROR - Ошибка подключения к БД: could not translate host name "postgres" to address: Name or service not known

2025-09-23 00:48:08,147 - ERROR - Ошибка подключения к БД: could not translate host name "postgres" to address: Name or service not known

2025-09-23 01:07:32,214 - ERROR - Ошибка подключения к БД: could not translate host name "postgres" to address: Name or service not known

2025-09-23 01:07:42,796 - ERROR - Ошибка подключения к БД: could not translate host name "postgres" to address: Name or service not known

2025-09-23 01:07:52,826 - ERROR - Ошибка подключения к БД: could not translate host name "postgres" to address: Name or service not known

2025-09-23 01:23:04,070 - ERROR - Ошибка подключения к БД: could not translate host name "postgres" to address: Name or service not known

2025-09-23 01:23:14,100 - ERROR - Ошибка подключения к БД: could not translate host name "postgres" to address: Name or service not known

2025-09-23 01:23:24,122 - ERROR - Ошибка подключения к БД: could not translate host name "postgres" to address: Name or service not known

2025-09-23 01:38:34,566 - ERROR - Ошибка подключения к БД: could not translate host name "postgres" to address: Name or service not known

2025-09-23 01:38:44,590 - ERROR - Ошибка подключения к БД: could not translate host name "postgres" to address: Name or service not known

2025-09-23 01:38:54,616 - ERROR - Ошибка подключения к БД: could not translate host name "postgres" to address: Name or service not known

2025-09-23 01:54:06,000 - ERROR - Ошибка подключения к БД: could not translate host name "postgres" to address: Name or service not known

2025-09-23 01:54:16,032 - ERROR - Ошибка подключения к БД: could not translate host name "postgres" to address: Name or service not known

2025-09-23 02:09:26,743 - ERROR - Ошибка подключения к БД: could not translate host name "postgres" to address: Name or service not known

2025-09-23 02:09:37,296 - ERROR - Ошибка подключения к БД: could not translate host name "postgres" to address: Name or service not known

2025-09-23 02:09:47,319 - ERROR - Ошибка подключения к БД: could not translate host name "postgres" to address: Name or service not known

2025-09-23 02:24:58,712 - ERROR - Ошибка подключения к БД: could not translate host name "postgres" to address: Name or service not known

2025-09-23 02:25:08,744 - ERROR - Ошибка подключения к БД: could not translate host name "postgres" to address: Name or service not known

2025-09-23 02:25:18,770 - ERROR - Ошибка подключения к БД: could not translate host name "postgres" to address: Name or service not known

2025-09-23 02:55:29,818 - ERROR - Ошибка подключения к БД: could not translate host name "postgres" to address: Name or service not known

2025-09-23 02:55:39,840 - ERROR - Ошибка подключения к БД: could not translate host name "postgres" to address: Name or service not known

2025-09-23 02:55:49,868 - ERROR - Ошибка подключения к БД: could not translate host name "postgres" to address: Name or service not known

2025-09-23 03:11:00,349 - ERROR - Ошибка подключения к БД: could not translate host name "postgres" to address: Name or service not known

2025-09-23 03:11:10,366 - ERROR - Ошибка подключения к БД: could not translate host name "postgres" to address: Name or service not known

2025-09-23 03:11:20,891 - ERROR - Ошибка подключения к БД: could not translate host name "postgres" to address: Name or service not known

2025-09-23 03:19:40,330 - ERROR - Ошибка подключения к БД: could not translate host name "postgres" to address: Name or service not known

2025-09-23 03:19:50,352 - ERROR - Ошибка подключения к БД: could not translate host name "postgres" to address: Name or service not known

2025-09-23 03:20:00,878 - ERROR - Ошибка подключения к БД: could not translate host name "postgres" to address: Name or service not known

2025-09-23 03:35:11,559 - ERROR - Ошибка подключения к БД: could not translate host name "postgres" to address: Name or service not known

2025-09-23 03:35:22,089 - ERROR - Ошибка подключения к БД: could not translate host name "postgres" to address: Name or service not known

2025-09-23 03:35:32,628 - ERROR - Ошибка подключения к БД: could not translate host name "postgres" to address: Name or service not known

2025-09-23 03:54:23,863 - ERROR - Ошибка подключения к БД: could not translate host name "postgres" to address: Name or service not known

2025-09-23 03:54:33,879 - ERROR - Ошибка подключения к БД: could not translate host name "postgres" to address: Name or service not known

2025-09-23 03:54:44,435 - ERROR - Ошибка подключения к БД: could not translate host name "postgres" to address: Name or service not known

2025-09-23 04:09:55,213 - ERROR - Ошибка подключения к БД: could not translate host name "postgres" to address: Name or service not known

2025-09-23 04:10:05,800 - ERROR - Ошибка подключения к БД: could not translate host name "postgres" to address: Name or service not known

2025-09-23 04:15:15,216 - ERROR - Ошибка подключения к БД: could not translate host name "postgres" to address: Temporary failure in name resolution

2025-09-23 04:15:33,233 - ERROR - Ошибка подключения к БД: could not translate host name "postgres" to address: Temporary failure in name resolution

2025-09-23 04:16:20,186 - ERROR - Ошибка подключения к БД: could not translate host name "postgres" to address: Name or service not known

2025-09-23 04:16:30,210 - ERROR - Ошибка подключения к БД: could not translate host name "postgres" to address: Name or service not known

2025-09-23 04:16:40,249 - ERROR - Ошибка подключения к БД: could not translate host name "postgres" to address: Name or service not known

2025-09-23 04:16:52,146 - ERROR - Ошибка подключения к БД: could not translate host name "postgres" to address: Name or service not known

2025-09-23 04:17:02,166 - ERROR - Ошибка подключения к БД: could not translate host name "postgres" to address: Name or service not known

2025-09-23 04:17:12,418 - ERROR - Ошибка подключения к БД: could not translate host name "postgres" to address: Name or service not known

2025-09-23 05:52:57,833 - ERROR - Ошибка подключения к БД: could not translate host name "postgres" to address: Name or service not known

2025-09-23 05:53:07,854 - ERROR - Ошибка подключения к БД: could not translate host name "postgres" to address: Name or service not known

2025-09-23 05:53:17,872 - ERROR - Ошибка подключения к БД: could not translate host name "postgres" to address: Name or service not known

2025-09-23 06:12:13,413 - ERROR - Ошибка подключения к БД: could not translate host name "postgres" to address: Name or service not known

2025-09-23 06:12:24,006 - ERROR - Ошибка подключения к БД: could not translate host name "postgres" to address: Name or service not known

2025-09-23 06:12:34,567 - ERROR - Ошибка подключения к БД: could not translate host name "postgres" to address: Name or service not known

2025-09-23 06:29:20,647 - ERROR - Ошибка подключения к БД: could not translate host name "postgres" to address: Name or service not known

2025-09-23 06:29:30,669 - ERROR - Ошибка подключения к БД: could not translate host name "postgres" to address: Name or service not known

2025-09-23 06:29:40,706 - ERROR - Ошибка подключения к БД: could not translate host name "postgres" to address: Name or service not known

2025-09-23 06:29:50,726 - ERROR - Ошибка подключения к БД: could not translate host name "postgres" to address: Name or service not known

2025-09-23 06:30:00,752 - ERROR - Ошибка подключения к БД: could not translate host name "postgres" to address: Name or service not known

2025-09-23 06:30:10,769 - ERROR - Ошибка подключения к БД: could not translate host name "postgres" to address: Name or service not known

2025-09-23 06:30:20,783 - ERROR - Ошибка подключения к БД: could not translate host name "postgres" to address: Name or service not known

2025-09-23 06:30:30,801 - ERROR - Ошибка подключения к БД: could not translate host name "postgres" to address: Name or service not known

2025-09-23 06:30:40,832 - ERROR - Ошибка подключения к БД: could not translate host name "postgres" to address: Name or service not known

2025-09-23 06:30:50,854 - ERROR - Ошибка подключения к БД: could not translate host name "postgres" to address: Name or service not known

2025-09-23 06:31:00,870 - ERROR - Ошибка подключения к БД: could not translate host name "postgres" to address: Name or service not known

2025-09-23 06:31:10,886 - ERROR - Ошибка подключения к БД: could not translate host name "postgres" to address: Name or service not known

2025-09-23 06:31:20,904 - ERROR - Ошибка подключения к БД: could not translate host name "postgres" to address: Name or service not known

2025-09-23 06:31:30,923 - ERROR - Ошибка подключения к БД: could not translate host name "postgres" to address: Name or service not known

2025-09-23 06:31:40,956 - ERROR - Ошибка подключения к БД: could not translate host name "postgres" to address: Name or service not known

2025-09-23 06:31:50,979 - ERROR - Ошибка подключения к БД: could not translate host name "postgres" to address: Name or service not known

2025-09-23 06:32:01,003 - ERROR - Ошибка подключения к БД: could not translate host name "postgres" to address: Name or service not known

2025-09-23 06:32:11,022 - ERROR - Ошибка подключения к БД: could not translate host name "postgres" to address: Name or service not known

2025-09-23 06:32:21,058 - ERROR - Ошибка подключения к БД: could not translate host name "postgres" to address: Name or service not known

2025-09-23 06:32:31,074 - ERROR - Ошибка подключения к БД: could not translate host name "postgres" to address: Name or service not known

2025-09-23 06:32:41,101 - ERROR - Ошибка подключения к БД: could not translate host name "postgres" to address: Name or service not known

2025-09-23 06:32:51,133 - ERROR - Ошибка подключения к БД: could not translate host name "postgres" to address: Name or service not known

2025-09-23 06:33:01,165 - ERROR - Ошибка подключения к БД: could not translate host name "postgres" to address: Name or service not known

2025-09-23 06:33:11,186 - ERROR - Ошибка подключения к БД: could not translate host name "postgres" to address: Name or service not known

2025-09-23 06:33:21,209 - ERROR - Ошибка подключения к БД: could not translate host name "postgres" to address: Name or service not known

2025-09-23 06:33:31,233 - ERROR - Ошибка подключения к БД: could not translate host name "postgres" to address: Name or service not known

2025-09-23 06:33:41,259 - ERROR - Ошибка подключения к БД: could not translate host name "postgres" to address: Name or service not known

2025-09-23 06:33:51,280 - ERROR - Ошибка подключения к БД: could not translate host name "postgres" to address: Name or service not known

2025-09-23 06:34:01,300 - ERROR - Ошибка подключения к БД: could not translate host name "postgres" to address: Name or service not known

2025-09-23 06:34:11,321 - ERROR - Ошибка подключения к БД: could not translate host name "postgres" to address: Name or service not known

2025-09-23 06:34:21,345 - ERROR - Ошибка подключения к БД: could not translate host name "postgres" to address: Name or service not known

2025-09-23 06:34:31,371 - ERROR - Ошибка подключения к БД: could not translate host name "postgres" to address: Name or service not known

2025-09-23 06:34:41,406 - ERROR - Ошибка подключения к БД: could not translate host name "postgres" to address: Name or service not known

2025-09-23 06:34:51,427 - ERROR - Ошибка подключения к БД: could not translate host name "postgres" to address: Name or service not known

2025-09-23 06:35:01,452 - ERROR - Ошибка подключения к БД: could not translate host name "postgres" to address: Name or service not known

2025-09-23 06:35:11,464 - ERROR - Ошибка подключения к БД: could not translate host name "postgres" to address: Name or service not known

2025-09-23 06:35:21,486 - ERROR - Ошибка подключения к БД: could not translate host name "postgres" to address: Name or service not known

2025-09-23 06:35:31,510 - ERROR - Ошибка подключения к БД: could not translate host name "postgres" to address: Name or service not known

2025-09-23 06:35:41,542 - ERROR - Ошибка подключения к БД: could not translate host name "postgres" to address: Name or service not known

2025-09-23 06:35:51,562 - ERROR - Ошибка подключения к БД: could not translate host name "postgres" to address: Name or service not known

2025-09-23 06:36:01,574 - ERROR - Ошибка подключения к БД: could not translate host name "postgres" to address: Name or service not known

2025-09-23 06:36:11,597 - ERROR - Ошибка подключения к БД: could not translate host name "postgres" to address: Name or service not known

2025-09-23 06:36:21,625 - ERROR - Ошибка подключения к БД: could not translate host name "postgres" to address: Name or service not known

2025-09-23 06:36:31,656 - ERROR - Ошибка подключения к БД: could not translate host name "postgres" to address: Name or service not known

2025-09-23 06:36:41,679 - ERROR - Ошибка подключения к БД: could not translate host name "postgres" to address: Name or service not known

2025-09-23 06:36:51,702 - ERROR - Ошибка подключения к БД: could not translate host name "postgres" to address: Name or service not known

2025-09-23 06:37:01,722 - ERROR - Ошибка подключения к БД: could not translate host name "postgres" to address: Name or service not known

2025-09-23 06:37:11,741 - ERROR - Ошибка подключения к БД: could not translate host name "postgres" to address: Name or service not known

2025-09-23 06:37:21,770 - ERROR - Ошибка подключения к БД: could not translate host name "postgres" to address: Name or service not known

2025-09-23 06:37:31,795 - ERROR - Ошибка подключения к БД: could not translate host name "postgres" to address: Name or service not known

2025-09-23 06:37:41,820 - ERROR - Ошибка подключения к БД: could not translate host name "postgres" to address: Name or service not known

2025-09-23 06:37:51,847 - ERROR - Ошибка подключения к БД: could not translate host name "postgres" to address: Name or service not known

2025-09-23 06:38:01,887 - ERROR - Ошибка подключения к БД: could not translate host name "postgres" to address: Name or service not known

2025-09-23 06:38:11,912 - ERROR - Ошибка подключения к БД: could not translate host name "postgres" to address: Name or service not known

2025-09-23 06:38:21,936 - ERROR - Ошибка подключения к БД: could not translate host name "postgres" to address: Name or service not known

2025-09-23 06:38:31,958 - ERROR - Ошибка подключения к БД: could not translate host name "postgres" to address: Name or service not known

2025-09-23 06:38:41,981 - ERROR - Ошибка подключения к БД: could not translate host name "postgres" to address: Name or service not known

2025-09-23 06:38:52,003 - ERROR - Ошибка подключения к БД: could not translate host name "postgres" to address: Name or service not known

2025-09-23 06:39:02,024 - ERROR - Ошибка подключения к БД: could not translate host name "postgres" to address: Name or service not known

2025-09-23 06:39:12,044 - ERROR - Ошибка подключения к БД: could not translate host name "postgres" to address: Name or service not known

2025-09-23 06:39:22,067 - ERROR - Ошибка подключения к БД: could not translate host name "postgres" to address: Name or service not known

2025-09-23 06:39:32,098 - ERROR - Ошибка подключения к БД: could not translate host name "postgres" to address: Name or service not known

2025-09-23 06:39:42,119 - ERROR - Ошибка подключения к БД: could not translate host name "postgres" to address: Name or service not known

2025-09-23 06:39:52,140 - ERROR - Ошибка подключения к БД: could not translate host name "postgres" to address: Name or service not known

2025-09-23 06:40:02,163 - ERROR - Ошибка подключения к БД: could not translate host name "postgres" to address: Name or service not known

2025-09-23 06:40:12,186 - ERROR - Ошибка подключения к БД: could not translate host name "postgres" to address: Name or service not known

2025-09-23 06:40:22,210 - ERROR - Ошибка подключения к БД: could not translate host name "postgres" to address: Name or service not known

2025-09-23 06:40:32,237 - ERROR - Ошибка подключения к БД: could not translate host name "postgres" to address: Name or service not known

2025-09-23 06:40:42,268 - ERROR - Ошибка подключения к БД: could not translate host name "postgres" to address: Name or service not known

2025-09-23 06:40:52,288 - ERROR - Ошибка подключения к БД: could not translate host name "postgres" to address: Name or service not known

2025-09-23 06:41:02,314 - ERROR - Ошибка подключения к БД: could not translate host name "postgres" to address: Name or service not known

2025-09-23 06:41:12,327 - ERROR - Ошибка подключения к БД: could not translate host name "postgres" to address: Name or service not known

2025-09-23 06:41:22,366 - ERROR - Ошибка подключения к БД: could not translate host name "postgres" to address: Name or service not known

2025-09-23 06:41:32,394 - ERROR - Ошибка подключения к БД: could not translate host name "postgres" to address: Name or service not known

2025-09-23 06:41:42,416 - ERROR - Ошибка подключения к БД: could not translate host name "postgres" to address: Name or service not known

2025-09-23 06:41:52,440 - ERROR - Ошибка подключения к БД: could not translate host name "postgres" to address: Name or service not known

2025-09-23 06:42:02,460 - ERROR - Ошибка подключения к БД: could not translate host name "postgres" to address: Name or service not known

2025-09-23 06:42:12,503 - ERROR - Ошибка подключения к БД: could not translate host name "postgres" to address: Name or service not known

2025-09-23 06:42:22,529 - ERROR - Ошибка подключения к БД: could not translate host name "postgres" to address: Name or service not known

2025-09-23 06:42:32,555 - ERROR - Ошибка подключения к БД: could not translate host name "postgres" to address: Name or service not known

2025-09-23 06:42:42,580 - ERROR - Ошибка подключения к БД: could not translate host name "postgres" to address: Name or service not known

2025-09-23 06:42:52,610 - ERROR - Ошибка подключения к БД: could not translate host name "postgres" to address: Name or service not known

2025-09-23 06:43:02,632 - ERROR - Ошибка подключения к БД: could not translate host name "postgres" to address: Name or service not known

2025-09-23 06:43:12,652 - ERROR - Ошибка подключения к БД: could not translate host name "postgres" to address: Name or service not known

2025-09-23 06:43:22,680 - ERROR - Ошибка подключения к БД: could not translate host name "postgres" to address: Name or service not known

2025-09-23 06:43:32,697 - ERROR - Ошибка подключения к БД: could not translate host name "postgres" to address: Name or service not known

2025-09-23 06:43:42,728 - ERROR - Ошибка подключения к БД: could not translate host name "postgres" to address: Name or service not known

2025-09-23 06:43:52,746 - ERROR - Ошибка подключения к БД: could not translate host name "postgres" to address: Name or service not known

2025-09-23 06:44:02,765 - ERROR - Ошибка подключения к БД: could not translate host name "postgres" to address: Name or service not known

2025-09-23 06:44:12,789 - ERROR - Ошибка подключения к БД: could not translate host name "postgres" to address: Name or service not known

2025-09-23 06:44:22,811 - ERROR - Ошибка подключения к БД: could not translate host name "postgres" to address: Name or service not known

2025-09-23 06:44:32,847 - ERROR - Ошибка подключения к БД: could not translate host name "postgres" to address: Name or service not known

2025-09-23 06:44:42,868 - ERROR - Ошибка подключения к БД: could not translate host name "postgres" to address: Name or service not known

2025-09-23 06:44:52,889 - ERROR - Ошибка подключения к БД: could not translate host name "postgres" to address: Name or service not known

2025-09-23 06:45:02,911 - ERROR - Ошибка подключения к БД: could not translate host name "postgres" to address: Name or service not known

2025-09-23 06:45:12,934 - ERROR - Ошибка подключения к БД: could not translate host name "postgres" to address: Name or service not known

2025-09-23 06:45:22,960 - ERROR - Ошибка подключения к БД: could not translate host name "postgres" to address: Name or service not known

2025-09-23 06:45:32,975 - ERROR - Ошибка подключения к БД: could not translate host name "postgres" to address: Name or service not known

2025-09-23 06:45:42,997 - ERROR - Ошибка подключения к БД: could not translate host name "postgres" to address: Name or service not known

2025-09-23 06:45:53,014 - ERROR - Ошибка подключения к БД: could not translate host name "postgres" to address: Name or service not known

2025-09-23 06:46:03,032 - ERROR - Ошибка подключения к БД: could not translate host name "postgres" to address: Name or service not known

2025-09-23 06:46:13,058 - ERROR - Ошибка подключения к БД: could not translate host name "postgres" to address: Name or service not known

2025-09-23 06:46:23,094 - ERROR - Ошибка подключения к БД: could not translate host name "postgres" to address: Name or service not known

2025-09-23 06:46:33,119 - ERROR - Ошибка подключения к БД: could not translate host name "postgres" to address: Name or service not known

2025-09-23 06:46:43,141 - ERROR - Ошибка подключения к БД: could not translate host name "postgres" to address: Name or service not known

2025-09-23 06:46:53,161 - ERROR - Ошибка подключения к БД: could not translate host name "postgres" to address: Name or service not known

2025-09-23 06:47:03,179 - ERROR - Ошибка подключения к БД: could not translate host name "postgres" to address: Name or service not known

2025-09-23 06:47:13,215 - ERROR - Ошибка подключения к БД: could not translate host name "postgres" to address: Name or service not known

2025-09-23 06:47:23,237 - ERROR - Ошибка подключения к БД: could not translate host name "postgres" to address: Name or service not known

2025-09-23 06:47:33,260 - ERROR - Ошибка подключения к БД: could not translate host name "postgres" to address: Name or service not known

2025-09-23 06:47:43,287 - ERROR - Ошибка подключения к БД: could not translate host name "postgres" to address: Name or service not known

2025-09-23 06:47:53,309 - ERROR - Ошибка подключения к БД: could not translate host name "postgres" to address: Name or service not known

2025-09-23 06:48:03,331 - ERROR - Ошибка подключения к БД: could not translate host name "postgres" to address: Name or service not known

2025-09-23 06:48:13,354 - ERROR - Ошибка подключения к БД: could not translate host name "postgres" to address: Name or service not known

2025-09-23 06:48:23,378 - ERROR - Ошибка подключения к БД: could not translate host name "postgres" to address: Name or service not known

2025-09-23 06:48:33,399 - ERROR - Ошибка подключения к БД: could not translate host name "postgres" to address: Name or service not known

2025-09-23 06:48:43,418 - ERROR - Ошибка подключения к БД: could not translate host name "postgres" to address: Name or service not known

2025-09-23 06:48:53,436 - ERROR - Ошибка подключения к БД: could not translate host name "postgres" to address: Name or service not known

2025-09-23 06:49:03,458 - ERROR - Ошибка подключения к БД: could not translate host name "postgres" to address: Name or service not known

2025-09-23 06:49:13,497 - ERROR - Ошибка подключения к БД: could not translate host name "postgres" to address: Name or service not known

2025-09-23 06:49:23,516 - ERROR - Ошибка подключения к БД: could not translate host name "postgres" to address: Name or service not known

